original_split,data
train,/imgs/sh/t1/L81_892911_780455.jpg /imgs/sh/t2/L81_892911_780455.jpg /labels_unch0ch1ig255/sh/t1VSt2/L81_892911_780455.png /building_labels/sh/t1/L81_892911_780455.png /building_labels/sh/t2/L81_892911_780455.png /offset_st_resize256/sh/t1/L81_892911_780455.tif /offset_st_resize256/sh/t2/L81_892911_780455.tif /flow_btv3_resize256/sh/t1VSt2/L81_892911_780455.tif
val,/imgs/sh/t2/L81_892807_780495.jpg /imgs/sh/t3/L81_892807_780495.jpg /labels/sh/t2VSt3/L81_892807_780495.png /building_labels/sh/t2/L81_892807_780495.png /building_labels/sh/t3/L81_892807_780495.png /offset_st_resize256/sh/t2/L81_892807_780495.tif /offset_st_resize256/sh/t3/L81_892807_780495.tif /flow_btv3_resize256/sh/t2VSt3/L81_892807_780495.tif
train,/imgs/bj/t2/L81_00823_784199.jpg /imgs/bj/t3/L81_00823_784199.jpg /labels_unch0ch1ig255/bj/t2VSt3/L81_00823_784199.png /building_labels/bj/t2/L81_00823_784199.png /building_labels/bj/t3/L81_00823_784199.png /offset_st_resize256/bj/t2/L81_00823_784199.tif /offset_st_resize256/bj/t3/L81_00823_784199.tif /flow_btv3_resize256/bj/t2VSt3/L81_00823_784199.tif
train,/imgs/bj/t1/L81_00711_784191.jpg /imgs/bj/t3/L81_00711_784191.jpg /labels_unch0ch1ig255/bj/t1VSt3/L81_00711_784191.png /building_labels/bj/t1/L81_00711_784191.png /building_labels/bj/t3/L81_00711_784191.png /offset_st_resize256/bj/t1/L81_00711_784191.tif /offset_st_resize256/bj/t3/L81_00711_784191.tif /flow_btv3_resize256/bj/t1VSt3/L81_00711_784191.tif
train,/imgs/bj/t1/L81_00671_783975.jpg /imgs/bj/t3/L81_00671_783975.jpg /labels_unch0ch1ig255/bj/t1VSt3/L81_00671_783975.png /building_labels/bj/t1/L81_00671_783975.png /building_labels/bj/t3/L81_00671_783975.png /offset_st_resize256/bj/t1/L81_00671_783975.tif /offset_st_resize256/bj/t3/L81_00671_783975.tif /flow_btv3_resize256/bj/t1VSt3/L81_00671_783975.tif
train,/imgs/sh/t2/L81_892783_780511.jpg /imgs/sh/t3/L81_892783_780511.jpg /labels_unch0ch1ig255/sh/t2VSt3/L81_892783_780511.png /building_labels/sh/t2/L81_892783_780511.png /building_labels/sh/t3/L81_892783_780511.png /offset_st_resize256/sh/t2/L81_892783_780511.tif /offset_st_resize256/sh/t3/L81_892783_780511.tif /flow_btv3_resize256/sh/t2VSt3/L81_892783_780511.tif
val,/imgs/bj/t1/L81_00711_784199.jpg /imgs/bj/t3/L81_00711_784199.jpg /labels/bj/t1VSt3/L81_00711_784199.png /building_labels/bj/t1/L81_00711_784199.png /building_labels/bj/t3/L81_00711_784199.png /offset_st_resize256/bj/t1/L81_00711_784199.tif /offset_st_resize256/bj/t3/L81_00711_784199.tif /flow_btv3_resize256/bj/t1VSt3/L81_00711_784199.tif
train,/imgs/bj/t1/L81_00679_784303.jpg /imgs/bj/t3/L81_00679_784303.jpg /labels_unch0ch1ig255/bj/t1VSt3/L81_00679_784303.png /building_labels/bj/t1/L81_00679_784303.png /building_labels/bj/t3/L81_00679_784303.png /offset_st_resize256/bj/t1/L81_00679_784303.tif /offset_st_resize256/bj/t3/L81_00679_784303.tif /flow_btv3_resize256/bj/t1VSt3/L81_00679_784303.tif
train,/imgs/bj/t1/L81_00831_784055.jpg /imgs/bj/t3/L81_00831_784055.jpg /labels_unch0ch1ig255/bj/t1VSt3/L81_00831_784055.png /building_labels/bj/t1/L81_00831_784055.png /building_labels/bj/t3/L81_00831_784055.png /offset_st_resize256/bj/t1/L81_00831_784055.tif /offset_st_resize256/bj/t3/L81_00831_784055.tif /flow_btv3_resize256/bj/t1VSt3/L81_00831_784055.tif
test,/imgs/bj/t2/L81_00663_783967.jpg /imgs/bj/t3/L81_00663_783967.jpg /labels_unch0ch1ig255/bj/t2VSt3/L81_00663_783967.png /building_labels/bj/t2/L81_00663_783967.png /building_labels/bj/t3/L81_00663_783967.png
train,/imgs/bj/t1/L81_00839_784263.jpg /imgs/bj/t3/L81_00839_784263.jpg /labels_unch0ch1ig255/bj/t1VSt3/L81_00839_784263.png /building_labels/bj/t1/L81_00839_784263.png /building_labels/bj/t3/L81_00839_784263.png /offset_st_resize256/bj/t1/L81_00839_784263.tif /offset_st_resize256/bj/t3/L81_00839_784263.tif /flow_btv3_resize256/bj/t1VSt3/L81_00839_784263.tif
train,/imgs/bj/t1/L81_00663_784135.jpg /imgs/bj/t3/L81_00663_784135.jpg /labels_unch0ch1ig255/bj/t1VSt3/L81_00663_784135.png /building_labels/bj/t1/L81_00663_784135.png /building_labels/bj/t3/L81_00663_784135.png /offset_st_resize256/bj/t1/L81_00663_784135.tif /offset_st_resize256/bj/t3/L81_00663_784135.tif /flow_btv3_resize256/bj/t1VSt3/L81_00663_784135.tif
train,/imgs/bj/t1/L81_00655_784159.jpg /imgs/bj/t2/L81_00655_784159.jpg /labels_unch0ch1ig255/bj/t1VSt2/L81_00655_784159.png /building_labels/bj/t1/L81_00655_784159.png /building_labels/bj/t2/L81_00655_784159.png /offset_st_resize256/bj/t1/L81_00655_784159.tif /offset_st_resize256/bj/t2/L81_00655_784159.tif /flow_btv3_resize256/bj/t1VSt2/L81_00655_784159.tif
train,/imgs/sh/t2/L81_892927_780479.jpg /imgs/sh/t3/L81_892927_780479.jpg /labels_unch0ch1ig255/sh/t2VSt3/L81_892927_780479.png /building_labels/sh/t2/L81_892927_780479.png /building_labels/sh/t3/L81_892927_780479.png /offset_st_resize256/sh/t2/L81_892927_780479.tif /offset_st_resize256/sh/t3/L81_892927_780479.tif /flow_btv3_resize256/sh/t2VSt3/L81_892927_780479.tif
train,/imgs/sh/t2/L81_892863_780479.jpg /imgs/sh/t3/L81_892863_780479.jpg /labels_unch0ch1ig255/sh/t2VSt3/L81_892863_780479.png /building_labels/sh/t2/L81_892863_780479.png /building_labels/sh/t3/L81_892863_780479.png /offset_st_resize256/sh/t2/L81_892863_780479.tif /offset_st_resize256/sh/t3/L81_892863_780479.tif /flow_btv3_resize256/sh/t2VSt3/L81_892863_780479.tif
val,/imgs/sh/t2/L81_892823_780471.jpg /imgs/sh/t3/L81_892823_780471.jpg /labels/sh/t2VSt3/L81_892823_780471.png /building_labels/sh/t2/L81_892823_780471.png /building_labels/sh/t3/L81_892823_780471.png /offset_st_resize256/sh/t2/L81_892823_780471.tif /offset_st_resize256/sh/t3/L81_892823_780471.tif /flow_btv3_resize256/sh/t2VSt3/L81_892823_780471.tif
train,/imgs/sh/t2/L81_892879_780519.jpg /imgs/sh/t3/L81_892879_780519.jpg /labels_unch0ch1ig255/sh/t2VSt3/L81_892879_780519.png /building_labels/sh/t2/L81_892879_780519.png /building_labels/sh/t3/L81_892879_780519.png /offset_st_resize256/sh/t2/L81_892879_780519.tif /offset_st_resize256/sh/t3/L81_892879_780519.tif /flow_btv3_resize256/sh/t2VSt3/L81_892879_780519.tif
train,/imgs/sh/t1/L81_892919_780527.jpg /imgs/sh/t2/L81_892919_780527.jpg /labels_unch0ch1ig255/sh/t1VSt2/L81_892919_780527.png /building_labels/sh/t1/L81_892919_780527.png /building_labels/sh/t2/L81_892919_780527.png /offset_st_resize256/sh/t1/L81_892919_780527.tif /offset_st_resize256/sh/t2/L81_892919_780527.tif /flow_btv3_resize256/sh/t1VSt2/L81_892919_780527.tif
train,/imgs/sh/t1/L81_892887_780447.jpg /imgs/sh/t3/L81_892887_780447.jpg /labels_unch0ch1ig255/sh/t1VSt3/L81_892887_780447.png /building_labels/sh/t1/L81_892887_780447.png /building_labels/sh/t3/L81_892887_780447.png /offset_st_resize256/sh/t1/L81_892887_780447.tif /offset_st_resize256/sh/t3/L81_892887_780447.tif /flow_btv3_resize256/sh/t1VSt3/L81_892887_780447.tif
test,/imgs/bj/t2/L81_00887_784127.jpg /imgs/bj/t3/L81_00887_784127.jpg /labels_unch0ch1ig255/bj/t2VSt3/L81_00887_784127.png /building_labels/bj/t2/L81_00887_784127.png /building_labels/bj/t3/L81_00887_784127.png
train,/imgs/sh/t2/L81_892799_780439.jpg /imgs/sh/t3/L81_892799_780439.jpg /labels_unch0ch1ig255/sh/t2VSt3/L81_892799_780439.png /building_labels/sh/t2/L81_892799_780439.png /building_labels/sh/t3/L81_892799_780439.png /offset_st_resize256/sh/t2/L81_892799_780439.tif /offset_st_resize256/sh/t3/L81_892799_780439.tif /flow_btv3_resize256/sh/t2VSt3/L81_892799_780439.tif
train,/imgs/bj/t2/L81_00967_784335.jpg /imgs/bj/t3/L81_00967_784335.jpg /labels_unch0ch1ig255/bj/t2VSt3/L81_00967_784335.png /building_labels/bj/t2/L81_00967_784335.png /building_labels/bj/t3/L81_00967_784335.png /offset_st_resize256/bj/t2/L81_00967_784335.tif /offset_st_resize256/bj/t3/L81_00967_784335.tif /flow_btv3_resize256/bj/t2VSt3/L81_00967_784335.tif
train,/imgs/sh/t1/L81_892911_780439.jpg /imgs/sh/t2/L81_892911_780439.jpg /labels_unch0ch1ig255/sh/t1VSt2/L81_892911_780439.png /building_labels/sh/t1/L81_892911_780439.png /building_labels/sh/t2/L81_892911_780439.png /offset_st_resize256/sh/t1/L81_892911_780439.tif /offset_st_resize256/sh/t2/L81_892911_780439.tif /flow_btv3_resize256/sh/t1VSt2/L81_892911_780439.tif
test,/imgs/bj/t2/L81_00871_783975.jpg /imgs/bj/t3/L81_00871_783975.jpg /labels_unch0ch1ig255/bj/t2VSt3/L81_00871_783975.png /building_labels/bj/t2/L81_00871_783975.png /building_labels/bj/t3/L81_00871_783975.png
train,/imgs/bj/t1/L81_00655_784159.jpg /imgs/bj/t3/L81_00655_784159.jpg /labels_unch0ch1ig255/bj/t1VSt3/L81_00655_784159.png /building_labels/bj/t1/L81_00655_784159.png /building_labels/bj/t3/L81_00655_784159.png /offset_st_resize256/bj/t1/L81_00655_784159.tif /offset_st_resize256/bj/t3/L81_00655_784159.tif /flow_btv3_resize256/bj/t1VSt3/L81_00655_784159.tif
train,/imgs/sh/t1/L81_892791_780511.jpg /imgs/sh/t2/L81_892791_780511.jpg /labels_unch0ch1ig255/sh/t1VSt2/L81_892791_780511.png /building_labels/sh/t1/L81_892791_780511.png /building_labels/sh/t2/L81_892791_780511.png /offset_st_resize256/sh/t1/L81_892791_780511.tif /offset_st_resize256/sh/t2/L81_892791_780511.tif /flow_btv3_resize256/sh/t1VSt2/L81_892791_780511.tif
train,/imgs/sh/t2/L81_892863_780455.jpg /imgs/sh/t3/L81_892863_780455.jpg /labels_unch0ch1ig255/sh/t2VSt3/L81_892863_780455.png /building_labels/sh/t2/L81_892863_780455.png /building_labels/sh/t3/L81_892863_780455.png /offset_st_resize256/sh/t2/L81_892863_780455.tif /offset_st_resize256/sh/t3/L81_892863_780455.tif /flow_btv3_resize256/sh/t2VSt3/L81_892863_780455.tif
train,/imgs/bj/t1/L81_00679_784183.jpg /imgs/bj/t2/L81_00679_784183.jpg /labels_unch0ch1ig255/bj/t1VSt2/L81_00679_784183.png /building_labels/bj/t1/L81_00679_784183.png /building_labels/bj/t2/L81_00679_784183.png /offset_st_resize256/bj/t1/L81_00679_784183.tif /offset_st_resize256/bj/t2/L81_00679_784183.tif /flow_btv3_resize256/bj/t1VSt2/L81_00679_784183.tif
train,/imgs/sh/t1/L81_892927_780439.jpg /imgs/sh/t2/L81_892927_780439.jpg /labels_unch0ch1ig255/sh/t1VSt2/L81_892927_780439.png /building_labels/sh/t1/L81_892927_780439.png /building_labels/sh/t2/L81_892927_780439.png /offset_st_resize256/sh/t1/L81_892927_780439.tif /offset_st_resize256/sh/t2/L81_892927_780439.tif /flow_btv3_resize256/sh/t1VSt2/L81_892927_780439.tif
test,/imgs/sh/t2/L81_892807_780463.jpg /imgs/sh/t3/L81_892807_780463.jpg /labels_unch0ch1ig255/sh/t2VSt3/L81_892807_780463.png /building_labels/sh/t2/L81_892807_780463.png /building_labels/sh/t3/L81_892807_780463.png
train,/imgs/sh/t1/L81_892791_780423.jpg /imgs/sh/t3/L81_892791_780423.jpg /labels_unch0ch1ig255/sh/t1VSt3/L81_892791_780423.png /building_labels/sh/t1/L81_892791_780423.png /building_labels/sh/t3/L81_892791_780423.png /offset_st_resize256/sh/t1/L81_892791_780423.tif /offset_st_resize256/sh/t3/L81_892791_780423.tif /flow_btv3_resize256/sh/t1VSt3/L81_892791_780423.tif
val,/imgs/sh/t2/L81_892815_780439.jpg /imgs/sh/t3/L81_892815_780439.jpg /labels/sh/t2VSt3/L81_892815_780439.png /building_labels/sh/t2/L81_892815_780439.png /building_labels/sh/t3/L81_892815_780439.png /offset_st_resize256/sh/t2/L81_892815_780439.tif /offset_st_resize256/sh/t3/L81_892815_780439.tif /flow_btv3_resize256/sh/t2VSt3/L81_892815_780439.tif
train,/imgs/bj/t1/L81_00847_784103.jpg /imgs/bj/t2/L81_00847_784103.jpg /labels_unch0ch1ig255/bj/t1VSt2/L81_00847_784103.png /building_labels/bj/t1/L81_00847_784103.png /building_labels/bj/t2/L81_00847_784103.png /offset_st_resize256/bj/t1/L81_00847_784103.tif /offset_st_resize256/bj/t2/L81_00847_784103.tif /flow_btv3_resize256/bj/t1VSt2/L81_00847_784103.tif
test,/imgs/bj/t1/L81_00815_784271.jpg /imgs/bj/t3/L81_00815_784271.jpg /labels_unch0ch1ig255/bj/t1VSt3/L81_00815_784271.png /building_labels/bj/t1/L81_00815_784271.png /building_labels/bj/t3/L81_00815_784271.png
val,/imgs/bj/t2/L81_00639_784095.jpg /imgs/bj/t3/L81_00639_784095.jpg /labels/bj/t2VSt3/L81_00639_784095.png /building_labels/bj/t2/L81_00639_784095.png /building_labels/bj/t3/L81_00639_784095.png /offset_st_resize256/bj/t2/L81_00639_784095.tif /offset_st_resize256/bj/t3/L81_00639_784095.tif /flow_btv3_resize256/bj/t2VSt3/L81_00639_784095.tif
train,/imgs/bj/t2/L81_00663_784023.jpg /imgs/bj/t3/L81_00663_784023.jpg /labels_unch0ch1ig255/bj/t2VSt3/L81_00663_784023.png /building_labels/bj/t2/L81_00663_784023.png /building_labels/bj/t3/L81_00663_784023.png /offset_st_resize256/bj/t2/L81_00663_784023.tif /offset_st_resize256/bj/t3/L81_00663_784023.tif /flow_btv3_resize256/bj/t2VSt3/L81_00663_784023.tif
val,/imgs/sh/t1/L81_892919_780519.jpg /imgs/sh/t2/L81_892919_780519.jpg /labels/sh/t1VSt2/L81_892919_780519.png /building_labels/sh/t1/L81_892919_780519.png /building_labels/sh/t2/L81_892919_780519.png /offset_st_resize256/sh/t1/L81_892919_780519.tif /offset_st_resize256/sh/t2/L81_892919_780519.tif /flow_btv3_resize256/sh/t1VSt2/L81_892919_780519.tif
train,/imgs/sh/t2/L81_892871_780511.jpg /imgs/sh/t3/L81_892871_780511.jpg /labels_unch0ch1ig255/sh/t2VSt3/L81_892871_780511.png /building_labels/sh/t2/L81_892871_780511.png /building_labels/sh/t3/L81_892871_780511.png /offset_st_resize256/sh/t2/L81_892871_780511.tif /offset_st_resize256/sh/t3/L81_892871_780511.tif /flow_btv3_resize256/sh/t2VSt3/L81_892871_780511.tif
val,/imgs/bj/t1/L81_00847_784079.jpg /imgs/bj/t3/L81_00847_784079.jpg /labels/bj/t1VSt3/L81_00847_784079.png /building_labels/bj/t1/L81_00847_784079.png /building_labels/bj/t3/L81_00847_784079.png /offset_st_resize256/bj/t1/L81_00847_784079.tif /offset_st_resize256/bj/t3/L81_00847_784079.tif /flow_btv3_resize256/bj/t1VSt3/L81_00847_784079.tif
train,/imgs/bj/t1/L81_00711_784167.jpg /imgs/bj/t2/L81_00711_784167.jpg /labels_unch0ch1ig255/bj/t1VSt2/L81_00711_784167.png /building_labels/bj/t1/L81_00711_784167.png /building_labels/bj/t2/L81_00711_784167.png /offset_st_resize256/bj/t1/L81_00711_784167.tif /offset_st_resize256/bj/t2/L81_00711_784167.tif /flow_btv3_resize256/bj/t1VSt2/L81_00711_784167.tif
train,/imgs/bj/t1/L81_00639_784159.jpg /imgs/bj/t2/L81_00639_784159.jpg /labels_unch0ch1ig255/bj/t1VSt2/L81_00639_784159.png /building_labels/bj/t1/L81_00639_784159.png /building_labels/bj/t2/L81_00639_784159.png /offset_st_resize256/bj/t1/L81_00639_784159.tif /offset_st_resize256/bj/t2/L81_00639_784159.tif /flow_btv3_resize256/bj/t1VSt2/L81_00639_784159.tif
train,/imgs/bj/t1/L81_00663_784119.jpg /imgs/bj/t2/L81_00663_784119.jpg /labels_unch0ch1ig255/bj/t1VSt2/L81_00663_784119.png /building_labels/bj/t1/L81_00663_784119.png /building_labels/bj/t2/L81_00663_784119.png /offset_st_resize256/bj/t1/L81_00663_784119.tif /offset_st_resize256/bj/t2/L81_00663_784119.tif /flow_btv3_resize256/bj/t1VSt2/L81_00663_784119.tif
train,/imgs/bj/t2/L81_00847_784263.jpg /imgs/bj/t3/L81_00847_784263.jpg /labels_unch0ch1ig255/bj/t2VSt3/L81_00847_784263.png /building_labels/bj/t2/L81_00847_784263.png /building_labels/bj/t3/L81_00847_784263.png /offset_st_resize256/bj/t2/L81_00847_784263.tif /offset_st_resize256/bj/t3/L81_00847_784263.tif /flow_btv3_resize256/bj/t2VSt3/L81_00847_784263.tif
train,/imgs/sh/t1/L81_892879_780503.jpg /imgs/sh/t2/L81_892879_780503.jpg /labels_unch0ch1ig255/sh/t1VSt2/L81_892879_780503.png /building_labels/sh/t1/L81_892879_780503.png /building_labels/sh/t2/L81_892879_780503.png /offset_st_resize256/sh/t1/L81_892879_780503.tif /offset_st_resize256/sh/t2/L81_892879_780503.tif /flow_btv3_resize256/sh/t1VSt2/L81_892879_780503.tif
train,/imgs/bj/t1/L81_00687_784175.jpg /imgs/bj/t3/L81_00687_784175.jpg /labels_unch0ch1ig255/bj/t1VSt3/L81_00687_784175.png /building_labels/bj/t1/L81_00687_784175.png /building_labels/bj/t3/L81_00687_784175.png /offset_st_resize256/bj/t1/L81_00687_784175.tif /offset_st_resize256/bj/t3/L81_00687_784175.tif /flow_btv3_resize256/bj/t1VSt3/L81_00687_784175.tif
train,/imgs/sh/t2/L81_892919_780455.jpg /imgs/sh/t3/L81_892919_780455.jpg /labels_unch0ch1ig255/sh/t2VSt3/L81_892919_780455.png /building_labels/sh/t2/L81_892919_780455.png /building_labels/sh/t3/L81_892919_780455.png /offset_st_resize256/sh/t2/L81_892919_780455.tif /offset_st_resize256/sh/t3/L81_892919_780455.tif /flow_btv3_resize256/sh/t2VSt3/L81_892919_780455.tif
train,/imgs/bj/t1/L81_00639_783967.jpg /imgs/bj/t2/L81_00639_783967.jpg /labels_unch0ch1ig255/bj/t1VSt2/L81_00639_783967.png /building_labels/bj/t1/L81_00639_783967.png /building_labels/bj/t2/L81_00639_783967.png /offset_st_resize256/bj/t1/L81_00639_783967.tif /offset_st_resize256/bj/t2/L81_00639_783967.tif /flow_btv3_resize256/bj/t1VSt2/L81_00639_783967.tif
train,/imgs/bj/t1/L81_00863_784135.jpg /imgs/bj/t2/L81_00863_784135.jpg /labels_unch0ch1ig255/bj/t1VSt2/L81_00863_784135.png /building_labels/bj/t1/L81_00863_784135.png /building_labels/bj/t2/L81_00863_784135.png /offset_st_resize256/bj/t1/L81_00863_784135.tif /offset_st_resize256/bj/t2/L81_00863_784135.tif /flow_btv3_resize256/bj/t1VSt2/L81_00863_784135.tif
val,/imgs/sh/t1/L81_892927_780503.jpg /imgs/sh/t3/L81_892927_780503.jpg /labels/sh/t1VSt3/L81_892927_780503.png /building_labels/sh/t1/L81_892927_780503.png /building_labels/sh/t3/L81_892927_780503.png /offset_st_resize256/sh/t1/L81_892927_780503.tif /offset_st_resize256/sh/t3/L81_892927_780503.tif /flow_btv3_resize256/sh/t1VSt3/L81_892927_780503.tif
train,/imgs/bj/t2/L81_00671_784199.jpg /imgs/bj/t3/L81_00671_784199.jpg /labels_unch0ch1ig255/bj/t2VSt3/L81_00671_784199.png /building_labels/bj/t2/L81_00671_784199.png /building_labels/bj/t3/L81_00671_784199.png /offset_st_resize256/bj/t2/L81_00671_784199.tif /offset_st_resize256/bj/t3/L81_00671_784199.tif /flow_btv3_resize256/bj/t2VSt3/L81_00671_784199.tif
train,/imgs/bj/t1/L81_00663_784079.jpg /imgs/bj/t3/L81_00663_784079.jpg /labels_unch0ch1ig255/bj/t1VSt3/L81_00663_784079.png /building_labels/bj/t1/L81_00663_784079.png /building_labels/bj/t3/L81_00663_784079.png /offset_st_resize256/bj/t1/L81_00663_784079.tif /offset_st_resize256/bj/t3/L81_00663_784079.tif /flow_btv3_resize256/bj/t1VSt3/L81_00663_784079.tif
train,/imgs/bj/t1/L81_00911_784271.jpg /imgs/bj/t3/L81_00911_784271.jpg /labels_unch0ch1ig255/bj/t1VSt3/L81_00911_784271.png /building_labels/bj/t1/L81_00911_784271.png /building_labels/bj/t3/L81_00911_784271.png /offset_st_resize256/bj/t1/L81_00911_784271.tif /offset_st_resize256/bj/t3/L81_00911_784271.tif /flow_btv3_resize256/bj/t1VSt3/L81_00911_784271.tif
val,/imgs/sh/t1/L81_892831_780447.jpg /imgs/sh/t2/L81_892831_780447.jpg /labels/sh/t1VSt2/L81_892831_780447.png /building_labels/sh/t1/L81_892831_780447.png /building_labels/sh/t2/L81_892831_780447.png /offset_st_resize256/sh/t1/L81_892831_780447.tif /offset_st_resize256/sh/t2/L81_892831_780447.tif /flow_btv3_resize256/sh/t1VSt2/L81_892831_780447.tif
train,/imgs/sh/t1/L81_892887_780511.jpg /imgs/sh/t2/L81_892887_780511.jpg /labels_unch0ch1ig255/sh/t1VSt2/L81_892887_780511.png /building_labels/sh/t1/L81_892887_780511.png /building_labels/sh/t2/L81_892887_780511.png /offset_st_resize256/sh/t1/L81_892887_780511.tif /offset_st_resize256/sh/t2/L81_892887_780511.tif /flow_btv3_resize256/sh/t1VSt2/L81_892887_780511.tif
train,/imgs/bj/t1/L81_00831_784215.jpg /imgs/bj/t2/L81_00831_784215.jpg /labels_unch0ch1ig255/bj/t1VSt2/L81_00831_784215.png /building_labels/bj/t1/L81_00831_784215.png /building_labels/bj/t2/L81_00831_784215.png /offset_st_resize256/bj/t1/L81_00831_784215.tif /offset_st_resize256/bj/t2/L81_00831_784215.tif /flow_btv3_resize256/bj/t1VSt2/L81_00831_784215.tif
train,/imgs/bj/t2/L81_00815_784215.jpg /imgs/bj/t3/L81_00815_784215.jpg /labels_unch0ch1ig255/bj/t2VSt3/L81_00815_784215.png /building_labels/bj/t2/L81_00815_784215.png /building_labels/bj/t3/L81_00815_784215.png /offset_st_resize256/bj/t2/L81_00815_784215.tif /offset_st_resize256/bj/t3/L81_00815_784215.tif /flow_btv3_resize256/bj/t2VSt3/L81_00815_784215.tif
train,/imgs/bj/t2/L81_00639_783983.jpg /imgs/bj/t3/L81_00639_783983.jpg /labels_unch0ch1ig255/bj/t2VSt3/L81_00639_783983.png /building_labels/bj/t2/L81_00639_783983.png /building_labels/bj/t3/L81_00639_783983.png /offset_st_resize256/bj/t2/L81_00639_783983.tif /offset_st_resize256/bj/t3/L81_00639_783983.tif /flow_btv3_resize256/bj/t2VSt3/L81_00639_783983.tif
test,/imgs/sh/t2/L81_892815_780423.jpg /imgs/sh/t3/L81_892815_780423.jpg /labels_unch0ch1ig255/sh/t2VSt3/L81_892815_780423.png /building_labels/sh/t2/L81_892815_780423.png /building_labels/sh/t3/L81_892815_780423.png
train,/imgs/sh/t2/L81_892927_780439.jpg /imgs/sh/t3/L81_892927_780439.jpg /labels_unch0ch1ig255/sh/t2VSt3/L81_892927_780439.png /building_labels/sh/t2/L81_892927_780439.png /building_labels/sh/t3/L81_892927_780439.png /offset_st_resize256/sh/t2/L81_892927_780439.tif /offset_st_resize256/sh/t3/L81_892927_780439.tif /flow_btv3_resize256/sh/t2VSt3/L81_892927_780439.tif
train,/imgs/sh/t2/L81_892831_780511.jpg /imgs/sh/t3/L81_892831_780511.jpg /labels_unch0ch1ig255/sh/t2VSt3/L81_892831_780511.png /building_labels/sh/t2/L81_892831_780511.png /building_labels/sh/t3/L81_892831_780511.png /offset_st_resize256/sh/t2/L81_892831_780511.tif /offset_st_resize256/sh/t3/L81_892831_780511.tif /flow_btv3_resize256/sh/t2VSt3/L81_892831_780511.tif
train,/imgs/bj/t2/L81_00687_784279.jpg /imgs/bj/t3/L81_00687_784279.jpg /labels_unch0ch1ig255/bj/t2VSt3/L81_00687_784279.png /building_labels/bj/t2/L81_00687_784279.png /building_labels/bj/t3/L81_00687_784279.png /offset_st_resize256/bj/t2/L81_00687_784279.tif /offset_st_resize256/bj/t3/L81_00687_784279.tif /flow_btv3_resize256/bj/t2VSt3/L81_00687_784279.tif
test,/imgs/bj/t1/L81_00839_784247.jpg /imgs/bj/t2/L81_00839_784247.jpg /labels_unch0ch1ig255/bj/t1VSt2/L81_00839_784247.png /building_labels/bj/t1/L81_00839_784247.png /building_labels/bj/t2/L81_00839_784247.png
train,/imgs/bj/t1/L81_00679_784335.jpg /imgs/bj/t2/L81_00679_784335.jpg /labels_unch0ch1ig255/bj/t1VSt2/L81_00679_784335.png /building_labels/bj/t1/L81_00679_784335.png /building_labels/bj/t2/L81_00679_784335.png /offset_st_resize256/bj/t1/L81_00679_784335.tif /offset_st_resize256/bj/t2/L81_00679_784335.tif /flow_btv3_resize256/bj/t1VSt2/L81_00679_784335.tif
train,/imgs/bj/t1/L81_00711_784071.jpg /imgs/bj/t2/L81_00711_784071.jpg /labels_unch0ch1ig255/bj/t1VSt2/L81_00711_784071.png /building_labels/bj/t1/L81_00711_784071.png /building_labels/bj/t2/L81_00711_784071.png /offset_st_resize256/bj/t1/L81_00711_784071.tif /offset_st_resize256/bj/t2/L81_00711_784071.tif /flow_btv3_resize256/bj/t1VSt2/L81_00711_784071.tif
train,/imgs/sh/t2/L81_892903_780455.jpg /imgs/sh/t3/L81_892903_780455.jpg /labels_unch0ch1ig255/sh/t2VSt3/L81_892903_780455.png /building_labels/sh/t2/L81_892903_780455.png /building_labels/sh/t3/L81_892903_780455.png /offset_st_resize256/sh/t2/L81_892903_780455.tif /offset_st_resize256/sh/t3/L81_892903_780455.tif /flow_btv3_resize256/sh/t2VSt3/L81_892903_780455.tif
train,/imgs/bj/t1/L81_00687_783991.jpg /imgs/bj/t2/L81_00687_783991.jpg /labels_unch0ch1ig255/bj/t1VSt2/L81_00687_783991.png /building_labels/bj/t1/L81_00687_783991.png /building_labels/bj/t2/L81_00687_783991.png /offset_st_resize256/bj/t1/L81_00687_783991.tif /offset_st_resize256/bj/t2/L81_00687_783991.tif /flow_btv3_resize256/bj/t1VSt2/L81_00687_783991.tif
test,/imgs/bj/t2/L81_00855_784191.jpg /imgs/bj/t3/L81_00855_784191.jpg /labels_unch0ch1ig255/bj/t2VSt3/L81_00855_784191.png /building_labels/bj/t2/L81_00855_784191.png /building_labels/bj/t3/L81_00855_784191.png
train,/imgs/bj/t2/L81_00655_784279.jpg /imgs/bj/t3/L81_00655_784279.jpg /labels_unch0ch1ig255/bj/t2VSt3/L81_00655_784279.png /building_labels/bj/t2/L81_00655_784279.png /building_labels/bj/t3/L81_00655_784279.png /offset_st_resize256/bj/t2/L81_00655_784279.tif /offset_st_resize256/bj/t3/L81_00655_784279.tif /flow_btv3_resize256/bj/t2VSt3/L81_00655_784279.tif
train,/imgs/sh/t1/L81_892855_780447.jpg /imgs/sh/t3/L81_892855_780447.jpg /labels_unch0ch1ig255/sh/t1VSt3/L81_892855_780447.png /building_labels/sh/t1/L81_892855_780447.png /building_labels/sh/t3/L81_892855_780447.png /offset_st_resize256/sh/t1/L81_892855_780447.tif /offset_st_resize256/sh/t3/L81_892855_780447.tif /flow_btv3_resize256/sh/t1VSt3/L81_892855_780447.tif
train,/imgs/sh/t1/L81_892791_780487.jpg /imgs/sh/t3/L81_892791_780487.jpg /labels_unch0ch1ig255/sh/t1VSt3/L81_892791_780487.png /building_labels/sh/t1/L81_892791_780487.png /building_labels/sh/t3/L81_892791_780487.png /offset_st_resize256/sh/t1/L81_892791_780487.tif /offset_st_resize256/sh/t3/L81_892791_780487.tif /flow_btv3_resize256/sh/t1VSt3/L81_892791_780487.tif
train,/imgs/bj/t2/L81_00663_784119.jpg /imgs/bj/t3/L81_00663_784119.jpg /labels_unch0ch1ig255/bj/t2VSt3/L81_00663_784119.png /building_labels/bj/t2/L81_00663_784119.png /building_labels/bj/t3/L81_00663_784119.png /offset_st_resize256/bj/t2/L81_00663_784119.tif /offset_st_resize256/bj/t3/L81_00663_784119.tif /flow_btv3_resize256/bj/t2VSt3/L81_00663_784119.tif
test,/imgs/bj/t1/L81_00679_784151.jpg /imgs/bj/t2/L81_00679_784151.jpg /labels_unch0ch1ig255/bj/t1VSt2/L81_00679_784151.png /building_labels/bj/t1/L81_00679_784151.png /building_labels/bj/t2/L81_00679_784151.png
train,/imgs/sh/t1/L81_892855_780487.jpg /imgs/sh/t2/L81_892855_780487.jpg /labels_unch0ch1ig255/sh/t1VSt2/L81_892855_780487.png /building_labels/sh/t1/L81_892855_780487.png /building_labels/sh/t2/L81_892855_780487.png /offset_st_resize256/sh/t1/L81_892855_780487.tif /offset_st_resize256/sh/t2/L81_892855_780487.tif /flow_btv3_resize256/sh/t1VSt2/L81_892855_780487.tif
train,/imgs/sh/t2/L81_892815_780471.jpg /imgs/sh/t3/L81_892815_780471.jpg /labels_unch0ch1ig255/sh/t2VSt3/L81_892815_780471.png /building_labels/sh/t2/L81_892815_780471.png /building_labels/sh/t3/L81_892815_780471.png /offset_st_resize256/sh/t2/L81_892815_780471.tif /offset_st_resize256/sh/t3/L81_892815_780471.tif /flow_btv3_resize256/sh/t2VSt3/L81_892815_780471.tif
val,/imgs/sh/t1/L81_892855_780439.jpg /imgs/sh/t3/L81_892855_780439.jpg /labels/sh/t1VSt3/L81_892855_780439.png /building_labels/sh/t1/L81_892855_780439.png /building_labels/sh/t3/L81_892855_780439.png /offset_st_resize256/sh/t1/L81_892855_780439.tif /offset_st_resize256/sh/t3/L81_892855_780439.tif /flow_btv3_resize256/sh/t1VSt3/L81_892855_780439.tif
test,/imgs/bj/t1/L81_00655_784071.jpg /imgs/bj/t2/L81_00655_784071.jpg /labels_unch0ch1ig255/bj/t1VSt2/L81_00655_784071.png /building_labels/bj/t1/L81_00655_784071.png /building_labels/bj/t2/L81_00655_784071.png
train,/imgs/bj/t1/L81_00687_783967.jpg /imgs/bj/t2/L81_00687_783967.jpg /labels_unch0ch1ig255/bj/t1VSt2/L81_00687_783967.png /building_labels/bj/t1/L81_00687_783967.png /building_labels/bj/t2/L81_00687_783967.png /offset_st_resize256/bj/t1/L81_00687_783967.tif /offset_st_resize256/bj/t2/L81_00687_783967.tif /flow_btv3_resize256/bj/t1VSt2/L81_00687_783967.tif
train,/imgs/bj/t2/L81_00831_784231.jpg /imgs/bj/t3/L81_00831_784231.jpg /labels_unch0ch1ig255/bj/t2VSt3/L81_00831_784231.png /building_labels/bj/t2/L81_00831_784231.png /building_labels/bj/t3/L81_00831_784231.png /offset_st_resize256/bj/t2/L81_00831_784231.tif /offset_st_resize256/bj/t3/L81_00831_784231.tif /flow_btv3_resize256/bj/t2VSt3/L81_00831_784231.tif
train,/imgs/bj/t1/L81_00831_784263.jpg /imgs/bj/t2/L81_00831_784263.jpg /labels_unch0ch1ig255/bj/t1VSt2/L81_00831_784263.png /building_labels/bj/t1/L81_00831_784263.png /building_labels/bj/t2/L81_00831_784263.png /offset_st_resize256/bj/t1/L81_00831_784263.tif /offset_st_resize256/bj/t2/L81_00831_784263.tif /flow_btv3_resize256/bj/t1VSt2/L81_00831_784263.tif
test,/imgs/bj/t2/L81_00831_784199.jpg /imgs/bj/t3/L81_00831_784199.jpg /labels_unch0ch1ig255/bj/t2VSt3/L81_00831_784199.png /building_labels/bj/t2/L81_00831_784199.png /building_labels/bj/t3/L81_00831_784199.png
train,/imgs/bj/t1/L81_00823_784215.jpg /imgs/bj/t2/L81_00823_784215.jpg /labels_unch0ch1ig255/bj/t1VSt2/L81_00823_784215.png /building_labels/bj/t1/L81_00823_784215.png /building_labels/bj/t2/L81_00823_784215.png /offset_st_resize256/bj/t1/L81_00823_784215.tif /offset_st_resize256/bj/t2/L81_00823_784215.tif /flow_btv3_resize256/bj/t1VSt2/L81_00823_784215.tif
train,/imgs/bj/t1/L81_00839_784087.jpg /imgs/bj/t2/L81_00839_784087.jpg /labels_unch0ch1ig255/bj/t1VSt2/L81_00839_784087.png /building_labels/bj/t1/L81_00839_784087.png /building_labels/bj/t2/L81_00839_784087.png /offset_st_resize256/bj/t1/L81_00839_784087.tif /offset_st_resize256/bj/t2/L81_00839_784087.tif /flow_btv3_resize256/bj/t1VSt2/L81_00839_784087.tif
train,/imgs/bj/t1/L81_00823_784295.jpg /imgs/bj/t3/L81_00823_784295.jpg /labels_unch0ch1ig255/bj/t1VSt3/L81_00823_784295.png /building_labels/bj/t1/L81_00823_784295.png /building_labels/bj/t3/L81_00823_784295.png /offset_st_resize256/bj/t1/L81_00823_784295.tif /offset_st_resize256/bj/t3/L81_00823_784295.tif /flow_btv3_resize256/bj/t1VSt3/L81_00823_784295.tif
train,/imgs/sh/t1/L81_892927_780527.jpg /imgs/sh/t3/L81_892927_780527.jpg /labels_unch0ch1ig255/sh/t1VSt3/L81_892927_780527.png /building_labels/sh/t1/L81_892927_780527.png /building_labels/sh/t3/L81_892927_780527.png /offset_st_resize256/sh/t1/L81_892927_780527.tif /offset_st_resize256/sh/t3/L81_892927_780527.tif /flow_btv3_resize256/sh/t1VSt3/L81_892927_780527.tif
val,/imgs/sh/t1/L81_892879_780527.jpg /imgs/sh/t2/L81_892879_780527.jpg /labels/sh/t1VSt2/L81_892879_780527.png /building_labels/sh/t1/L81_892879_780527.png /building_labels/sh/t2/L81_892879_780527.png /offset_st_resize256/sh/t1/L81_892879_780527.tif /offset_st_resize256/sh/t2/L81_892879_780527.tif /flow_btv3_resize256/sh/t1VSt2/L81_892879_780527.tif
train,/imgs/bj/t2/L81_00887_783991.jpg /imgs/bj/t3/L81_00887_783991.jpg /labels_unch0ch1ig255/bj/t2VSt3/L81_00887_783991.png /building_labels/bj/t2/L81_00887_783991.png /building_labels/bj/t3/L81_00887_783991.png /offset_st_resize256/bj/t2/L81_00887_783991.tif /offset_st_resize256/bj/t3/L81_00887_783991.tif /flow_btv3_resize256/bj/t2VSt3/L81_00887_783991.tif
train,/imgs/sh/t1/L81_892895_780455.jpg /imgs/sh/t3/L81_892895_780455.jpg /labels_unch0ch1ig255/sh/t1VSt3/L81_892895_780455.png /building_labels/sh/t1/L81_892895_780455.png /building_labels/sh/t3/L81_892895_780455.png /offset_st_resize256/sh/t1/L81_892895_780455.tif /offset_st_resize256/sh/t3/L81_892895_780455.tif /flow_btv3_resize256/sh/t1VSt3/L81_892895_780455.tif
train,/imgs/bj/t2/L81_00663_784255.jpg /imgs/bj/t3/L81_00663_784255.jpg /labels_unch0ch1ig255/bj/t2VSt3/L81_00663_784255.png /building_labels/bj/t2/L81_00663_784255.png /building_labels/bj/t3/L81_00663_784255.png /offset_st_resize256/bj/t2/L81_00663_784255.tif /offset_st_resize256/bj/t3/L81_00663_784255.tif /flow_btv3_resize256/bj/t2VSt3/L81_00663_784255.tif
train,/imgs/sh/t1/L81_892815_780471.jpg /imgs/sh/t3/L81_892815_780471.jpg /labels_unch0ch1ig255/sh/t1VSt3/L81_892815_780471.png /building_labels/sh/t1/L81_892815_780471.png /building_labels/sh/t3/L81_892815_780471.png /offset_st_resize256/sh/t1/L81_892815_780471.tif /offset_st_resize256/sh/t3/L81_892815_780471.tif /flow_btv3_resize256/sh/t1VSt3/L81_892815_780471.tif
train,/imgs/sh/t1/L81_892791_780455.jpg /imgs/sh/t2/L81_892791_780455.jpg /labels_unch0ch1ig255/sh/t1VSt2/L81_892791_780455.png /building_labels/sh/t1/L81_892791_780455.png /building_labels/sh/t2/L81_892791_780455.png /offset_st_resize256/sh/t1/L81_892791_780455.tif /offset_st_resize256/sh/t2/L81_892791_780455.tif /flow_btv3_resize256/sh/t1VSt2/L81_892791_780455.tif
train,/imgs/bj/t1/L81_00823_784279.jpg /imgs/bj/t2/L81_00823_784279.jpg /labels_unch0ch1ig255/bj/t1VSt2/L81_00823_784279.png /building_labels/bj/t1/L81_00823_784279.png /building_labels/bj/t2/L81_00823_784279.png /offset_st_resize256/bj/t1/L81_00823_784279.tif /offset_st_resize256/bj/t2/L81_00823_784279.tif /flow_btv3_resize256/bj/t1VSt2/L81_00823_784279.tif
train,/imgs/sh/t1/L81_892823_780503.jpg /imgs/sh/t2/L81_892823_780503.jpg /labels_unch0ch1ig255/sh/t1VSt2/L81_892823_780503.png /building_labels/sh/t1/L81_892823_780503.png /building_labels/sh/t2/L81_892823_780503.png /offset_st_resize256/sh/t1/L81_892823_780503.tif /offset_st_resize256/sh/t2/L81_892823_780503.tif /flow_btv3_resize256/sh/t1VSt2/L81_892823_780503.tif
train,/imgs/bj/t2/L81_00815_784199.jpg /imgs/bj/t3/L81_00815_784199.jpg /labels_unch0ch1ig255/bj/t2VSt3/L81_00815_784199.png /building_labels/bj/t2/L81_00815_784199.png /building_labels/bj/t3/L81_00815_784199.png /offset_st_resize256/bj/t2/L81_00815_784199.tif /offset_st_resize256/bj/t3/L81_00815_784199.tif /flow_btv3_resize256/bj/t2VSt3/L81_00815_784199.tif
train,/imgs/bj/t1/L81_00903_784167.jpg /imgs/bj/t2/L81_00903_784167.jpg /labels_unch0ch1ig255/bj/t1VSt2/L81_00903_784167.png /building_labels/bj/t1/L81_00903_784167.png /building_labels/bj/t2/L81_00903_784167.png /offset_st_resize256/bj/t1/L81_00903_784167.tif /offset_st_resize256/bj/t2/L81_00903_784167.tif /flow_btv3_resize256/bj/t1VSt2/L81_00903_784167.tif
train,/imgs/bj/t1/L81_00671_784127.jpg /imgs/bj/t2/L81_00671_784127.jpg /labels_unch0ch1ig255/bj/t1VSt2/L81_00671_784127.png /building_labels/bj/t1/L81_00671_784127.png /building_labels/bj/t2/L81_00671_784127.png /offset_st_resize256/bj/t1/L81_00671_784127.tif /offset_st_resize256/bj/t2/L81_00671_784127.tif /flow_btv3_resize256/bj/t1VSt2/L81_00671_784127.tif
test,/imgs/bj/t2/L81_00671_784327.jpg /imgs/bj/t3/L81_00671_784327.jpg /labels_unch0ch1ig255/bj/t2VSt3/L81_00671_784327.png /building_labels/bj/t2/L81_00671_784327.png /building_labels/bj/t3/L81_00671_784327.png
train,/imgs/bj/t1/L81_00951_783983.jpg /imgs/bj/t2/L81_00951_783983.jpg /labels_unch0ch1ig255/bj/t1VSt2/L81_00951_783983.png /building_labels/bj/t1/L81_00951_783983.png /building_labels/bj/t2/L81_00951_783983.png /offset_st_resize256/bj/t1/L81_00951_783983.tif /offset_st_resize256/bj/t2/L81_00951_783983.tif /flow_btv3_resize256/bj/t1VSt2/L81_00951_783983.tif
train,/imgs/bj/t1/L81_00831_784295.jpg /imgs/bj/t2/L81_00831_784295.jpg /labels_unch0ch1ig255/bj/t1VSt2/L81_00831_784295.png /building_labels/bj/t1/L81_00831_784295.png /building_labels/bj/t2/L81_00831_784295.png /offset_st_resize256/bj/t1/L81_00831_784295.tif /offset_st_resize256/bj/t2/L81_00831_784295.tif /flow_btv3_resize256/bj/t1VSt2/L81_00831_784295.tif
train,/imgs/sh/t2/L81_892871_780423.jpg /imgs/sh/t3/L81_892871_780423.jpg /labels_unch0ch1ig255/sh/t2VSt3/L81_892871_780423.png /building_labels/sh/t2/L81_892871_780423.png /building_labels/sh/t3/L81_892871_780423.png /offset_st_resize256/sh/t2/L81_892871_780423.tif /offset_st_resize256/sh/t3/L81_892871_780423.tif /flow_btv3_resize256/sh/t2VSt3/L81_892871_780423.tif
train,/imgs/bj/t1/L81_00871_784007.jpg /imgs/bj/t3/L81_00871_784007.jpg /labels_unch0ch1ig255/bj/t1VSt3/L81_00871_784007.png /building_labels/bj/t1/L81_00871_784007.png /building_labels/bj/t3/L81_00871_784007.png /offset_st_resize256/bj/t1/L81_00871_784007.tif /offset_st_resize256/bj/t3/L81_00871_784007.tif /flow_btv3_resize256/bj/t1VSt3/L81_00871_784007.tif
train,/imgs/bj/t2/L81_00647_784095.jpg /imgs/bj/t3/L81_00647_784095.jpg /labels_unch0ch1ig255/bj/t2VSt3/L81_00647_784095.png /building_labels/bj/t2/L81_00647_784095.png /building_labels/bj/t3/L81_00647_784095.png /offset_st_resize256/bj/t2/L81_00647_784095.tif /offset_st_resize256/bj/t3/L81_00647_784095.tif /flow_btv3_resize256/bj/t2VSt3/L81_00647_784095.tif
test,/imgs/bj/t2/L81_00679_784031.jpg /imgs/bj/t3/L81_00679_784031.jpg /labels_unch0ch1ig255/bj/t2VSt3/L81_00679_784031.png /building_labels/bj/t2/L81_00679_784031.png /building_labels/bj/t3/L81_00679_784031.png
train,/imgs/bj/t1/L81_00647_784119.jpg /imgs/bj/t2/L81_00647_784119.jpg /labels_unch0ch1ig255/bj/t1VSt2/L81_00647_784119.png /building_labels/bj/t1/L81_00647_784119.png /building_labels/bj/t2/L81_00647_784119.png /offset_st_resize256/bj/t1/L81_00647_784119.tif /offset_st_resize256/bj/t2/L81_00647_784119.tif /flow_btv3_resize256/bj/t1VSt2/L81_00647_784119.tif
train,/imgs/bj/t1/L81_00687_783975.jpg /imgs/bj/t2/L81_00687_783975.jpg /labels_unch0ch1ig255/bj/t1VSt2/L81_00687_783975.png /building_labels/bj/t1/L81_00687_783975.png /building_labels/bj/t2/L81_00687_783975.png /offset_st_resize256/bj/t1/L81_00687_783975.tif /offset_st_resize256/bj/t2/L81_00687_783975.tif /flow_btv3_resize256/bj/t1VSt2/L81_00687_783975.tif
val,/imgs/bj/t1/L81_00663_784087.jpg /imgs/bj/t2/L81_00663_784087.jpg /labels/bj/t1VSt2/L81_00663_784087.png /building_labels/bj/t1/L81_00663_784087.png /building_labels/bj/t2/L81_00663_784087.png /offset_st_resize256/bj/t1/L81_00663_784087.tif /offset_st_resize256/bj/t2/L81_00663_784087.tif /flow_btv3_resize256/bj/t1VSt2/L81_00663_784087.tif
val,/imgs/sh/t2/L81_892863_780471.jpg /imgs/sh/t3/L81_892863_780471.jpg /labels/sh/t2VSt3/L81_892863_780471.png /building_labels/sh/t2/L81_892863_780471.png /building_labels/sh/t3/L81_892863_780471.png /offset_st_resize256/sh/t2/L81_892863_780471.tif /offset_st_resize256/sh/t3/L81_892863_780471.tif /flow_btv3_resize256/sh/t2VSt3/L81_892863_780471.tif
train,/imgs/bj/t1/L81_00639_784103.jpg /imgs/bj/t2/L81_00639_784103.jpg /labels_unch0ch1ig255/bj/t1VSt2/L81_00639_784103.png /building_labels/bj/t1/L81_00639_784103.png /building_labels/bj/t2/L81_00639_784103.png /offset_st_resize256/bj/t1/L81_00639_784103.tif /offset_st_resize256/bj/t2/L81_00639_784103.tif /flow_btv3_resize256/bj/t1VSt2/L81_00639_784103.tif
train,/imgs/sh/t1/L81_892783_780503.jpg /imgs/sh/t3/L81_892783_780503.jpg /labels_unch0ch1ig255/sh/t1VSt3/L81_892783_780503.png /building_labels/sh/t1/L81_892783_780503.png /building_labels/sh/t3/L81_892783_780503.png /offset_st_resize256/sh/t1/L81_892783_780503.tif /offset_st_resize256/sh/t3/L81_892783_780503.tif /flow_btv3_resize256/sh/t1VSt3/L81_892783_780503.tif
train,/imgs/bj/t1/L81_00871_784255.jpg /imgs/bj/t2/L81_00871_784255.jpg /labels_unch0ch1ig255/bj/t1VSt2/L81_00871_784255.png /building_labels/bj/t1/L81_00871_784255.png /building_labels/bj/t2/L81_00871_784255.png /offset_st_resize256/bj/t1/L81_00871_784255.tif /offset_st_resize256/bj/t2/L81_00871_784255.tif /flow_btv3_resize256/bj/t1VSt2/L81_00871_784255.tif
train,/imgs/bj/t1/L81_00679_784087.jpg /imgs/bj/t3/L81_00679_784087.jpg /labels_unch0ch1ig255/bj/t1VSt3/L81_00679_784087.png /building_labels/bj/t1/L81_00679_784087.png /building_labels/bj/t3/L81_00679_784087.png /offset_st_resize256/bj/t1/L81_00679_784087.tif /offset_st_resize256/bj/t3/L81_00679_784087.tif /flow_btv3_resize256/bj/t1VSt3/L81_00679_784087.tif
train,/imgs/sh/t2/L81_892807_780439.jpg /imgs/sh/t3/L81_892807_780439.jpg /labels_unch0ch1ig255/sh/t2VSt3/L81_892807_780439.png /building_labels/sh/t2/L81_892807_780439.png /building_labels/sh/t3/L81_892807_780439.png /offset_st_resize256/sh/t2/L81_892807_780439.tif /offset_st_resize256/sh/t3/L81_892807_780439.tif /flow_btv3_resize256/sh/t2VSt3/L81_892807_780439.tif
test,/imgs/sh/t1/L81_892791_780471.jpg /imgs/sh/t3/L81_892791_780471.jpg /labels_unch0ch1ig255/sh/t1VSt3/L81_892791_780471.png /building_labels/sh/t1/L81_892791_780471.png /building_labels/sh/t3/L81_892791_780471.png
train,/imgs/bj/t2/L81_00639_784295.jpg /imgs/bj/t3/L81_00639_784295.jpg /labels_unch0ch1ig255/bj/t2VSt3/L81_00639_784295.png /building_labels/bj/t2/L81_00639_784295.png /building_labels/bj/t3/L81_00639_784295.png /offset_st_resize256/bj/t2/L81_00639_784295.tif /offset_st_resize256/bj/t3/L81_00639_784295.tif /flow_btv3_resize256/bj/t2VSt3/L81_00639_784295.tif
train,/imgs/sh/t1/L81_892847_780519.jpg /imgs/sh/t2/L81_892847_780519.jpg /labels_unch0ch1ig255/sh/t1VSt2/L81_892847_780519.png /building_labels/sh/t1/L81_892847_780519.png /building_labels/sh/t2/L81_892847_780519.png /offset_st_resize256/sh/t1/L81_892847_780519.tif /offset_st_resize256/sh/t2/L81_892847_780519.tif /flow_btv3_resize256/sh/t1VSt2/L81_892847_780519.tif
train,/imgs/bj/t2/L81_00663_784191.jpg /imgs/bj/t3/L81_00663_784191.jpg /labels_unch0ch1ig255/bj/t2VSt3/L81_00663_784191.png /building_labels/bj/t2/L81_00663_784191.png /building_labels/bj/t3/L81_00663_784191.png /offset_st_resize256/bj/t2/L81_00663_784191.tif /offset_st_resize256/bj/t3/L81_00663_784191.tif /flow_btv3_resize256/bj/t2VSt3/L81_00663_784191.tif
train,/imgs/bj/t1/L81_00935_784175.jpg /imgs/bj/t2/L81_00935_784175.jpg /labels_unch0ch1ig255/bj/t1VSt2/L81_00935_784175.png /building_labels/bj/t1/L81_00935_784175.png /building_labels/bj/t2/L81_00935_784175.png /offset_st_resize256/bj/t1/L81_00935_784175.tif /offset_st_resize256/bj/t2/L81_00935_784175.tif /flow_btv3_resize256/bj/t1VSt2/L81_00935_784175.tif
train,/imgs/sh/t1/L81_892839_780511.jpg /imgs/sh/t2/L81_892839_780511.jpg /labels_unch0ch1ig255/sh/t1VSt2/L81_892839_780511.png /building_labels/sh/t1/L81_892839_780511.png /building_labels/sh/t2/L81_892839_780511.png /offset_st_resize256/sh/t1/L81_892839_780511.tif /offset_st_resize256/sh/t2/L81_892839_780511.tif /flow_btv3_resize256/sh/t1VSt2/L81_892839_780511.tif
test,/imgs/sh/t1/L81_892799_780503.jpg /imgs/sh/t2/L81_892799_780503.jpg /labels_unch0ch1ig255/sh/t1VSt2/L81_892799_780503.png /building_labels/sh/t1/L81_892799_780503.png /building_labels/sh/t2/L81_892799_780503.png
train,/imgs/bj/t1/L81_00679_784311.jpg /imgs/bj/t2/L81_00679_784311.jpg /labels_unch0ch1ig255/bj/t1VSt2/L81_00679_784311.png /building_labels/bj/t1/L81_00679_784311.png /building_labels/bj/t2/L81_00679_784311.png /offset_st_resize256/bj/t1/L81_00679_784311.tif /offset_st_resize256/bj/t2/L81_00679_784311.tif /flow_btv3_resize256/bj/t1VSt2/L81_00679_784311.tif
train,/imgs/sh/t1/L81_892903_780495.jpg /imgs/sh/t2/L81_892903_780495.jpg /labels_unch0ch1ig255/sh/t1VSt2/L81_892903_780495.png /building_labels/sh/t1/L81_892903_780495.png /building_labels/sh/t2/L81_892903_780495.png /offset_st_resize256/sh/t1/L81_892903_780495.tif /offset_st_resize256/sh/t2/L81_892903_780495.tif /flow_btv3_resize256/sh/t1VSt2/L81_892903_780495.tif
val,/imgs/sh/t2/L81_892871_780463.jpg /imgs/sh/t3/L81_892871_780463.jpg /labels/sh/t2VSt3/L81_892871_780463.png /building_labels/sh/t2/L81_892871_780463.png /building_labels/sh/t3/L81_892871_780463.png /offset_st_resize256/sh/t2/L81_892871_780463.tif /offset_st_resize256/sh/t3/L81_892871_780463.tif /flow_btv3_resize256/sh/t2VSt3/L81_892871_780463.tif
train,/imgs/bj/t1/L81_00839_784095.jpg /imgs/bj/t2/L81_00839_784095.jpg /labels_unch0ch1ig255/bj/t1VSt2/L81_00839_784095.png /building_labels/bj/t1/L81_00839_784095.png /building_labels/bj/t2/L81_00839_784095.png /offset_st_resize256/bj/t1/L81_00839_784095.tif /offset_st_resize256/bj/t2/L81_00839_784095.tif /flow_btv3_resize256/bj/t1VSt2/L81_00839_784095.tif
train,/imgs/bj/t1/L81_01183_783863.jpg /imgs/bj/t2/L81_01183_783863.jpg /labels_unch0ch1ig255/bj/t1VSt2/L81_01183_783863.png /building_labels/bj/t1/L81_01183_783863.png /building_labels/bj/t2/L81_01183_783863.png /offset_st_resize256/bj/t1/L81_01183_783863.tif /offset_st_resize256/bj/t2/L81_01183_783863.tif /flow_btv3_resize256/bj/t1VSt2/L81_01183_783863.tif
train,/imgs/bj/t1/L81_00639_784287.jpg /imgs/bj/t2/L81_00639_784287.jpg /labels_unch0ch1ig255/bj/t1VSt2/L81_00639_784287.png /building_labels/bj/t1/L81_00639_784287.png /building_labels/bj/t2/L81_00639_784287.png /offset_st_resize256/bj/t1/L81_00639_784287.tif /offset_st_resize256/bj/t2/L81_00639_784287.tif /flow_btv3_resize256/bj/t1VSt2/L81_00639_784287.tif
train,/imgs/bj/t1/L81_00711_784119.jpg /imgs/bj/t3/L81_00711_784119.jpg /labels_unch0ch1ig255/bj/t1VSt3/L81_00711_784119.png /building_labels/bj/t1/L81_00711_784119.png /building_labels/bj/t3/L81_00711_784119.png /offset_st_resize256/bj/t1/L81_00711_784119.tif /offset_st_resize256/bj/t3/L81_00711_784119.tif /flow_btv3_resize256/bj/t1VSt3/L81_00711_784119.tif
train,/imgs/bj/t2/L81_00647_784071.jpg /imgs/bj/t3/L81_00647_784071.jpg /labels_unch0ch1ig255/bj/t2VSt3/L81_00647_784071.png /building_labels/bj/t2/L81_00647_784071.png /building_labels/bj/t3/L81_00647_784071.png /offset_st_resize256/bj/t2/L81_00647_784071.tif /offset_st_resize256/bj/t3/L81_00647_784071.tif /flow_btv3_resize256/bj/t2VSt3/L81_00647_784071.tif
train,/imgs/bj/t2/L81_00839_784103.jpg /imgs/bj/t3/L81_00839_784103.jpg /labels_unch0ch1ig255/bj/t2VSt3/L81_00839_784103.png /building_labels/bj/t2/L81_00839_784103.png /building_labels/bj/t3/L81_00839_784103.png /offset_st_resize256/bj/t2/L81_00839_784103.tif /offset_st_resize256/bj/t3/L81_00839_784103.tif /flow_btv3_resize256/bj/t2VSt3/L81_00839_784103.tif
train,/imgs/sh/t1/L81_892815_780447.jpg /imgs/sh/t2/L81_892815_780447.jpg /labels_unch0ch1ig255/sh/t1VSt2/L81_892815_780447.png /building_labels/sh/t1/L81_892815_780447.png /building_labels/sh/t2/L81_892815_780447.png /offset_st_resize256/sh/t1/L81_892815_780447.tif /offset_st_resize256/sh/t2/L81_892815_780447.tif /flow_btv3_resize256/sh/t1VSt2/L81_892815_780447.tif
train,/imgs/bj/t1/L81_00679_784079.jpg /imgs/bj/t2/L81_00679_784079.jpg /labels_unch0ch1ig255/bj/t1VSt2/L81_00679_784079.png /building_labels/bj/t1/L81_00679_784079.png /building_labels/bj/t2/L81_00679_784079.png /offset_st_resize256/bj/t1/L81_00679_784079.tif /offset_st_resize256/bj/t2/L81_00679_784079.tif /flow_btv3_resize256/bj/t1VSt2/L81_00679_784079.tif
train,/imgs/sh/t1/L81_892815_780455.jpg /imgs/sh/t2/L81_892815_780455.jpg /labels_unch0ch1ig255/sh/t1VSt2/L81_892815_780455.png /building_labels/sh/t1/L81_892815_780455.png /building_labels/sh/t2/L81_892815_780455.png /offset_st_resize256/sh/t1/L81_892815_780455.tif /offset_st_resize256/sh/t2/L81_892815_780455.tif /flow_btv3_resize256/sh/t1VSt2/L81_892815_780455.tif
train,/imgs/bj/t1/L81_00919_784271.jpg /imgs/bj/t3/L81_00919_784271.jpg /labels_unch0ch1ig255/bj/t1VSt3/L81_00919_784271.png /building_labels/bj/t1/L81_00919_784271.png /building_labels/bj/t3/L81_00919_784271.png /offset_st_resize256/bj/t1/L81_00919_784271.tif /offset_st_resize256/bj/t3/L81_00919_784271.tif /flow_btv3_resize256/bj/t1VSt3/L81_00919_784271.tif
train,/imgs/bj/t1/L81_00663_784111.jpg /imgs/bj/t2/L81_00663_784111.jpg /labels_unch0ch1ig255/bj/t1VSt2/L81_00663_784111.png /building_labels/bj/t1/L81_00663_784111.png /building_labels/bj/t2/L81_00663_784111.png /offset_st_resize256/bj/t1/L81_00663_784111.tif /offset_st_resize256/bj/t2/L81_00663_784111.tif /flow_btv3_resize256/bj/t1VSt2/L81_00663_784111.tif
train,/imgs/bj/t2/L81_00831_784295.jpg /imgs/bj/t3/L81_00831_784295.jpg /labels_unch0ch1ig255/bj/t2VSt3/L81_00831_784295.png /building_labels/bj/t2/L81_00831_784295.png /building_labels/bj/t3/L81_00831_784295.png /offset_st_resize256/bj/t2/L81_00831_784295.tif /offset_st_resize256/bj/t3/L81_00831_784295.tif /flow_btv3_resize256/bj/t2VSt3/L81_00831_784295.tif
train,/imgs/bj/t2/L81_00983_784327.jpg /imgs/bj/t3/L81_00983_784327.jpg /labels_unch0ch1ig255/bj/t2VSt3/L81_00983_784327.png /building_labels/bj/t2/L81_00983_784327.png /building_labels/bj/t3/L81_00983_784327.png /offset_st_resize256/bj/t2/L81_00983_784327.tif /offset_st_resize256/bj/t3/L81_00983_784327.tif /flow_btv3_resize256/bj/t2VSt3/L81_00983_784327.tif
val,/imgs/sh/t1/L81_892855_780439.jpg /imgs/sh/t2/L81_892855_780439.jpg /labels/sh/t1VSt2/L81_892855_780439.png /building_labels/sh/t1/L81_892855_780439.png /building_labels/sh/t2/L81_892855_780439.png /offset_st_resize256/sh/t1/L81_892855_780439.tif /offset_st_resize256/sh/t2/L81_892855_780439.tif /flow_btv3_resize256/sh/t1VSt2/L81_892855_780439.tif
train,/imgs/bj/t2/L81_00655_784239.jpg /imgs/bj/t3/L81_00655_784239.jpg /labels_unch0ch1ig255/bj/t2VSt3/L81_00655_784239.png /building_labels/bj/t2/L81_00655_784239.png /building_labels/bj/t3/L81_00655_784239.png /offset_st_resize256/bj/t2/L81_00655_784239.tif /offset_st_resize256/bj/t3/L81_00655_784239.tif /flow_btv3_resize256/bj/t2VSt3/L81_00655_784239.tif
train,/imgs/bj/t1/L81_00655_784127.jpg /imgs/bj/t2/L81_00655_784127.jpg /labels_unch0ch1ig255/bj/t1VSt2/L81_00655_784127.png /building_labels/bj/t1/L81_00655_784127.png /building_labels/bj/t2/L81_00655_784127.png /offset_st_resize256/bj/t1/L81_00655_784127.tif /offset_st_resize256/bj/t2/L81_00655_784127.tif /flow_btv3_resize256/bj/t1VSt2/L81_00655_784127.tif
test,/imgs/bj/t1/L81_00687_784103.jpg /imgs/bj/t3/L81_00687_784103.jpg /labels_unch0ch1ig255/bj/t1VSt3/L81_00687_784103.png /building_labels/bj/t1/L81_00687_784103.png /building_labels/bj/t3/L81_00687_784103.png
train,/imgs/sh/t1/L81_892791_780447.jpg /imgs/sh/t2/L81_892791_780447.jpg /labels_unch0ch1ig255/sh/t1VSt2/L81_892791_780447.png /building_labels/sh/t1/L81_892791_780447.png /building_labels/sh/t2/L81_892791_780447.png /offset_st_resize256/sh/t1/L81_892791_780447.tif /offset_st_resize256/sh/t2/L81_892791_780447.tif /flow_btv3_resize256/sh/t1VSt2/L81_892791_780447.tif
train,/imgs/bj/t1/L81_00655_784255.jpg /imgs/bj/t2/L81_00655_784255.jpg /labels_unch0ch1ig255/bj/t1VSt2/L81_00655_784255.png /building_labels/bj/t1/L81_00655_784255.png /building_labels/bj/t2/L81_00655_784255.png /offset_st_resize256/bj/t1/L81_00655_784255.tif /offset_st_resize256/bj/t2/L81_00655_784255.tif /flow_btv3_resize256/bj/t1VSt2/L81_00655_784255.tif
test,/imgs/bj/t2/L81_00663_784279.jpg /imgs/bj/t3/L81_00663_784279.jpg /labels_unch0ch1ig255/bj/t2VSt3/L81_00663_784279.png /building_labels/bj/t2/L81_00663_784279.png /building_labels/bj/t3/L81_00663_784279.png
train,/imgs/bj/t2/L81_00839_784095.jpg /imgs/bj/t3/L81_00839_784095.jpg /labels_unch0ch1ig255/bj/t2VSt3/L81_00839_784095.png /building_labels/bj/t2/L81_00839_784095.png /building_labels/bj/t3/L81_00839_784095.png /offset_st_resize256/bj/t2/L81_00839_784095.tif /offset_st_resize256/bj/t3/L81_00839_784095.tif /flow_btv3_resize256/bj/t2VSt3/L81_00839_784095.tif
train,/imgs/sh/t1/L81_892799_780463.jpg /imgs/sh/t3/L81_892799_780463.jpg /labels_unch0ch1ig255/sh/t1VSt3/L81_892799_780463.png /building_labels/sh/t1/L81_892799_780463.png /building_labels/sh/t3/L81_892799_780463.png /offset_st_resize256/sh/t1/L81_892799_780463.tif /offset_st_resize256/sh/t3/L81_892799_780463.tif /flow_btv3_resize256/sh/t1VSt3/L81_892799_780463.tif
train,/imgs/bj/t2/L81_00687_784087.jpg /imgs/bj/t3/L81_00687_784087.jpg /labels_unch0ch1ig255/bj/t2VSt3/L81_00687_784087.png /building_labels/bj/t2/L81_00687_784087.png /building_labels/bj/t3/L81_00687_784087.png /offset_st_resize256/bj/t2/L81_00687_784087.tif /offset_st_resize256/bj/t3/L81_00687_784087.tif /flow_btv3_resize256/bj/t2VSt3/L81_00687_784087.tif
train,/imgs/bj/t2/L81_00687_784119.jpg /imgs/bj/t3/L81_00687_784119.jpg /labels_unch0ch1ig255/bj/t2VSt3/L81_00687_784119.png /building_labels/bj/t2/L81_00687_784119.png /building_labels/bj/t3/L81_00687_784119.png /offset_st_resize256/bj/t2/L81_00687_784119.tif /offset_st_resize256/bj/t3/L81_00687_784119.tif /flow_btv3_resize256/bj/t2VSt3/L81_00687_784119.tif
train,/imgs/bj/t1/L81_00831_784143.jpg /imgs/bj/t2/L81_00831_784143.jpg /labels_unch0ch1ig255/bj/t1VSt2/L81_00831_784143.png /building_labels/bj/t1/L81_00831_784143.png /building_labels/bj/t2/L81_00831_784143.png /offset_st_resize256/bj/t1/L81_00831_784143.tif /offset_st_resize256/bj/t2/L81_00831_784143.tif /flow_btv3_resize256/bj/t1VSt2/L81_00831_784143.tif
val,/imgs/sh/t2/L81_892919_780519.jpg /imgs/sh/t3/L81_892919_780519.jpg /labels/sh/t2VSt3/L81_892919_780519.png /building_labels/sh/t2/L81_892919_780519.png /building_labels/sh/t3/L81_892919_780519.png /offset_st_resize256/sh/t2/L81_892919_780519.tif /offset_st_resize256/sh/t3/L81_892919_780519.tif /flow_btv3_resize256/sh/t2VSt3/L81_892919_780519.tif
train,/imgs/sh/t1/L81_892791_780527.jpg /imgs/sh/t2/L81_892791_780527.jpg /labels_unch0ch1ig255/sh/t1VSt2/L81_892791_780527.png /building_labels/sh/t1/L81_892791_780527.png /building_labels/sh/t2/L81_892791_780527.png /offset_st_resize256/sh/t1/L81_892791_780527.tif /offset_st_resize256/sh/t2/L81_892791_780527.tif /flow_btv3_resize256/sh/t1VSt2/L81_892791_780527.tif
train,/imgs/sh/t2/L81_892927_780455.jpg /imgs/sh/t3/L81_892927_780455.jpg /labels_unch0ch1ig255/sh/t2VSt3/L81_892927_780455.png /building_labels/sh/t2/L81_892927_780455.png /building_labels/sh/t3/L81_892927_780455.png /offset_st_resize256/sh/t2/L81_892927_780455.tif /offset_st_resize256/sh/t3/L81_892927_780455.tif /flow_btv3_resize256/sh/t2VSt3/L81_892927_780455.tif
test,/imgs/sh/t1/L81_892799_780503.jpg /imgs/sh/t3/L81_892799_780503.jpg /labels_unch0ch1ig255/sh/t1VSt3/L81_892799_780503.png /building_labels/sh/t1/L81_892799_780503.png /building_labels/sh/t3/L81_892799_780503.png
train,/imgs/sh/t2/L81_892879_780471.jpg /imgs/sh/t3/L81_892879_780471.jpg /labels_unch0ch1ig255/sh/t2VSt3/L81_892879_780471.png /building_labels/sh/t2/L81_892879_780471.png /building_labels/sh/t3/L81_892879_780471.png /offset_st_resize256/sh/t2/L81_892879_780471.tif /offset_st_resize256/sh/t3/L81_892879_780471.tif /flow_btv3_resize256/sh/t2VSt3/L81_892879_780471.tif
train,/imgs/bj/t2/L81_00679_784319.jpg /imgs/bj/t3/L81_00679_784319.jpg /labels_unch0ch1ig255/bj/t2VSt3/L81_00679_784319.png /building_labels/bj/t2/L81_00679_784319.png /building_labels/bj/t3/L81_00679_784319.png /offset_st_resize256/bj/t2/L81_00679_784319.tif /offset_st_resize256/bj/t3/L81_00679_784319.tif /flow_btv3_resize256/bj/t2VSt3/L81_00679_784319.tif
train,/imgs/bj/t1/L81_00847_784063.jpg /imgs/bj/t3/L81_00847_784063.jpg /labels_unch0ch1ig255/bj/t1VSt3/L81_00847_784063.png /building_labels/bj/t1/L81_00847_784063.png /building_labels/bj/t3/L81_00847_784063.png /offset_st_resize256/bj/t1/L81_00847_784063.tif /offset_st_resize256/bj/t3/L81_00847_784063.tif /flow_btv3_resize256/bj/t1VSt3/L81_00847_784063.tif
train,/imgs/bj/t1/L81_00823_784343.jpg /imgs/bj/t3/L81_00823_784343.jpg /labels_unch0ch1ig255/bj/t1VSt3/L81_00823_784343.png /building_labels/bj/t1/L81_00823_784343.png /building_labels/bj/t3/L81_00823_784343.png /offset_st_resize256/bj/t1/L81_00823_784343.tif /offset_st_resize256/bj/t3/L81_00823_784343.tif /flow_btv3_resize256/bj/t1VSt3/L81_00823_784343.tif
train,/imgs/bj/t1/L81_00887_783991.jpg /imgs/bj/t3/L81_00887_783991.jpg /labels_unch0ch1ig255/bj/t1VSt3/L81_00887_783991.png /building_labels/bj/t1/L81_00887_783991.png /building_labels/bj/t3/L81_00887_783991.png /offset_st_resize256/bj/t1/L81_00887_783991.tif /offset_st_resize256/bj/t3/L81_00887_783991.tif /flow_btv3_resize256/bj/t1VSt3/L81_00887_783991.tif
train,/imgs/bj/t1/L81_00639_784295.jpg /imgs/bj/t3/L81_00639_784295.jpg /labels_unch0ch1ig255/bj/t1VSt3/L81_00639_784295.png /building_labels/bj/t1/L81_00639_784295.png /building_labels/bj/t3/L81_00639_784295.png /offset_st_resize256/bj/t1/L81_00639_784295.tif /offset_st_resize256/bj/t3/L81_00639_784295.tif /flow_btv3_resize256/bj/t1VSt3/L81_00639_784295.tif
train,/imgs/bj/t1/L81_00711_784183.jpg /imgs/bj/t3/L81_00711_784183.jpg /labels_unch0ch1ig255/bj/t1VSt3/L81_00711_784183.png /building_labels/bj/t1/L81_00711_784183.png /building_labels/bj/t3/L81_00711_784183.png /offset_st_resize256/bj/t1/L81_00711_784183.tif /offset_st_resize256/bj/t3/L81_00711_784183.tif /flow_btv3_resize256/bj/t1VSt3/L81_00711_784183.tif
train,/imgs/bj/t1/L81_00647_784071.jpg /imgs/bj/t3/L81_00647_784071.jpg /labels_unch0ch1ig255/bj/t1VSt3/L81_00647_784071.png /building_labels/bj/t1/L81_00647_784071.png /building_labels/bj/t3/L81_00647_784071.png /offset_st_resize256/bj/t1/L81_00647_784071.tif /offset_st_resize256/bj/t3/L81_00647_784071.tif /flow_btv3_resize256/bj/t1VSt3/L81_00647_784071.tif
test,/imgs/bj/t2/L81_00663_784271.jpg /imgs/bj/t3/L81_00663_784271.jpg /labels_unch0ch1ig255/bj/t2VSt3/L81_00663_784271.png /building_labels/bj/t2/L81_00663_784271.png /building_labels/bj/t3/L81_00663_784271.png
train,/imgs/bj/t1/L81_00663_784263.jpg /imgs/bj/t3/L81_00663_784263.jpg /labels_unch0ch1ig255/bj/t1VSt3/L81_00663_784263.png /building_labels/bj/t1/L81_00663_784263.png /building_labels/bj/t3/L81_00663_784263.png /offset_st_resize256/bj/t1/L81_00663_784263.tif /offset_st_resize256/bj/t3/L81_00663_784263.tif /flow_btv3_resize256/bj/t1VSt3/L81_00663_784263.tif
train,/imgs/bj/t1/L81_00815_784207.jpg /imgs/bj/t3/L81_00815_784207.jpg /labels_unch0ch1ig255/bj/t1VSt3/L81_00815_784207.png /building_labels/bj/t1/L81_00815_784207.png /building_labels/bj/t3/L81_00815_784207.png /offset_st_resize256/bj/t1/L81_00815_784207.tif /offset_st_resize256/bj/t3/L81_00815_784207.tif /flow_btv3_resize256/bj/t1VSt3/L81_00815_784207.tif
train,/imgs/sh/t2/L81_892919_780463.jpg /imgs/sh/t3/L81_892919_780463.jpg /labels_unch0ch1ig255/sh/t2VSt3/L81_892919_780463.png /building_labels/sh/t2/L81_892919_780463.png /building_labels/sh/t3/L81_892919_780463.png /offset_st_resize256/sh/t2/L81_892919_780463.tif /offset_st_resize256/sh/t3/L81_892919_780463.tif /flow_btv3_resize256/sh/t2VSt3/L81_892919_780463.tif
val,/imgs/sh/t1/L81_892791_780519.jpg /imgs/sh/t2/L81_892791_780519.jpg /labels/sh/t1VSt2/L81_892791_780519.png /building_labels/sh/t1/L81_892791_780519.png /building_labels/sh/t2/L81_892791_780519.png /offset_st_resize256/sh/t1/L81_892791_780519.tif /offset_st_resize256/sh/t2/L81_892791_780519.tif /flow_btv3_resize256/sh/t1VSt2/L81_892791_780519.tif
train,/imgs/sh/t1/L81_892879_780519.jpg /imgs/sh/t3/L81_892879_780519.jpg /labels_unch0ch1ig255/sh/t1VSt3/L81_892879_780519.png /building_labels/sh/t1/L81_892879_780519.png /building_labels/sh/t3/L81_892879_780519.png /offset_st_resize256/sh/t1/L81_892879_780519.tif /offset_st_resize256/sh/t3/L81_892879_780519.tif /flow_btv3_resize256/sh/t1VSt3/L81_892879_780519.tif
train,/imgs/bj/t1/L81_00879_784143.jpg /imgs/bj/t3/L81_00879_784143.jpg /labels_unch0ch1ig255/bj/t1VSt3/L81_00879_784143.png /building_labels/bj/t1/L81_00879_784143.png /building_labels/bj/t3/L81_00879_784143.png /offset_st_resize256/bj/t1/L81_00879_784143.tif /offset_st_resize256/bj/t3/L81_00879_784143.tif /flow_btv3_resize256/bj/t1VSt3/L81_00879_784143.tif
train,/imgs/bj/t2/L81_00831_784215.jpg /imgs/bj/t3/L81_00831_784215.jpg /labels_unch0ch1ig255/bj/t2VSt3/L81_00831_784215.png /building_labels/bj/t2/L81_00831_784215.png /building_labels/bj/t3/L81_00831_784215.png /offset_st_resize256/bj/t2/L81_00831_784215.tif /offset_st_resize256/bj/t3/L81_00831_784215.tif /flow_btv3_resize256/bj/t2VSt3/L81_00831_784215.tif
train,/imgs/bj/t2/L81_00687_784183.jpg /imgs/bj/t3/L81_00687_784183.jpg /labels_unch0ch1ig255/bj/t2VSt3/L81_00687_784183.png /building_labels/bj/t2/L81_00687_784183.png /building_labels/bj/t3/L81_00687_784183.png /offset_st_resize256/bj/t2/L81_00687_784183.tif /offset_st_resize256/bj/t3/L81_00687_784183.tif /flow_btv3_resize256/bj/t2VSt3/L81_00687_784183.tif
train,/imgs/bj/t2/L81_00823_784143.jpg /imgs/bj/t3/L81_00823_784143.jpg /labels_unch0ch1ig255/bj/t2VSt3/L81_00823_784143.png /building_labels/bj/t2/L81_00823_784143.png /building_labels/bj/t3/L81_00823_784143.png /offset_st_resize256/bj/t2/L81_00823_784143.tif /offset_st_resize256/bj/t3/L81_00823_784143.tif /flow_btv3_resize256/bj/t2VSt3/L81_00823_784143.tif
train,/imgs/sh/t2/L81_892823_780439.jpg /imgs/sh/t3/L81_892823_780439.jpg /labels_unch0ch1ig255/sh/t2VSt3/L81_892823_780439.png /building_labels/sh/t2/L81_892823_780439.png /building_labels/sh/t3/L81_892823_780439.png /offset_st_resize256/sh/t2/L81_892823_780439.tif /offset_st_resize256/sh/t3/L81_892823_780439.tif /flow_btv3_resize256/sh/t2VSt3/L81_892823_780439.tif
train,/imgs/sh/t2/L81_892815_780519.jpg /imgs/sh/t3/L81_892815_780519.jpg /labels_unch0ch1ig255/sh/t2VSt3/L81_892815_780519.png /building_labels/sh/t2/L81_892815_780519.png /building_labels/sh/t3/L81_892815_780519.png /offset_st_resize256/sh/t2/L81_892815_780519.tif /offset_st_resize256/sh/t3/L81_892815_780519.tif /flow_btv3_resize256/sh/t2VSt3/L81_892815_780519.tif
train,/imgs/bj/t1/L81_00711_784071.jpg /imgs/bj/t3/L81_00711_784071.jpg /labels_unch0ch1ig255/bj/t1VSt3/L81_00711_784071.png /building_labels/bj/t1/L81_00711_784071.png /building_labels/bj/t3/L81_00711_784071.png /offset_st_resize256/bj/t1/L81_00711_784071.tif /offset_st_resize256/bj/t3/L81_00711_784071.tif /flow_btv3_resize256/bj/t1VSt3/L81_00711_784071.tif
train,/imgs/sh/t1/L81_892879_780431.jpg /imgs/sh/t3/L81_892879_780431.jpg /labels_unch0ch1ig255/sh/t1VSt3/L81_892879_780431.png /building_labels/sh/t1/L81_892879_780431.png /building_labels/sh/t3/L81_892879_780431.png /offset_st_resize256/sh/t1/L81_892879_780431.tif /offset_st_resize256/sh/t3/L81_892879_780431.tif /flow_btv3_resize256/sh/t1VSt3/L81_892879_780431.tif
train,/imgs/bj/t1/L81_00887_784111.jpg /imgs/bj/t3/L81_00887_784111.jpg /labels_unch0ch1ig255/bj/t1VSt3/L81_00887_784111.png /building_labels/bj/t1/L81_00887_784111.png /building_labels/bj/t3/L81_00887_784111.png /offset_st_resize256/bj/t1/L81_00887_784111.tif /offset_st_resize256/bj/t3/L81_00887_784111.tif /flow_btv3_resize256/bj/t1VSt3/L81_00887_784111.tif
val,/imgs/sh/t1/L81_892887_780471.jpg /imgs/sh/t3/L81_892887_780471.jpg /labels/sh/t1VSt3/L81_892887_780471.png /building_labels/sh/t1/L81_892887_780471.png /building_labels/sh/t3/L81_892887_780471.png /offset_st_resize256/sh/t1/L81_892887_780471.tif /offset_st_resize256/sh/t3/L81_892887_780471.tif /flow_btv3_resize256/sh/t1VSt3/L81_892887_780471.tif
train,/imgs/sh/t2/L81_892847_780511.jpg /imgs/sh/t3/L81_892847_780511.jpg /labels_unch0ch1ig255/sh/t2VSt3/L81_892847_780511.png /building_labels/sh/t2/L81_892847_780511.png /building_labels/sh/t3/L81_892847_780511.png /offset_st_resize256/sh/t2/L81_892847_780511.tif /offset_st_resize256/sh/t3/L81_892847_780511.tif /flow_btv3_resize256/sh/t2VSt3/L81_892847_780511.tif
train,/imgs/bj/t1/L81_00823_784151.jpg /imgs/bj/t2/L81_00823_784151.jpg /labels_unch0ch1ig255/bj/t1VSt2/L81_00823_784151.png /building_labels/bj/t1/L81_00823_784151.png /building_labels/bj/t2/L81_00823_784151.png /offset_st_resize256/bj/t1/L81_00823_784151.tif /offset_st_resize256/bj/t2/L81_00823_784151.tif /flow_btv3_resize256/bj/t1VSt2/L81_00823_784151.tif
train,/imgs/bj/t1/L81_00687_784063.jpg /imgs/bj/t2/L81_00687_784063.jpg /labels_unch0ch1ig255/bj/t1VSt2/L81_00687_784063.png /building_labels/bj/t1/L81_00687_784063.png /building_labels/bj/t2/L81_00687_784063.png /offset_st_resize256/bj/t1/L81_00687_784063.tif /offset_st_resize256/bj/t2/L81_00687_784063.tif /flow_btv3_resize256/bj/t1VSt2/L81_00687_784063.tif
train,/imgs/bj/t2/L81_00871_784063.jpg /imgs/bj/t3/L81_00871_784063.jpg /labels_unch0ch1ig255/bj/t2VSt3/L81_00871_784063.png /building_labels/bj/t2/L81_00871_784063.png /building_labels/bj/t3/L81_00871_784063.png /offset_st_resize256/bj/t2/L81_00871_784063.tif /offset_st_resize256/bj/t3/L81_00871_784063.tif /flow_btv3_resize256/bj/t2VSt3/L81_00871_784063.tif
train,/imgs/bj/t1/L81_00879_783983.jpg /imgs/bj/t3/L81_00879_783983.jpg /labels_unch0ch1ig255/bj/t1VSt3/L81_00879_783983.png /building_labels/bj/t1/L81_00879_783983.png /building_labels/bj/t3/L81_00879_783983.png /offset_st_resize256/bj/t1/L81_00879_783983.tif /offset_st_resize256/bj/t3/L81_00879_783983.tif /flow_btv3_resize256/bj/t1VSt3/L81_00879_783983.tif
val,/imgs/sh/t2/L81_892871_780447.jpg /imgs/sh/t3/L81_892871_780447.jpg /labels/sh/t2VSt3/L81_892871_780447.png /building_labels/sh/t2/L81_892871_780447.png /building_labels/sh/t3/L81_892871_780447.png /offset_st_resize256/sh/t2/L81_892871_780447.tif /offset_st_resize256/sh/t3/L81_892871_780447.tif /flow_btv3_resize256/sh/t2VSt3/L81_892871_780447.tif
train,/imgs/bj/t1/L81_00959_783935.jpg /imgs/bj/t3/L81_00959_783935.jpg /labels_unch0ch1ig255/bj/t1VSt3/L81_00959_783935.png /building_labels/bj/t1/L81_00959_783935.png /building_labels/bj/t3/L81_00959_783935.png /offset_st_resize256/bj/t1/L81_00959_783935.tif /offset_st_resize256/bj/t3/L81_00959_783935.tif /flow_btv3_resize256/bj/t1VSt3/L81_00959_783935.tif
train,/imgs/bj/t1/L81_00839_784191.jpg /imgs/bj/t3/L81_00839_784191.jpg /labels_unch0ch1ig255/bj/t1VSt3/L81_00839_784191.png /building_labels/bj/t1/L81_00839_784191.png /building_labels/bj/t3/L81_00839_784191.png /offset_st_resize256/bj/t1/L81_00839_784191.tif /offset_st_resize256/bj/t3/L81_00839_784191.tif /flow_btv3_resize256/bj/t1VSt3/L81_00839_784191.tif
val,/imgs/bj/t1/L81_00679_784071.jpg /imgs/bj/t3/L81_00679_784071.jpg /labels/bj/t1VSt3/L81_00679_784071.png /building_labels/bj/t1/L81_00679_784071.png /building_labels/bj/t3/L81_00679_784071.png /offset_st_resize256/bj/t1/L81_00679_784071.tif /offset_st_resize256/bj/t3/L81_00679_784071.tif /flow_btv3_resize256/bj/t1VSt3/L81_00679_784071.tif
train,/imgs/sh/t1/L81_892871_780487.jpg /imgs/sh/t2/L81_892871_780487.jpg /labels_unch0ch1ig255/sh/t1VSt2/L81_892871_780487.png /building_labels/sh/t1/L81_892871_780487.png /building_labels/sh/t2/L81_892871_780487.png /offset_st_resize256/sh/t1/L81_892871_780487.tif /offset_st_resize256/sh/t2/L81_892871_780487.tif /flow_btv3_resize256/sh/t1VSt2/L81_892871_780487.tif
train,/imgs/sh/t1/L81_892911_780423.jpg /imgs/sh/t3/L81_892911_780423.jpg /labels_unch0ch1ig255/sh/t1VSt3/L81_892911_780423.png /building_labels/sh/t1/L81_892911_780423.png /building_labels/sh/t3/L81_892911_780423.png /offset_st_resize256/sh/t1/L81_892911_780423.tif /offset_st_resize256/sh/t3/L81_892911_780423.tif /flow_btv3_resize256/sh/t1VSt3/L81_892911_780423.tif
train,/imgs/sh/t1/L81_892799_780479.jpg /imgs/sh/t3/L81_892799_780479.jpg /labels_unch0ch1ig255/sh/t1VSt3/L81_892799_780479.png /building_labels/sh/t1/L81_892799_780479.png /building_labels/sh/t3/L81_892799_780479.png /offset_st_resize256/sh/t1/L81_892799_780479.tif /offset_st_resize256/sh/t3/L81_892799_780479.tif /flow_btv3_resize256/sh/t1VSt3/L81_892799_780479.tif
train,/imgs/sh/t1/L81_892791_780423.jpg /imgs/sh/t2/L81_892791_780423.jpg /labels_unch0ch1ig255/sh/t1VSt2/L81_892791_780423.png /building_labels/sh/t1/L81_892791_780423.png /building_labels/sh/t2/L81_892791_780423.png /offset_st_resize256/sh/t1/L81_892791_780423.tif /offset_st_resize256/sh/t2/L81_892791_780423.tif /flow_btv3_resize256/sh/t1VSt2/L81_892791_780423.tif
test,/imgs/sh/t1/L81_892855_780503.jpg /imgs/sh/t3/L81_892855_780503.jpg /labels_unch0ch1ig255/sh/t1VSt3/L81_892855_780503.png /building_labels/sh/t1/L81_892855_780503.png /building_labels/sh/t3/L81_892855_780503.png
train,/imgs/sh/t1/L81_892895_780519.jpg /imgs/sh/t3/L81_892895_780519.jpg /labels_unch0ch1ig255/sh/t1VSt3/L81_892895_780519.png /building_labels/sh/t1/L81_892895_780519.png /building_labels/sh/t3/L81_892895_780519.png /offset_st_resize256/sh/t1/L81_892895_780519.tif /offset_st_resize256/sh/t3/L81_892895_780519.tif /flow_btv3_resize256/sh/t1VSt3/L81_892895_780519.tif
train,/imgs/bj/t1/L81_00639_784223.jpg /imgs/bj/t3/L81_00639_784223.jpg /labels_unch0ch1ig255/bj/t1VSt3/L81_00639_784223.png /building_labels/bj/t1/L81_00639_784223.png /building_labels/bj/t3/L81_00639_784223.png /offset_st_resize256/bj/t1/L81_00639_784223.tif /offset_st_resize256/bj/t3/L81_00639_784223.tif /flow_btv3_resize256/bj/t1VSt3/L81_00639_784223.tif
train,/imgs/bj/t1/L81_00663_783975.jpg /imgs/bj/t2/L81_00663_783975.jpg /labels_unch0ch1ig255/bj/t1VSt2/L81_00663_783975.png /building_labels/bj/t1/L81_00663_783975.png /building_labels/bj/t2/L81_00663_783975.png /offset_st_resize256/bj/t1/L81_00663_783975.tif /offset_st_resize256/bj/t2/L81_00663_783975.tif /flow_btv3_resize256/bj/t1VSt2/L81_00663_783975.tif
train,/imgs/bj/t2/L81_00831_784287.jpg /imgs/bj/t3/L81_00831_784287.jpg /labels_unch0ch1ig255/bj/t2VSt3/L81_00831_784287.png /building_labels/bj/t2/L81_00831_784287.png /building_labels/bj/t3/L81_00831_784287.png /offset_st_resize256/bj/t2/L81_00831_784287.tif /offset_st_resize256/bj/t3/L81_00831_784287.tif /flow_btv3_resize256/bj/t2VSt3/L81_00831_784287.tif
train,/imgs/sh/t1/L81_892863_780439.jpg /imgs/sh/t3/L81_892863_780439.jpg /labels_unch0ch1ig255/sh/t1VSt3/L81_892863_780439.png /building_labels/sh/t1/L81_892863_780439.png /building_labels/sh/t3/L81_892863_780439.png /offset_st_resize256/sh/t1/L81_892863_780439.tif /offset_st_resize256/sh/t3/L81_892863_780439.tif /flow_btv3_resize256/sh/t1VSt3/L81_892863_780439.tif
train,/imgs/sh/t1/L81_892919_780439.jpg /imgs/sh/t2/L81_892919_780439.jpg /labels_unch0ch1ig255/sh/t1VSt2/L81_892919_780439.png /building_labels/sh/t1/L81_892919_780439.png /building_labels/sh/t2/L81_892919_780439.png /offset_st_resize256/sh/t1/L81_892919_780439.tif /offset_st_resize256/sh/t2/L81_892919_780439.tif /flow_btv3_resize256/sh/t1VSt2/L81_892919_780439.tif
train,/imgs/bj/t1/L81_00639_784143.jpg /imgs/bj/t2/L81_00639_784143.jpg /labels_unch0ch1ig255/bj/t1VSt2/L81_00639_784143.png /building_labels/bj/t1/L81_00639_784143.png /building_labels/bj/t2/L81_00639_784143.png /offset_st_resize256/bj/t1/L81_00639_784143.tif /offset_st_resize256/bj/t2/L81_00639_784143.tif /flow_btv3_resize256/bj/t1VSt2/L81_00639_784143.tif
train,/imgs/bj/t2/L81_00639_784063.jpg /imgs/bj/t3/L81_00639_784063.jpg /labels_unch0ch1ig255/bj/t2VSt3/L81_00639_784063.png /building_labels/bj/t2/L81_00639_784063.png /building_labels/bj/t3/L81_00639_784063.png /offset_st_resize256/bj/t2/L81_00639_784063.tif /offset_st_resize256/bj/t3/L81_00639_784063.tif /flow_btv3_resize256/bj/t2VSt3/L81_00639_784063.tif
train,/imgs/sh/t1/L81_892823_780527.jpg /imgs/sh/t2/L81_892823_780527.jpg /labels_unch0ch1ig255/sh/t1VSt2/L81_892823_780527.png /building_labels/sh/t1/L81_892823_780527.png /building_labels/sh/t2/L81_892823_780527.png /offset_st_resize256/sh/t1/L81_892823_780527.tif /offset_st_resize256/sh/t2/L81_892823_780527.tif /flow_btv3_resize256/sh/t1VSt2/L81_892823_780527.tif
val,/imgs/bj/t1/L81_00663_784311.jpg /imgs/bj/t2/L81_00663_784311.jpg /labels/bj/t1VSt2/L81_00663_784311.png /building_labels/bj/t1/L81_00663_784311.png /building_labels/bj/t2/L81_00663_784311.png /offset_st_resize256/bj/t1/L81_00663_784311.tif /offset_st_resize256/bj/t2/L81_00663_784311.tif /flow_btv3_resize256/bj/t1VSt2/L81_00663_784311.tif
train,/imgs/sh/t1/L81_892799_780511.jpg /imgs/sh/t3/L81_892799_780511.jpg /labels_unch0ch1ig255/sh/t1VSt3/L81_892799_780511.png /building_labels/sh/t1/L81_892799_780511.png /building_labels/sh/t3/L81_892799_780511.png /offset_st_resize256/sh/t1/L81_892799_780511.tif /offset_st_resize256/sh/t3/L81_892799_780511.tif /flow_btv3_resize256/sh/t1VSt3/L81_892799_780511.tif
train,/imgs/bj/t1/L81_00831_784247.jpg /imgs/bj/t2/L81_00831_784247.jpg /labels_unch0ch1ig255/bj/t1VSt2/L81_00831_784247.png /building_labels/bj/t1/L81_00831_784247.png /building_labels/bj/t2/L81_00831_784247.png /offset_st_resize256/bj/t1/L81_00831_784247.tif /offset_st_resize256/bj/t2/L81_00831_784247.tif /flow_btv3_resize256/bj/t1VSt2/L81_00831_784247.tif
train,/imgs/bj/t1/L81_00839_784279.jpg /imgs/bj/t2/L81_00839_784279.jpg /labels_unch0ch1ig255/bj/t1VSt2/L81_00839_784279.png /building_labels/bj/t1/L81_00839_784279.png /building_labels/bj/t2/L81_00839_784279.png /offset_st_resize256/bj/t1/L81_00839_784279.tif /offset_st_resize256/bj/t2/L81_00839_784279.tif /flow_btv3_resize256/bj/t1VSt2/L81_00839_784279.tif
train,/imgs/sh/t2/L81_892807_780447.jpg /imgs/sh/t3/L81_892807_780447.jpg /labels_unch0ch1ig255/sh/t2VSt3/L81_892807_780447.png /building_labels/sh/t2/L81_892807_780447.png /building_labels/sh/t3/L81_892807_780447.png /offset_st_resize256/sh/t2/L81_892807_780447.tif /offset_st_resize256/sh/t3/L81_892807_780447.tif /flow_btv3_resize256/sh/t2VSt3/L81_892807_780447.tif
train,/imgs/bj/t1/L81_00671_784007.jpg /imgs/bj/t2/L81_00671_784007.jpg /labels_unch0ch1ig255/bj/t1VSt2/L81_00671_784007.png /building_labels/bj/t1/L81_00671_784007.png /building_labels/bj/t2/L81_00671_784007.png /offset_st_resize256/bj/t1/L81_00671_784007.tif /offset_st_resize256/bj/t2/L81_00671_784007.tif /flow_btv3_resize256/bj/t1VSt2/L81_00671_784007.tif
test,/imgs/bj/t2/L81_00671_784207.jpg /imgs/bj/t3/L81_00671_784207.jpg /labels_unch0ch1ig255/bj/t2VSt3/L81_00671_784207.png /building_labels/bj/t2/L81_00671_784207.png /building_labels/bj/t3/L81_00671_784207.png
val,/imgs/sh/t2/L81_892831_780447.jpg /imgs/sh/t3/L81_892831_780447.jpg /labels/sh/t2VSt3/L81_892831_780447.png /building_labels/sh/t2/L81_892831_780447.png /building_labels/sh/t3/L81_892831_780447.png /offset_st_resize256/sh/t2/L81_892831_780447.tif /offset_st_resize256/sh/t3/L81_892831_780447.tif /flow_btv3_resize256/sh/t2VSt3/L81_892831_780447.tif
train,/imgs/sh/t2/L81_892911_780479.jpg /imgs/sh/t3/L81_892911_780479.jpg /labels_unch0ch1ig255/sh/t2VSt3/L81_892911_780479.png /building_labels/sh/t2/L81_892911_780479.png /building_labels/sh/t3/L81_892911_780479.png /offset_st_resize256/sh/t2/L81_892911_780479.tif /offset_st_resize256/sh/t3/L81_892911_780479.tif /flow_btv3_resize256/sh/t2VSt3/L81_892911_780479.tif
val,/imgs/sh/t1/L81_892863_780423.jpg /imgs/sh/t2/L81_892863_780423.jpg /labels/sh/t1VSt2/L81_892863_780423.png /building_labels/sh/t1/L81_892863_780423.png /building_labels/sh/t2/L81_892863_780423.png /offset_st_resize256/sh/t1/L81_892863_780423.tif /offset_st_resize256/sh/t2/L81_892863_780423.tif /flow_btv3_resize256/sh/t1VSt2/L81_892863_780423.tif
train,/imgs/sh/t1/L81_892927_780439.jpg /imgs/sh/t3/L81_892927_780439.jpg /labels_unch0ch1ig255/sh/t1VSt3/L81_892927_780439.png /building_labels/sh/t1/L81_892927_780439.png /building_labels/sh/t3/L81_892927_780439.png /offset_st_resize256/sh/t1/L81_892927_780439.tif /offset_st_resize256/sh/t3/L81_892927_780439.tif /flow_btv3_resize256/sh/t1VSt3/L81_892927_780439.tif
train,/imgs/bj/t1/L81_00879_783999.jpg /imgs/bj/t2/L81_00879_783999.jpg /labels_unch0ch1ig255/bj/t1VSt2/L81_00879_783999.png /building_labels/bj/t1/L81_00879_783999.png /building_labels/bj/t2/L81_00879_783999.png /offset_st_resize256/bj/t1/L81_00879_783999.tif /offset_st_resize256/bj/t2/L81_00879_783999.tif /flow_btv3_resize256/bj/t1VSt2/L81_00879_783999.tif
train,/imgs/bj/t2/L81_00655_783967.jpg /imgs/bj/t3/L81_00655_783967.jpg /labels_unch0ch1ig255/bj/t2VSt3/L81_00655_783967.png /building_labels/bj/t2/L81_00655_783967.png /building_labels/bj/t3/L81_00655_783967.png /offset_st_resize256/bj/t2/L81_00655_783967.tif /offset_st_resize256/bj/t3/L81_00655_783967.tif /flow_btv3_resize256/bj/t2VSt3/L81_00655_783967.tif
train,/imgs/bj/t1/L81_00823_784143.jpg /imgs/bj/t3/L81_00823_784143.jpg /labels_unch0ch1ig255/bj/t1VSt3/L81_00823_784143.png /building_labels/bj/t1/L81_00823_784143.png /building_labels/bj/t3/L81_00823_784143.png /offset_st_resize256/bj/t1/L81_00823_784143.tif /offset_st_resize256/bj/t3/L81_00823_784143.tif /flow_btv3_resize256/bj/t1VSt3/L81_00823_784143.tif
train,/imgs/sh/t1/L81_892903_780527.jpg /imgs/sh/t2/L81_892903_780527.jpg /labels_unch0ch1ig255/sh/t1VSt2/L81_892903_780527.png /building_labels/sh/t1/L81_892903_780527.png /building_labels/sh/t2/L81_892903_780527.png /offset_st_resize256/sh/t1/L81_892903_780527.tif /offset_st_resize256/sh/t2/L81_892903_780527.tif /flow_btv3_resize256/sh/t1VSt2/L81_892903_780527.tif
train,/imgs/bj/t2/L81_00647_784311.jpg /imgs/bj/t3/L81_00647_784311.jpg /labels_unch0ch1ig255/bj/t2VSt3/L81_00647_784311.png /building_labels/bj/t2/L81_00647_784311.png /building_labels/bj/t3/L81_00647_784311.png /offset_st_resize256/bj/t2/L81_00647_784311.tif /offset_st_resize256/bj/t3/L81_00647_784311.tif /flow_btv3_resize256/bj/t2VSt3/L81_00647_784311.tif
train,/imgs/bj/t1/L81_00647_784279.jpg /imgs/bj/t3/L81_00647_784279.jpg /labels_unch0ch1ig255/bj/t1VSt3/L81_00647_784279.png /building_labels/bj/t1/L81_00647_784279.png /building_labels/bj/t3/L81_00647_784279.png /offset_st_resize256/bj/t1/L81_00647_784279.tif /offset_st_resize256/bj/t3/L81_00647_784279.tif /flow_btv3_resize256/bj/t1VSt3/L81_00647_784279.tif
train,/imgs/bj/t2/L81_00655_783975.jpg /imgs/bj/t3/L81_00655_783975.jpg /labels_unch0ch1ig255/bj/t2VSt3/L81_00655_783975.png /building_labels/bj/t2/L81_00655_783975.png /building_labels/bj/t3/L81_00655_783975.png /offset_st_resize256/bj/t2/L81_00655_783975.tif /offset_st_resize256/bj/t3/L81_00655_783975.tif /flow_btv3_resize256/bj/t2VSt3/L81_00655_783975.tif
train,/imgs/bj/t1/L81_00863_784159.jpg /imgs/bj/t2/L81_00863_784159.jpg /labels_unch0ch1ig255/bj/t1VSt2/L81_00863_784159.png /building_labels/bj/t1/L81_00863_784159.png /building_labels/bj/t2/L81_00863_784159.png /offset_st_resize256/bj/t1/L81_00863_784159.tif /offset_st_resize256/bj/t2/L81_00863_784159.tif /flow_btv3_resize256/bj/t1VSt2/L81_00863_784159.tif
train,/imgs/sh/t1/L81_892855_780455.jpg /imgs/sh/t3/L81_892855_780455.jpg /labels_unch0ch1ig255/sh/t1VSt3/L81_892855_780455.png /building_labels/sh/t1/L81_892855_780455.png /building_labels/sh/t3/L81_892855_780455.png /offset_st_resize256/sh/t1/L81_892855_780455.tif /offset_st_resize256/sh/t3/L81_892855_780455.tif /flow_btv3_resize256/sh/t1VSt3/L81_892855_780455.tif
train,/imgs/bj/t1/L81_00815_784343.jpg /imgs/bj/t3/L81_00815_784343.jpg /labels_unch0ch1ig255/bj/t1VSt3/L81_00815_784343.png /building_labels/bj/t1/L81_00815_784343.png /building_labels/bj/t3/L81_00815_784343.png /offset_st_resize256/bj/t1/L81_00815_784343.tif /offset_st_resize256/bj/t3/L81_00815_784343.tif /flow_btv3_resize256/bj/t1VSt3/L81_00815_784343.tif
test,/imgs/sh/t2/L81_892887_780527.jpg /imgs/sh/t3/L81_892887_780527.jpg /labels_unch0ch1ig255/sh/t2VSt3/L81_892887_780527.png /building_labels/sh/t2/L81_892887_780527.png /building_labels/sh/t3/L81_892887_780527.png
test,/imgs/bj/t1/L81_00655_784311.jpg /imgs/bj/t3/L81_00655_784311.jpg /labels_unch0ch1ig255/bj/t1VSt3/L81_00655_784311.png /building_labels/bj/t1/L81_00655_784311.png /building_labels/bj/t3/L81_00655_784311.png
train,/imgs/bj/t2/L81_00847_784103.jpg /imgs/bj/t3/L81_00847_784103.jpg /labels_unch0ch1ig255/bj/t2VSt3/L81_00847_784103.png /building_labels/bj/t2/L81_00847_784103.png /building_labels/bj/t3/L81_00847_784103.png /offset_st_resize256/bj/t2/L81_00847_784103.tif /offset_st_resize256/bj/t3/L81_00847_784103.tif /flow_btv3_resize256/bj/t2VSt3/L81_00847_784103.tif
train,/imgs/bj/t2/L81_00687_784143.jpg /imgs/bj/t3/L81_00687_784143.jpg /labels_unch0ch1ig255/bj/t2VSt3/L81_00687_784143.png /building_labels/bj/t2/L81_00687_784143.png /building_labels/bj/t3/L81_00687_784143.png /offset_st_resize256/bj/t2/L81_00687_784143.tif /offset_st_resize256/bj/t3/L81_00687_784143.tif /flow_btv3_resize256/bj/t2VSt3/L81_00687_784143.tif
train,/imgs/sh/t1/L81_892879_780447.jpg /imgs/sh/t2/L81_892879_780447.jpg /labels_unch0ch1ig255/sh/t1VSt2/L81_892879_780447.png /building_labels/sh/t1/L81_892879_780447.png /building_labels/sh/t2/L81_892879_780447.png /offset_st_resize256/sh/t1/L81_892879_780447.tif /offset_st_resize256/sh/t2/L81_892879_780447.tif /flow_btv3_resize256/sh/t1VSt2/L81_892879_780447.tif
train,/imgs/sh/t2/L81_892847_780479.jpg /imgs/sh/t3/L81_892847_780479.jpg /labels_unch0ch1ig255/sh/t2VSt3/L81_892847_780479.png /building_labels/sh/t2/L81_892847_780479.png /building_labels/sh/t3/L81_892847_780479.png /offset_st_resize256/sh/t2/L81_892847_780479.tif /offset_st_resize256/sh/t3/L81_892847_780479.tif /flow_btv3_resize256/sh/t2VSt3/L81_892847_780479.tif
train,/imgs/bj/t2/L81_00711_784071.jpg /imgs/bj/t3/L81_00711_784071.jpg /labels_unch0ch1ig255/bj/t2VSt3/L81_00711_784071.png /building_labels/bj/t2/L81_00711_784071.png /building_labels/bj/t3/L81_00711_784071.png /offset_st_resize256/bj/t2/L81_00711_784071.tif /offset_st_resize256/bj/t3/L81_00711_784071.tif /flow_btv3_resize256/bj/t2VSt3/L81_00711_784071.tif
test,/imgs/bj/t1/L81_00639_784071.jpg /imgs/bj/t3/L81_00639_784071.jpg /labels_unch0ch1ig255/bj/t1VSt3/L81_00639_784071.png /building_labels/bj/t1/L81_00639_784071.png /building_labels/bj/t3/L81_00639_784071.png
train,/imgs/bj/t2/L81_00663_784303.jpg /imgs/bj/t3/L81_00663_784303.jpg /labels_unch0ch1ig255/bj/t2VSt3/L81_00663_784303.png /building_labels/bj/t2/L81_00663_784303.png /building_labels/bj/t3/L81_00663_784303.png /offset_st_resize256/bj/t2/L81_00663_784303.tif /offset_st_resize256/bj/t3/L81_00663_784303.tif /flow_btv3_resize256/bj/t2VSt3/L81_00663_784303.tif
val,/imgs/bj/t2/L81_00879_784159.jpg /imgs/bj/t3/L81_00879_784159.jpg /labels/bj/t2VSt3/L81_00879_784159.png /building_labels/bj/t2/L81_00879_784159.png /building_labels/bj/t3/L81_00879_784159.png /offset_st_resize256/bj/t2/L81_00879_784159.tif /offset_st_resize256/bj/t3/L81_00879_784159.tif /flow_btv3_resize256/bj/t2VSt3/L81_00879_784159.tif
train,/imgs/bj/t1/L81_00711_784103.jpg /imgs/bj/t3/L81_00711_784103.jpg /labels_unch0ch1ig255/bj/t1VSt3/L81_00711_784103.png /building_labels/bj/t1/L81_00711_784103.png /building_labels/bj/t3/L81_00711_784103.png /offset_st_resize256/bj/t1/L81_00711_784103.tif /offset_st_resize256/bj/t3/L81_00711_784103.tif /flow_btv3_resize256/bj/t1VSt3/L81_00711_784103.tif
val,/imgs/sh/t1/L81_892823_780471.jpg /imgs/sh/t3/L81_892823_780471.jpg /labels/sh/t1VSt3/L81_892823_780471.png /building_labels/sh/t1/L81_892823_780471.png /building_labels/sh/t3/L81_892823_780471.png /offset_st_resize256/sh/t1/L81_892823_780471.tif /offset_st_resize256/sh/t3/L81_892823_780471.tif /flow_btv3_resize256/sh/t1VSt3/L81_892823_780471.tif
test,/imgs/bj/t2/L81_00823_784071.jpg /imgs/bj/t3/L81_00823_784071.jpg /labels_unch0ch1ig255/bj/t2VSt3/L81_00823_784071.png /building_labels/bj/t2/L81_00823_784071.png /building_labels/bj/t3/L81_00823_784071.png
train,/imgs/sh/t1/L81_892815_780463.jpg /imgs/sh/t2/L81_892815_780463.jpg /labels_unch0ch1ig255/sh/t1VSt2/L81_892815_780463.png /building_labels/sh/t1/L81_892815_780463.png /building_labels/sh/t2/L81_892815_780463.png /offset_st_resize256/sh/t1/L81_892815_780463.tif /offset_st_resize256/sh/t2/L81_892815_780463.tif /flow_btv3_resize256/sh/t1VSt2/L81_892815_780463.tif
train,/imgs/bj/t1/L81_00687_784287.jpg /imgs/bj/t3/L81_00687_784287.jpg /labels_unch0ch1ig255/bj/t1VSt3/L81_00687_784287.png /building_labels/bj/t1/L81_00687_784287.png /building_labels/bj/t3/L81_00687_784287.png /offset_st_resize256/bj/t1/L81_00687_784287.tif /offset_st_resize256/bj/t3/L81_00687_784287.tif /flow_btv3_resize256/bj/t1VSt3/L81_00687_784287.tif
train,/imgs/sh/t2/L81_892783_780447.jpg /imgs/sh/t3/L81_892783_780447.jpg /labels_unch0ch1ig255/sh/t2VSt3/L81_892783_780447.png /building_labels/sh/t2/L81_892783_780447.png /building_labels/sh/t3/L81_892783_780447.png /offset_st_resize256/sh/t2/L81_892783_780447.tif /offset_st_resize256/sh/t3/L81_892783_780447.tif /flow_btv3_resize256/sh/t2VSt3/L81_892783_780447.tif
test,/imgs/bj/t1/L81_00679_784167.jpg /imgs/bj/t3/L81_00679_784167.jpg /labels_unch0ch1ig255/bj/t1VSt3/L81_00679_784167.png /building_labels/bj/t1/L81_00679_784167.png /building_labels/bj/t3/L81_00679_784167.png
train,/imgs/sh/t2/L81_892863_780527.jpg /imgs/sh/t3/L81_892863_780527.jpg /labels_unch0ch1ig255/sh/t2VSt3/L81_892863_780527.png /building_labels/sh/t2/L81_892863_780527.png /building_labels/sh/t3/L81_892863_780527.png /offset_st_resize256/sh/t2/L81_892863_780527.tif /offset_st_resize256/sh/t3/L81_892863_780527.tif /flow_btv3_resize256/sh/t2VSt3/L81_892863_780527.tif
val,/imgs/sh/t1/L81_892903_780439.jpg /imgs/sh/t3/L81_892903_780439.jpg /labels/sh/t1VSt3/L81_892903_780439.png /building_labels/sh/t1/L81_892903_780439.png /building_labels/sh/t3/L81_892903_780439.png /offset_st_resize256/sh/t1/L81_892903_780439.tif /offset_st_resize256/sh/t3/L81_892903_780439.tif /flow_btv3_resize256/sh/t1VSt3/L81_892903_780439.tif
test,/imgs/sh/t1/L81_892911_780447.jpg /imgs/sh/t2/L81_892911_780447.jpg /labels_unch0ch1ig255/sh/t1VSt2/L81_892911_780447.png /building_labels/sh/t1/L81_892911_780447.png /building_labels/sh/t2/L81_892911_780447.png
train,/imgs/bj/t2/L81_00663_784047.jpg /imgs/bj/t3/L81_00663_784047.jpg /labels_unch0ch1ig255/bj/t2VSt3/L81_00663_784047.png /building_labels/bj/t2/L81_00663_784047.png /building_labels/bj/t3/L81_00663_784047.png /offset_st_resize256/bj/t2/L81_00663_784047.tif /offset_st_resize256/bj/t3/L81_00663_784047.tif /flow_btv3_resize256/bj/t2VSt3/L81_00663_784047.tif
train,/imgs/bj/t1/L81_00647_784103.jpg /imgs/bj/t3/L81_00647_784103.jpg /labels_unch0ch1ig255/bj/t1VSt3/L81_00647_784103.png /building_labels/bj/t1/L81_00647_784103.png /building_labels/bj/t3/L81_00647_784103.png /offset_st_resize256/bj/t1/L81_00647_784103.tif /offset_st_resize256/bj/t3/L81_00647_784103.tif /flow_btv3_resize256/bj/t1VSt3/L81_00647_784103.tif
train,/imgs/sh/t2/L81_892871_780439.jpg /imgs/sh/t3/L81_892871_780439.jpg /labels_unch0ch1ig255/sh/t2VSt3/L81_892871_780439.png /building_labels/sh/t2/L81_892871_780439.png /building_labels/sh/t3/L81_892871_780439.png /offset_st_resize256/sh/t2/L81_892871_780439.tif /offset_st_resize256/sh/t3/L81_892871_780439.tif /flow_btv3_resize256/sh/t2VSt3/L81_892871_780439.tif
train,/imgs/bj/t1/L81_00671_784087.jpg /imgs/bj/t3/L81_00671_784087.jpg /labels_unch0ch1ig255/bj/t1VSt3/L81_00671_784087.png /building_labels/bj/t1/L81_00671_784087.png /building_labels/bj/t3/L81_00671_784087.png /offset_st_resize256/bj/t1/L81_00671_784087.tif /offset_st_resize256/bj/t3/L81_00671_784087.tif /flow_btv3_resize256/bj/t1VSt3/L81_00671_784087.tif
val,/imgs/sh/t1/L81_892839_780527.jpg /imgs/sh/t2/L81_892839_780527.jpg /labels/sh/t1VSt2/L81_892839_780527.png /building_labels/sh/t1/L81_892839_780527.png /building_labels/sh/t2/L81_892839_780527.png /offset_st_resize256/sh/t1/L81_892839_780527.tif /offset_st_resize256/sh/t2/L81_892839_780527.tif /flow_btv3_resize256/sh/t1VSt2/L81_892839_780527.tif
train,/imgs/sh/t1/L81_892927_780447.jpg /imgs/sh/t3/L81_892927_780447.jpg /labels_unch0ch1ig255/sh/t1VSt3/L81_892927_780447.png /building_labels/sh/t1/L81_892927_780447.png /building_labels/sh/t3/L81_892927_780447.png /offset_st_resize256/sh/t1/L81_892927_780447.tif /offset_st_resize256/sh/t3/L81_892927_780447.tif /flow_btv3_resize256/sh/t1VSt3/L81_892927_780447.tif
train,/imgs/sh/t1/L81_892831_780519.jpg /imgs/sh/t2/L81_892831_780519.jpg /labels_unch0ch1ig255/sh/t1VSt2/L81_892831_780519.png /building_labels/sh/t1/L81_892831_780519.png /building_labels/sh/t2/L81_892831_780519.png /offset_st_resize256/sh/t1/L81_892831_780519.tif /offset_st_resize256/sh/t2/L81_892831_780519.tif /flow_btv3_resize256/sh/t1VSt2/L81_892831_780519.tif
test,/imgs/bj/t2/L81_00655_784311.jpg /imgs/bj/t3/L81_00655_784311.jpg /labels_unch0ch1ig255/bj/t2VSt3/L81_00655_784311.png /building_labels/bj/t2/L81_00655_784311.png /building_labels/bj/t3/L81_00655_784311.png
train,/imgs/bj/t1/L81_00647_784279.jpg /imgs/bj/t2/L81_00647_784279.jpg /labels_unch0ch1ig255/bj/t1VSt2/L81_00647_784279.png /building_labels/bj/t1/L81_00647_784279.png /building_labels/bj/t2/L81_00647_784279.png /offset_st_resize256/bj/t1/L81_00647_784279.tif /offset_st_resize256/bj/t2/L81_00647_784279.tif /flow_btv3_resize256/bj/t1VSt2/L81_00647_784279.tif
train,/imgs/sh/t1/L81_892855_780511.jpg /imgs/sh/t3/L81_892855_780511.jpg /labels_unch0ch1ig255/sh/t1VSt3/L81_892855_780511.png /building_labels/sh/t1/L81_892855_780511.png /building_labels/sh/t3/L81_892855_780511.png /offset_st_resize256/sh/t1/L81_892855_780511.tif /offset_st_resize256/sh/t3/L81_892855_780511.tif /flow_btv3_resize256/sh/t1VSt3/L81_892855_780511.tif
test,/imgs/bj/t1/L81_00711_784151.jpg /imgs/bj/t3/L81_00711_784151.jpg /labels_unch0ch1ig255/bj/t1VSt3/L81_00711_784151.png /building_labels/bj/t1/L81_00711_784151.png /building_labels/bj/t3/L81_00711_784151.png
train,/imgs/sh/t2/L81_892871_780471.jpg /imgs/sh/t3/L81_892871_780471.jpg /labels_unch0ch1ig255/sh/t2VSt3/L81_892871_780471.png /building_labels/sh/t2/L81_892871_780471.png /building_labels/sh/t3/L81_892871_780471.png /offset_st_resize256/sh/t2/L81_892871_780471.tif /offset_st_resize256/sh/t3/L81_892871_780471.tif /flow_btv3_resize256/sh/t2VSt3/L81_892871_780471.tif
train,/imgs/sh/t1/L81_892927_780455.jpg /imgs/sh/t2/L81_892927_780455.jpg /labels_unch0ch1ig255/sh/t1VSt2/L81_892927_780455.png /building_labels/sh/t1/L81_892927_780455.png /building_labels/sh/t2/L81_892927_780455.png /offset_st_resize256/sh/t1/L81_892927_780455.tif /offset_st_resize256/sh/t2/L81_892927_780455.tif /flow_btv3_resize256/sh/t1VSt2/L81_892927_780455.tif
train,/imgs/bj/t2/L81_00655_784143.jpg /imgs/bj/t3/L81_00655_784143.jpg /labels_unch0ch1ig255/bj/t2VSt3/L81_00655_784143.png /building_labels/bj/t2/L81_00655_784143.png /building_labels/bj/t3/L81_00655_784143.png /offset_st_resize256/bj/t2/L81_00655_784143.tif /offset_st_resize256/bj/t3/L81_00655_784143.tif /flow_btv3_resize256/bj/t2VSt3/L81_00655_784143.tif
train,/imgs/sh/t1/L81_892911_780495.jpg /imgs/sh/t3/L81_892911_780495.jpg /labels_unch0ch1ig255/sh/t1VSt3/L81_892911_780495.png /building_labels/sh/t1/L81_892911_780495.png /building_labels/sh/t3/L81_892911_780495.png /offset_st_resize256/sh/t1/L81_892911_780495.tif /offset_st_resize256/sh/t3/L81_892911_780495.tif /flow_btv3_resize256/sh/t1VSt3/L81_892911_780495.tif
val,/imgs/bj/t2/L81_00959_784295.jpg /imgs/bj/t3/L81_00959_784295.jpg /labels/bj/t2VSt3/L81_00959_784295.png /building_labels/bj/t2/L81_00959_784295.png /building_labels/bj/t3/L81_00959_784295.png /offset_st_resize256/bj/t2/L81_00959_784295.tif /offset_st_resize256/bj/t3/L81_00959_784295.tif /flow_btv3_resize256/bj/t2VSt3/L81_00959_784295.tif
train,/imgs/bj/t1/L81_00687_784191.jpg /imgs/bj/t2/L81_00687_784191.jpg /labels_unch0ch1ig255/bj/t1VSt2/L81_00687_784191.png /building_labels/bj/t1/L81_00687_784191.png /building_labels/bj/t2/L81_00687_784191.png /offset_st_resize256/bj/t1/L81_00687_784191.tif /offset_st_resize256/bj/t2/L81_00687_784191.tif /flow_btv3_resize256/bj/t1VSt2/L81_00687_784191.tif
train,/imgs/sh/t2/L81_892927_780519.jpg /imgs/sh/t3/L81_892927_780519.jpg /labels_unch0ch1ig255/sh/t2VSt3/L81_892927_780519.png /building_labels/sh/t2/L81_892927_780519.png /building_labels/sh/t3/L81_892927_780519.png /offset_st_resize256/sh/t2/L81_892927_780519.tif /offset_st_resize256/sh/t3/L81_892927_780519.tif /flow_btv3_resize256/sh/t2VSt3/L81_892927_780519.tif
train,/imgs/bj/t1/L81_00831_784207.jpg /imgs/bj/t2/L81_00831_784207.jpg /labels_unch0ch1ig255/bj/t1VSt2/L81_00831_784207.png /building_labels/bj/t1/L81_00831_784207.png /building_labels/bj/t2/L81_00831_784207.png /offset_st_resize256/bj/t1/L81_00831_784207.tif /offset_st_resize256/bj/t2/L81_00831_784207.tif /flow_btv3_resize256/bj/t1VSt2/L81_00831_784207.tif
train,/imgs/bj/t1/L81_00871_784247.jpg /imgs/bj/t2/L81_00871_784247.jpg /labels_unch0ch1ig255/bj/t1VSt2/L81_00871_784247.png /building_labels/bj/t1/L81_00871_784247.png /building_labels/bj/t2/L81_00871_784247.png /offset_st_resize256/bj/t1/L81_00871_784247.tif /offset_st_resize256/bj/t2/L81_00871_784247.tif /flow_btv3_resize256/bj/t1VSt2/L81_00871_784247.tif
train,/imgs/bj/t1/L81_00871_784063.jpg /imgs/bj/t3/L81_00871_784063.jpg /labels_unch0ch1ig255/bj/t1VSt3/L81_00871_784063.png /building_labels/bj/t1/L81_00871_784063.png /building_labels/bj/t3/L81_00871_784063.png /offset_st_resize256/bj/t1/L81_00871_784063.tif /offset_st_resize256/bj/t3/L81_00871_784063.tif /flow_btv3_resize256/bj/t1VSt3/L81_00871_784063.tif
train,/imgs/bj/t1/L81_00863_784191.jpg /imgs/bj/t2/L81_00863_784191.jpg /labels_unch0ch1ig255/bj/t1VSt2/L81_00863_784191.png /building_labels/bj/t1/L81_00863_784191.png /building_labels/bj/t2/L81_00863_784191.png /offset_st_resize256/bj/t1/L81_00863_784191.tif /offset_st_resize256/bj/t2/L81_00863_784191.tif /flow_btv3_resize256/bj/t1VSt2/L81_00863_784191.tif
val,/imgs/bj/t1/L81_00679_784039.jpg /imgs/bj/t3/L81_00679_784039.jpg /labels/bj/t1VSt3/L81_00679_784039.png /building_labels/bj/t1/L81_00679_784039.png /building_labels/bj/t3/L81_00679_784039.png /offset_st_resize256/bj/t1/L81_00679_784039.tif /offset_st_resize256/bj/t3/L81_00679_784039.tif /flow_btv3_resize256/bj/t1VSt3/L81_00679_784039.tif
train,/imgs/bj/t1/L81_00671_784023.jpg /imgs/bj/t2/L81_00671_784023.jpg /labels_unch0ch1ig255/bj/t1VSt2/L81_00671_784023.png /building_labels/bj/t1/L81_00671_784023.png /building_labels/bj/t2/L81_00671_784023.png /offset_st_resize256/bj/t1/L81_00671_784023.tif /offset_st_resize256/bj/t2/L81_00671_784023.tif /flow_btv3_resize256/bj/t1VSt2/L81_00671_784023.tif
train,/imgs/bj/t2/L81_00815_784335.jpg /imgs/bj/t3/L81_00815_784335.jpg /labels_unch0ch1ig255/bj/t2VSt3/L81_00815_784335.png /building_labels/bj/t2/L81_00815_784335.png /building_labels/bj/t3/L81_00815_784335.png /offset_st_resize256/bj/t2/L81_00815_784335.tif /offset_st_resize256/bj/t3/L81_00815_784335.tif /flow_btv3_resize256/bj/t2VSt3/L81_00815_784335.tif
val,/imgs/bj/t1/L81_00671_784167.jpg /imgs/bj/t2/L81_00671_784167.jpg /labels/bj/t1VSt2/L81_00671_784167.png /building_labels/bj/t1/L81_00671_784167.png /building_labels/bj/t2/L81_00671_784167.png /offset_st_resize256/bj/t1/L81_00671_784167.tif /offset_st_resize256/bj/t2/L81_00671_784167.tif /flow_btv3_resize256/bj/t1VSt2/L81_00671_784167.tif
train,/imgs/bj/t2/L81_00831_784351.jpg /imgs/bj/t3/L81_00831_784351.jpg /labels_unch0ch1ig255/bj/t2VSt3/L81_00831_784351.png /building_labels/bj/t2/L81_00831_784351.png /building_labels/bj/t3/L81_00831_784351.png /offset_st_resize256/bj/t2/L81_00831_784351.tif /offset_st_resize256/bj/t3/L81_00831_784351.tif /flow_btv3_resize256/bj/t2VSt3/L81_00831_784351.tif
train,/imgs/sh/t1/L81_892831_780455.jpg /imgs/sh/t2/L81_892831_780455.jpg /labels_unch0ch1ig255/sh/t1VSt2/L81_892831_780455.png /building_labels/sh/t1/L81_892831_780455.png /building_labels/sh/t2/L81_892831_780455.png /offset_st_resize256/sh/t1/L81_892831_780455.tif /offset_st_resize256/sh/t2/L81_892831_780455.tif /flow_btv3_resize256/sh/t1VSt2/L81_892831_780455.tif
test,/imgs/sh/t2/L81_892807_780503.jpg /imgs/sh/t3/L81_892807_780503.jpg /labels_unch0ch1ig255/sh/t2VSt3/L81_892807_780503.png /building_labels/sh/t2/L81_892807_780503.png /building_labels/sh/t3/L81_892807_780503.png
train,/imgs/bj/t1/L81_00943_784303.jpg /imgs/bj/t2/L81_00943_784303.jpg /labels_unch0ch1ig255/bj/t1VSt2/L81_00943_784303.png /building_labels/bj/t1/L81_00943_784303.png /building_labels/bj/t2/L81_00943_784303.png /offset_st_resize256/bj/t1/L81_00943_784303.tif /offset_st_resize256/bj/t2/L81_00943_784303.tif /flow_btv3_resize256/bj/t1VSt2/L81_00943_784303.tif
train,/imgs/bj/t2/L81_00671_784143.jpg /imgs/bj/t3/L81_00671_784143.jpg /labels_unch0ch1ig255/bj/t2VSt3/L81_00671_784143.png /building_labels/bj/t2/L81_00671_784143.png /building_labels/bj/t3/L81_00671_784143.png /offset_st_resize256/bj/t2/L81_00671_784143.tif /offset_st_resize256/bj/t3/L81_00671_784143.tif /flow_btv3_resize256/bj/t2VSt3/L81_00671_784143.tif
test,/imgs/bj/t1/L81_00679_784031.jpg /imgs/bj/t3/L81_00679_784031.jpg /labels_unch0ch1ig255/bj/t1VSt3/L81_00679_784031.png /building_labels/bj/t1/L81_00679_784031.png /building_labels/bj/t3/L81_00679_784031.png
train,/imgs/bj/t1/L81_00815_784215.jpg /imgs/bj/t3/L81_00815_784215.jpg /labels_unch0ch1ig255/bj/t1VSt3/L81_00815_784215.png /building_labels/bj/t1/L81_00815_784215.png /building_labels/bj/t3/L81_00815_784215.png /offset_st_resize256/bj/t1/L81_00815_784215.tif /offset_st_resize256/bj/t3/L81_00815_784215.tif /flow_btv3_resize256/bj/t1VSt3/L81_00815_784215.tif
train,/imgs/sh/t1/L81_892807_780511.jpg /imgs/sh/t2/L81_892807_780511.jpg /labels_unch0ch1ig255/sh/t1VSt2/L81_892807_780511.png /building_labels/sh/t1/L81_892807_780511.png /building_labels/sh/t2/L81_892807_780511.png /offset_st_resize256/sh/t1/L81_892807_780511.tif /offset_st_resize256/sh/t2/L81_892807_780511.tif /flow_btv3_resize256/sh/t1VSt2/L81_892807_780511.tif
train,/imgs/sh/t2/L81_892799_780487.jpg /imgs/sh/t3/L81_892799_780487.jpg /labels_unch0ch1ig255/sh/t2VSt3/L81_892799_780487.png /building_labels/sh/t2/L81_892799_780487.png /building_labels/sh/t3/L81_892799_780487.png /offset_st_resize256/sh/t2/L81_892799_780487.tif /offset_st_resize256/sh/t3/L81_892799_780487.tif /flow_btv3_resize256/sh/t2VSt3/L81_892799_780487.tif
train,/imgs/sh/t1/L81_892815_780527.jpg /imgs/sh/t2/L81_892815_780527.jpg /labels_unch0ch1ig255/sh/t1VSt2/L81_892815_780527.png /building_labels/sh/t1/L81_892815_780527.png /building_labels/sh/t2/L81_892815_780527.png /offset_st_resize256/sh/t1/L81_892815_780527.tif /offset_st_resize256/sh/t2/L81_892815_780527.tif /flow_btv3_resize256/sh/t1VSt2/L81_892815_780527.tif
train,/imgs/bj/t2/L81_00687_784287.jpg /imgs/bj/t3/L81_00687_784287.jpg /labels_unch0ch1ig255/bj/t2VSt3/L81_00687_784287.png /building_labels/bj/t2/L81_00687_784287.png /building_labels/bj/t3/L81_00687_784287.png /offset_st_resize256/bj/t2/L81_00687_784287.tif /offset_st_resize256/bj/t3/L81_00687_784287.tif /flow_btv3_resize256/bj/t2VSt3/L81_00687_784287.tif
train,/imgs/bj/t1/L81_00823_784047.jpg /imgs/bj/t3/L81_00823_784047.jpg /labels_unch0ch1ig255/bj/t1VSt3/L81_00823_784047.png /building_labels/bj/t1/L81_00823_784047.png /building_labels/bj/t3/L81_00823_784047.png /offset_st_resize256/bj/t1/L81_00823_784047.tif /offset_st_resize256/bj/t3/L81_00823_784047.tif /flow_btv3_resize256/bj/t1VSt3/L81_00823_784047.tif
train,/imgs/bj/t1/L81_00671_784295.jpg /imgs/bj/t3/L81_00671_784295.jpg /labels_unch0ch1ig255/bj/t1VSt3/L81_00671_784295.png /building_labels/bj/t1/L81_00671_784295.png /building_labels/bj/t3/L81_00671_784295.png /offset_st_resize256/bj/t1/L81_00671_784295.tif /offset_st_resize256/bj/t3/L81_00671_784295.tif /flow_btv3_resize256/bj/t1VSt3/L81_00671_784295.tif
test,/imgs/sh/t1/L81_892815_780423.jpg /imgs/sh/t3/L81_892815_780423.jpg /labels_unch0ch1ig255/sh/t1VSt3/L81_892815_780423.png /building_labels/sh/t1/L81_892815_780423.png /building_labels/sh/t3/L81_892815_780423.png
train,/imgs/sh/t2/L81_892903_780495.jpg /imgs/sh/t3/L81_892903_780495.jpg /labels_unch0ch1ig255/sh/t2VSt3/L81_892903_780495.png /building_labels/sh/t2/L81_892903_780495.png /building_labels/sh/t3/L81_892903_780495.png /offset_st_resize256/sh/t2/L81_892903_780495.tif /offset_st_resize256/sh/t3/L81_892903_780495.tif /flow_btv3_resize256/sh/t2VSt3/L81_892903_780495.tif
train,/imgs/bj/t2/L81_00663_784175.jpg /imgs/bj/t3/L81_00663_784175.jpg /labels_unch0ch1ig255/bj/t2VSt3/L81_00663_784175.png /building_labels/bj/t2/L81_00663_784175.png /building_labels/bj/t3/L81_00663_784175.png /offset_st_resize256/bj/t2/L81_00663_784175.tif /offset_st_resize256/bj/t3/L81_00663_784175.tif /flow_btv3_resize256/bj/t2VSt3/L81_00663_784175.tif
test,/imgs/sh/t1/L81_892879_780455.jpg /imgs/sh/t2/L81_892879_780455.jpg /labels_unch0ch1ig255/sh/t1VSt2/L81_892879_780455.png /building_labels/sh/t1/L81_892879_780455.png /building_labels/sh/t2/L81_892879_780455.png
train,/imgs/bj/t2/L81_00839_784191.jpg /imgs/bj/t3/L81_00839_784191.jpg /labels_unch0ch1ig255/bj/t2VSt3/L81_00839_784191.png /building_labels/bj/t2/L81_00839_784191.png /building_labels/bj/t3/L81_00839_784191.png /offset_st_resize256/bj/t2/L81_00839_784191.tif /offset_st_resize256/bj/t3/L81_00839_784191.tif /flow_btv3_resize256/bj/t2VSt3/L81_00839_784191.tif
train,/imgs/bj/t1/L81_00655_784303.jpg /imgs/bj/t2/L81_00655_784303.jpg /labels_unch0ch1ig255/bj/t1VSt2/L81_00655_784303.png /building_labels/bj/t1/L81_00655_784303.png /building_labels/bj/t2/L81_00655_784303.png /offset_st_resize256/bj/t1/L81_00655_784303.tif /offset_st_resize256/bj/t2/L81_00655_784303.tif /flow_btv3_resize256/bj/t1VSt2/L81_00655_784303.tif
train,/imgs/sh/t1/L81_892863_780463.jpg /imgs/sh/t3/L81_892863_780463.jpg /labels_unch0ch1ig255/sh/t1VSt3/L81_892863_780463.png /building_labels/sh/t1/L81_892863_780463.png /building_labels/sh/t3/L81_892863_780463.png /offset_st_resize256/sh/t1/L81_892863_780463.tif /offset_st_resize256/sh/t3/L81_892863_780463.tif /flow_btv3_resize256/sh/t1VSt3/L81_892863_780463.tif
train,/imgs/bj/t1/L81_00647_784311.jpg /imgs/bj/t3/L81_00647_784311.jpg /labels_unch0ch1ig255/bj/t1VSt3/L81_00647_784311.png /building_labels/bj/t1/L81_00647_784311.png /building_labels/bj/t3/L81_00647_784311.png /offset_st_resize256/bj/t1/L81_00647_784311.tif /offset_st_resize256/bj/t3/L81_00647_784311.tif /flow_btv3_resize256/bj/t1VSt3/L81_00647_784311.tif
train,/imgs/sh/t2/L81_892863_780503.jpg /imgs/sh/t3/L81_892863_780503.jpg /labels_unch0ch1ig255/sh/t2VSt3/L81_892863_780503.png /building_labels/sh/t2/L81_892863_780503.png /building_labels/sh/t3/L81_892863_780503.png /offset_st_resize256/sh/t2/L81_892863_780503.tif /offset_st_resize256/sh/t3/L81_892863_780503.tif /flow_btv3_resize256/sh/t2VSt3/L81_892863_780503.tif
train,/imgs/bj/t2/L81_00663_784031.jpg /imgs/bj/t3/L81_00663_784031.jpg /labels_unch0ch1ig255/bj/t2VSt3/L81_00663_784031.png /building_labels/bj/t2/L81_00663_784031.png /building_labels/bj/t3/L81_00663_784031.png /offset_st_resize256/bj/t2/L81_00663_784031.tif /offset_st_resize256/bj/t3/L81_00663_784031.tif /flow_btv3_resize256/bj/t2VSt3/L81_00663_784031.tif
train,/imgs/bj/t2/L81_00823_784151.jpg /imgs/bj/t3/L81_00823_784151.jpg /labels_unch0ch1ig255/bj/t2VSt3/L81_00823_784151.png /building_labels/bj/t2/L81_00823_784151.png /building_labels/bj/t3/L81_00823_784151.png /offset_st_resize256/bj/t2/L81_00823_784151.tif /offset_st_resize256/bj/t3/L81_00823_784151.tif /flow_btv3_resize256/bj/t2VSt3/L81_00823_784151.tif
train,/imgs/bj/t1/L81_00639_784303.jpg /imgs/bj/t3/L81_00639_784303.jpg /labels_unch0ch1ig255/bj/t1VSt3/L81_00639_784303.png /building_labels/bj/t1/L81_00639_784303.png /building_labels/bj/t3/L81_00639_784303.png /offset_st_resize256/bj/t1/L81_00639_784303.tif /offset_st_resize256/bj/t3/L81_00639_784303.tif /flow_btv3_resize256/bj/t1VSt3/L81_00639_784303.tif
test,/imgs/bj/t2/L81_00655_784071.jpg /imgs/bj/t3/L81_00655_784071.jpg /labels_unch0ch1ig255/bj/t2VSt3/L81_00655_784071.png /building_labels/bj/t2/L81_00655_784071.png /building_labels/bj/t3/L81_00655_784071.png
train,/imgs/bj/t2/L81_00663_784167.jpg /imgs/bj/t3/L81_00663_784167.jpg /labels_unch0ch1ig255/bj/t2VSt3/L81_00663_784167.png /building_labels/bj/t2/L81_00663_784167.png /building_labels/bj/t3/L81_00663_784167.png /offset_st_resize256/bj/t2/L81_00663_784167.tif /offset_st_resize256/bj/t3/L81_00663_784167.tif /flow_btv3_resize256/bj/t2VSt3/L81_00663_784167.tif
train,/imgs/sh/t1/L81_892879_780479.jpg /imgs/sh/t2/L81_892879_780479.jpg /labels_unch0ch1ig255/sh/t1VSt2/L81_892879_780479.png /building_labels/sh/t1/L81_892879_780479.png /building_labels/sh/t2/L81_892879_780479.png /offset_st_resize256/sh/t1/L81_892879_780479.tif /offset_st_resize256/sh/t2/L81_892879_780479.tif /flow_btv3_resize256/sh/t1VSt2/L81_892879_780479.tif
train,/imgs/bj/t1/L81_00823_784287.jpg /imgs/bj/t2/L81_00823_784287.jpg /labels_unch0ch1ig255/bj/t1VSt2/L81_00823_784287.png /building_labels/bj/t1/L81_00823_784287.png /building_labels/bj/t2/L81_00823_784287.png /offset_st_resize256/bj/t1/L81_00823_784287.tif /offset_st_resize256/bj/t2/L81_00823_784287.tif /flow_btv3_resize256/bj/t1VSt2/L81_00823_784287.tif
val,/imgs/sh/t1/L81_892895_780511.jpg /imgs/sh/t2/L81_892895_780511.jpg /labels/sh/t1VSt2/L81_892895_780511.png /building_labels/sh/t1/L81_892895_780511.png /building_labels/sh/t2/L81_892895_780511.png /offset_st_resize256/sh/t1/L81_892895_780511.tif /offset_st_resize256/sh/t2/L81_892895_780511.tif /flow_btv3_resize256/sh/t1VSt2/L81_892895_780511.tif
val,/imgs/bj/t1/L81_00679_784095.jpg /imgs/bj/t3/L81_00679_784095.jpg /labels/bj/t1VSt3/L81_00679_784095.png /building_labels/bj/t1/L81_00679_784095.png /building_labels/bj/t3/L81_00679_784095.png /offset_st_resize256/bj/t1/L81_00679_784095.tif /offset_st_resize256/bj/t3/L81_00679_784095.tif /flow_btv3_resize256/bj/t1VSt3/L81_00679_784095.tif
val,/imgs/bj/t2/L81_00647_784063.jpg /imgs/bj/t3/L81_00647_784063.jpg /labels/bj/t2VSt3/L81_00647_784063.png /building_labels/bj/t2/L81_00647_784063.png /building_labels/bj/t3/L81_00647_784063.png /offset_st_resize256/bj/t2/L81_00647_784063.tif /offset_st_resize256/bj/t3/L81_00647_784063.tif /flow_btv3_resize256/bj/t2VSt3/L81_00647_784063.tif
train,/imgs/sh/t1/L81_892927_780463.jpg /imgs/sh/t3/L81_892927_780463.jpg /labels_unch0ch1ig255/sh/t1VSt3/L81_892927_780463.png /building_labels/sh/t1/L81_892927_780463.png /building_labels/sh/t3/L81_892927_780463.png /offset_st_resize256/sh/t1/L81_892927_780463.tif /offset_st_resize256/sh/t3/L81_892927_780463.tif /flow_btv3_resize256/sh/t1VSt3/L81_892927_780463.tif
train,/imgs/bj/t1/L81_00959_784279.jpg /imgs/bj/t3/L81_00959_784279.jpg /labels_unch0ch1ig255/bj/t1VSt3/L81_00959_784279.png /building_labels/bj/t1/L81_00959_784279.png /building_labels/bj/t3/L81_00959_784279.png /offset_st_resize256/bj/t1/L81_00959_784279.tif /offset_st_resize256/bj/t3/L81_00959_784279.tif /flow_btv3_resize256/bj/t1VSt3/L81_00959_784279.tif
train,/imgs/bj/t1/L81_00823_784055.jpg /imgs/bj/t2/L81_00823_784055.jpg /labels_unch0ch1ig255/bj/t1VSt2/L81_00823_784055.png /building_labels/bj/t1/L81_00823_784055.png /building_labels/bj/t2/L81_00823_784055.png /offset_st_resize256/bj/t1/L81_00823_784055.tif /offset_st_resize256/bj/t2/L81_00823_784055.tif /flow_btv3_resize256/bj/t1VSt2/L81_00823_784055.tif
val,/imgs/bj/t1/L81_00823_784031.jpg /imgs/bj/t3/L81_00823_784031.jpg /labels/bj/t1VSt3/L81_00823_784031.png /building_labels/bj/t1/L81_00823_784031.png /building_labels/bj/t3/L81_00823_784031.png /offset_st_resize256/bj/t1/L81_00823_784031.tif /offset_st_resize256/bj/t3/L81_00823_784031.tif /flow_btv3_resize256/bj/t1VSt3/L81_00823_784031.tif
train,/imgs/bj/t1/L81_00671_784199.jpg /imgs/bj/t3/L81_00671_784199.jpg /labels_unch0ch1ig255/bj/t1VSt3/L81_00671_784199.png /building_labels/bj/t1/L81_00671_784199.png /building_labels/bj/t3/L81_00671_784199.png /offset_st_resize256/bj/t1/L81_00671_784199.tif /offset_st_resize256/bj/t3/L81_00671_784199.tif /flow_btv3_resize256/bj/t1VSt3/L81_00671_784199.tif
train,/imgs/sh/t1/L81_892911_780495.jpg /imgs/sh/t2/L81_892911_780495.jpg /labels_unch0ch1ig255/sh/t1VSt2/L81_892911_780495.png /building_labels/sh/t1/L81_892911_780495.png /building_labels/sh/t2/L81_892911_780495.png /offset_st_resize256/sh/t1/L81_892911_780495.tif /offset_st_resize256/sh/t2/L81_892911_780495.tif /flow_btv3_resize256/sh/t1VSt2/L81_892911_780495.tif
train,/imgs/bj/t1/L81_00847_784223.jpg /imgs/bj/t3/L81_00847_784223.jpg /labels_unch0ch1ig255/bj/t1VSt3/L81_00847_784223.png /building_labels/bj/t1/L81_00847_784223.png /building_labels/bj/t3/L81_00847_784223.png /offset_st_resize256/bj/t1/L81_00847_784223.tif /offset_st_resize256/bj/t3/L81_00847_784223.tif /flow_btv3_resize256/bj/t1VSt3/L81_00847_784223.tif
train,/imgs/bj/t2/L81_00967_784295.jpg /imgs/bj/t3/L81_00967_784295.jpg /labels_unch0ch1ig255/bj/t2VSt3/L81_00967_784295.png /building_labels/bj/t2/L81_00967_784295.png /building_labels/bj/t3/L81_00967_784295.png /offset_st_resize256/bj/t2/L81_00967_784295.tif /offset_st_resize256/bj/t3/L81_00967_784295.tif /flow_btv3_resize256/bj/t2VSt3/L81_00967_784295.tif
train,/imgs/sh/t1/L81_892887_780511.jpg /imgs/sh/t3/L81_892887_780511.jpg /labels_unch0ch1ig255/sh/t1VSt3/L81_892887_780511.png /building_labels/sh/t1/L81_892887_780511.png /building_labels/sh/t3/L81_892887_780511.png /offset_st_resize256/sh/t1/L81_892887_780511.tif /offset_st_resize256/sh/t3/L81_892887_780511.tif /flow_btv3_resize256/sh/t1VSt3/L81_892887_780511.tif
train,/imgs/bj/t2/L81_00663_783975.jpg /imgs/bj/t3/L81_00663_783975.jpg /labels_unch0ch1ig255/bj/t2VSt3/L81_00663_783975.png /building_labels/bj/t2/L81_00663_783975.png /building_labels/bj/t3/L81_00663_783975.png /offset_st_resize256/bj/t2/L81_00663_783975.tif /offset_st_resize256/bj/t3/L81_00663_783975.tif /flow_btv3_resize256/bj/t2VSt3/L81_00663_783975.tif
train,/imgs/sh/t1/L81_892799_780495.jpg /imgs/sh/t3/L81_892799_780495.jpg /labels_unch0ch1ig255/sh/t1VSt3/L81_892799_780495.png /building_labels/sh/t1/L81_892799_780495.png /building_labels/sh/t3/L81_892799_780495.png /offset_st_resize256/sh/t1/L81_892799_780495.tif /offset_st_resize256/sh/t3/L81_892799_780495.tif /flow_btv3_resize256/sh/t1VSt3/L81_892799_780495.tif
test,/imgs/bj/t1/L81_00655_784311.jpg /imgs/bj/t2/L81_00655_784311.jpg /labels_unch0ch1ig255/bj/t1VSt2/L81_00655_784311.png /building_labels/bj/t1/L81_00655_784311.png /building_labels/bj/t2/L81_00655_784311.png
train,/imgs/bj/t2/L81_00679_784263.jpg /imgs/bj/t3/L81_00679_784263.jpg /labels_unch0ch1ig255/bj/t2VSt3/L81_00679_784263.png /building_labels/bj/t2/L81_00679_784263.png /building_labels/bj/t3/L81_00679_784263.png /offset_st_resize256/bj/t2/L81_00679_784263.tif /offset_st_resize256/bj/t3/L81_00679_784263.tif /flow_btv3_resize256/bj/t2VSt3/L81_00679_784263.tif
train,/imgs/bj/t1/L81_00823_784063.jpg /imgs/bj/t3/L81_00823_784063.jpg /labels_unch0ch1ig255/bj/t1VSt3/L81_00823_784063.png /building_labels/bj/t1/L81_00823_784063.png /building_labels/bj/t3/L81_00823_784063.png /offset_st_resize256/bj/t1/L81_00823_784063.tif /offset_st_resize256/bj/t3/L81_00823_784063.tif /flow_btv3_resize256/bj/t1VSt3/L81_00823_784063.tif
train,/imgs/bj/t2/L81_00871_784255.jpg /imgs/bj/t3/L81_00871_784255.jpg /labels_unch0ch1ig255/bj/t2VSt3/L81_00871_784255.png /building_labels/bj/t2/L81_00871_784255.png /building_labels/bj/t3/L81_00871_784255.png /offset_st_resize256/bj/t2/L81_00871_784255.tif /offset_st_resize256/bj/t3/L81_00871_784255.tif /flow_btv3_resize256/bj/t2VSt3/L81_00871_784255.tif
train,/imgs/sh/t2/L81_892823_780527.jpg /imgs/sh/t3/L81_892823_780527.jpg /labels_unch0ch1ig255/sh/t2VSt3/L81_892823_780527.png /building_labels/sh/t2/L81_892823_780527.png /building_labels/sh/t3/L81_892823_780527.png /offset_st_resize256/sh/t2/L81_892823_780527.tif /offset_st_resize256/sh/t3/L81_892823_780527.tif /flow_btv3_resize256/sh/t2VSt3/L81_892823_780527.tif
train,/imgs/bj/t2/L81_00639_783967.jpg /imgs/bj/t3/L81_00639_783967.jpg /labels_unch0ch1ig255/bj/t2VSt3/L81_00639_783967.png /building_labels/bj/t2/L81_00639_783967.png /building_labels/bj/t3/L81_00639_783967.png /offset_st_resize256/bj/t2/L81_00639_783967.tif /offset_st_resize256/bj/t3/L81_00639_783967.tif /flow_btv3_resize256/bj/t2VSt3/L81_00639_783967.tif
train,/imgs/sh/t1/L81_892783_780455.jpg /imgs/sh/t3/L81_892783_780455.jpg /labels_unch0ch1ig255/sh/t1VSt3/L81_892783_780455.png /building_labels/sh/t1/L81_892783_780455.png /building_labels/sh/t3/L81_892783_780455.png /offset_st_resize256/sh/t1/L81_892783_780455.tif /offset_st_resize256/sh/t3/L81_892783_780455.tif /flow_btv3_resize256/sh/t1VSt3/L81_892783_780455.tif
train,/imgs/bj/t1/L81_00687_784143.jpg /imgs/bj/t2/L81_00687_784143.jpg /labels_unch0ch1ig255/bj/t1VSt2/L81_00687_784143.png /building_labels/bj/t1/L81_00687_784143.png /building_labels/bj/t2/L81_00687_784143.png /offset_st_resize256/bj/t1/L81_00687_784143.tif /offset_st_resize256/bj/t2/L81_00687_784143.tif /flow_btv3_resize256/bj/t1VSt2/L81_00687_784143.tif
train,/imgs/sh/t1/L81_892815_780471.jpg /imgs/sh/t2/L81_892815_780471.jpg /labels_unch0ch1ig255/sh/t1VSt2/L81_892815_780471.png /building_labels/sh/t1/L81_892815_780471.png /building_labels/sh/t2/L81_892815_780471.png /offset_st_resize256/sh/t1/L81_892815_780471.tif /offset_st_resize256/sh/t2/L81_892815_780471.tif /flow_btv3_resize256/sh/t1VSt2/L81_892815_780471.tif
test,/imgs/bj/t2/L81_00679_784199.jpg /imgs/bj/t3/L81_00679_784199.jpg /labels_unch0ch1ig255/bj/t2VSt3/L81_00679_784199.png /building_labels/bj/t2/L81_00679_784199.png /building_labels/bj/t3/L81_00679_784199.png
val,/imgs/sh/t2/L81_892847_780447.jpg /imgs/sh/t3/L81_892847_780447.jpg /labels/sh/t2VSt3/L81_892847_780447.png /building_labels/sh/t2/L81_892847_780447.png /building_labels/sh/t3/L81_892847_780447.png /offset_st_resize256/sh/t2/L81_892847_780447.tif /offset_st_resize256/sh/t3/L81_892847_780447.tif /flow_btv3_resize256/sh/t2VSt3/L81_892847_780447.tif
val,/imgs/sh/t1/L81_892919_780447.jpg /imgs/sh/t3/L81_892919_780447.jpg /labels/sh/t1VSt3/L81_892919_780447.png /building_labels/sh/t1/L81_892919_780447.png /building_labels/sh/t3/L81_892919_780447.png /offset_st_resize256/sh/t1/L81_892919_780447.tif /offset_st_resize256/sh/t3/L81_892919_780447.tif /flow_btv3_resize256/sh/t1VSt3/L81_892919_780447.tif
train,/imgs/bj/t1/L81_00647_784207.jpg /imgs/bj/t3/L81_00647_784207.jpg /labels_unch0ch1ig255/bj/t1VSt3/L81_00647_784207.png /building_labels/bj/t1/L81_00647_784207.png /building_labels/bj/t3/L81_00647_784207.png /offset_st_resize256/bj/t1/L81_00647_784207.tif /offset_st_resize256/bj/t3/L81_00647_784207.tif /flow_btv3_resize256/bj/t1VSt3/L81_00647_784207.tif
train,/imgs/sh/t1/L81_892783_780479.jpg /imgs/sh/t2/L81_892783_780479.jpg /labels_unch0ch1ig255/sh/t1VSt2/L81_892783_780479.png /building_labels/sh/t1/L81_892783_780479.png /building_labels/sh/t2/L81_892783_780479.png /offset_st_resize256/sh/t1/L81_892783_780479.tif /offset_st_resize256/sh/t2/L81_892783_780479.tif /flow_btv3_resize256/sh/t1VSt2/L81_892783_780479.tif
train,/imgs/sh/t1/L81_892823_780463.jpg /imgs/sh/t2/L81_892823_780463.jpg /labels_unch0ch1ig255/sh/t1VSt2/L81_892823_780463.png /building_labels/sh/t1/L81_892823_780463.png /building_labels/sh/t2/L81_892823_780463.png /offset_st_resize256/sh/t1/L81_892823_780463.tif /offset_st_resize256/sh/t2/L81_892823_780463.tif /flow_btv3_resize256/sh/t1VSt2/L81_892823_780463.tif
val,/imgs/sh/t2/L81_892887_780471.jpg /imgs/sh/t3/L81_892887_780471.jpg /labels/sh/t2VSt3/L81_892887_780471.png /building_labels/sh/t2/L81_892887_780471.png /building_labels/sh/t3/L81_892887_780471.png /offset_st_resize256/sh/t2/L81_892887_780471.tif /offset_st_resize256/sh/t3/L81_892887_780471.tif /flow_btv3_resize256/sh/t2VSt3/L81_892887_780471.tif
train,/imgs/sh/t1/L81_892783_780527.jpg /imgs/sh/t3/L81_892783_780527.jpg /labels_unch0ch1ig255/sh/t1VSt3/L81_892783_780527.png /building_labels/sh/t1/L81_892783_780527.png /building_labels/sh/t3/L81_892783_780527.png /offset_st_resize256/sh/t1/L81_892783_780527.tif /offset_st_resize256/sh/t3/L81_892783_780527.tif /flow_btv3_resize256/sh/t1VSt3/L81_892783_780527.tif
test,/imgs/bj/t1/L81_00887_784127.jpg /imgs/bj/t2/L81_00887_784127.jpg /labels_unch0ch1ig255/bj/t1VSt2/L81_00887_784127.png /building_labels/bj/t1/L81_00887_784127.png /building_labels/bj/t2/L81_00887_784127.png
train,/imgs/bj/t1/L81_00831_784087.jpg /imgs/bj/t3/L81_00831_784087.jpg /labels_unch0ch1ig255/bj/t1VSt3/L81_00831_784087.png /building_labels/bj/t1/L81_00831_784087.png /building_labels/bj/t3/L81_00831_784087.png /offset_st_resize256/bj/t1/L81_00831_784087.tif /offset_st_resize256/bj/t3/L81_00831_784087.tif /flow_btv3_resize256/bj/t1VSt3/L81_00831_784087.tif
train,/imgs/bj/t1/L81_00967_784335.jpg /imgs/bj/t3/L81_00967_784335.jpg /labels_unch0ch1ig255/bj/t1VSt3/L81_00967_784335.png /building_labels/bj/t1/L81_00967_784335.png /building_labels/bj/t3/L81_00967_784335.png /offset_st_resize256/bj/t1/L81_00967_784335.tif /offset_st_resize256/bj/t3/L81_00967_784335.tif /flow_btv3_resize256/bj/t1VSt3/L81_00967_784335.tif
val,/imgs/bj/t1/L81_00663_784071.jpg /imgs/bj/t2/L81_00663_784071.jpg /labels/bj/t1VSt2/L81_00663_784071.png /building_labels/bj/t1/L81_00663_784071.png /building_labels/bj/t2/L81_00663_784071.png /offset_st_resize256/bj/t1/L81_00663_784071.tif /offset_st_resize256/bj/t2/L81_00663_784071.tif /flow_btv3_resize256/bj/t1VSt2/L81_00663_784071.tif
train,/imgs/bj/t1/L81_00711_784103.jpg /imgs/bj/t2/L81_00711_784103.jpg /labels_unch0ch1ig255/bj/t1VSt2/L81_00711_784103.png /building_labels/bj/t1/L81_00711_784103.png /building_labels/bj/t2/L81_00711_784103.png /offset_st_resize256/bj/t1/L81_00711_784103.tif /offset_st_resize256/bj/t2/L81_00711_784103.tif /flow_btv3_resize256/bj/t1VSt2/L81_00711_784103.tif
train,/imgs/bj/t1/L81_00639_784063.jpg /imgs/bj/t3/L81_00639_784063.jpg /labels_unch0ch1ig255/bj/t1VSt3/L81_00639_784063.png /building_labels/bj/t1/L81_00639_784063.png /building_labels/bj/t3/L81_00639_784063.png /offset_st_resize256/bj/t1/L81_00639_784063.tif /offset_st_resize256/bj/t3/L81_00639_784063.tif /flow_btv3_resize256/bj/t1VSt3/L81_00639_784063.tif
test,/imgs/sh/t2/L81_892799_780471.jpg /imgs/sh/t3/L81_892799_780471.jpg /labels_unch0ch1ig255/sh/t2VSt3/L81_892799_780471.png /building_labels/sh/t2/L81_892799_780471.png /building_labels/sh/t3/L81_892799_780471.png
val,/imgs/sh/t1/L81_892839_780527.jpg /imgs/sh/t3/L81_892839_780527.jpg /labels/sh/t1VSt3/L81_892839_780527.png /building_labels/sh/t1/L81_892839_780527.png /building_labels/sh/t3/L81_892839_780527.png /offset_st_resize256/sh/t1/L81_892839_780527.tif /offset_st_resize256/sh/t3/L81_892839_780527.tif /flow_btv3_resize256/sh/t1VSt3/L81_892839_780527.tif
train,/imgs/bj/t2/L81_00647_784119.jpg /imgs/bj/t3/L81_00647_784119.jpg /labels_unch0ch1ig255/bj/t2VSt3/L81_00647_784119.png /building_labels/bj/t2/L81_00647_784119.png /building_labels/bj/t3/L81_00647_784119.png /offset_st_resize256/bj/t2/L81_00647_784119.tif /offset_st_resize256/bj/t3/L81_00647_784119.tif /flow_btv3_resize256/bj/t2VSt3/L81_00647_784119.tif
val,/imgs/bj/t1/L81_00855_784151.jpg /imgs/bj/t3/L81_00855_784151.jpg /labels/bj/t1VSt3/L81_00855_784151.png /building_labels/bj/t1/L81_00855_784151.png /building_labels/bj/t3/L81_00855_784151.png /offset_st_resize256/bj/t1/L81_00855_784151.tif /offset_st_resize256/bj/t3/L81_00855_784151.tif /flow_btv3_resize256/bj/t1VSt3/L81_00855_784151.tif
test,/imgs/bj/t2/L81_00647_784079.jpg /imgs/bj/t3/L81_00647_784079.jpg /labels_unch0ch1ig255/bj/t2VSt3/L81_00647_784079.png /building_labels/bj/t2/L81_00647_784079.png /building_labels/bj/t3/L81_00647_784079.png
train,/imgs/sh/t1/L81_892831_780431.jpg /imgs/sh/t3/L81_892831_780431.jpg /labels_unch0ch1ig255/sh/t1VSt3/L81_892831_780431.png /building_labels/sh/t1/L81_892831_780431.png /building_labels/sh/t3/L81_892831_780431.png /offset_st_resize256/sh/t1/L81_892831_780431.tif /offset_st_resize256/sh/t3/L81_892831_780431.tif /flow_btv3_resize256/sh/t1VSt3/L81_892831_780431.tif
test,/imgs/bj/t2/L81_00647_784175.jpg /imgs/bj/t3/L81_00647_784175.jpg /labels_unch0ch1ig255/bj/t2VSt3/L81_00647_784175.png /building_labels/bj/t2/L81_00647_784175.png /building_labels/bj/t3/L81_00647_784175.png
test,/imgs/bj/t1/L81_00647_784255.jpg /imgs/bj/t2/L81_00647_784255.jpg /labels_unch0ch1ig255/bj/t1VSt2/L81_00647_784255.png /building_labels/bj/t1/L81_00647_784255.png /building_labels/bj/t2/L81_00647_784255.png
train,/imgs/bj/t2/L81_00679_784047.jpg /imgs/bj/t3/L81_00679_784047.jpg /labels_unch0ch1ig255/bj/t2VSt3/L81_00679_784047.png /building_labels/bj/t2/L81_00679_784047.png /building_labels/bj/t3/L81_00679_784047.png /offset_st_resize256/bj/t2/L81_00679_784047.tif /offset_st_resize256/bj/t3/L81_00679_784047.tif /flow_btv3_resize256/bj/t2VSt3/L81_00679_784047.tif
train,/imgs/bj/t1/L81_01095_784015.jpg /imgs/bj/t2/L81_01095_784015.jpg /labels_unch0ch1ig255/bj/t1VSt2/L81_01095_784015.png /building_labels/bj/t1/L81_01095_784015.png /building_labels/bj/t2/L81_01095_784015.png /offset_st_resize256/bj/t1/L81_01095_784015.tif /offset_st_resize256/bj/t2/L81_01095_784015.tif /flow_btv3_resize256/bj/t1VSt2/L81_01095_784015.tif
train,/imgs/sh/t1/L81_892927_780527.jpg /imgs/sh/t2/L81_892927_780527.jpg /labels_unch0ch1ig255/sh/t1VSt2/L81_892927_780527.png /building_labels/sh/t1/L81_892927_780527.png /building_labels/sh/t2/L81_892927_780527.png /offset_st_resize256/sh/t1/L81_892927_780527.tif /offset_st_resize256/sh/t2/L81_892927_780527.tif /flow_btv3_resize256/sh/t1VSt2/L81_892927_780527.tif
train,/imgs/bj/t1/L81_00671_784319.jpg /imgs/bj/t2/L81_00671_784319.jpg /labels_unch0ch1ig255/bj/t1VSt2/L81_00671_784319.png /building_labels/bj/t1/L81_00671_784319.png /building_labels/bj/t2/L81_00671_784319.png /offset_st_resize256/bj/t1/L81_00671_784319.tif /offset_st_resize256/bj/t2/L81_00671_784319.tif /flow_btv3_resize256/bj/t1VSt2/L81_00671_784319.tif
train,/imgs/sh/t1/L81_892863_780495.jpg /imgs/sh/t2/L81_892863_780495.jpg /labels_unch0ch1ig255/sh/t1VSt2/L81_892863_780495.png /building_labels/sh/t1/L81_892863_780495.png /building_labels/sh/t2/L81_892863_780495.png /offset_st_resize256/sh/t1/L81_892863_780495.tif /offset_st_resize256/sh/t2/L81_892863_780495.tif /flow_btv3_resize256/sh/t1VSt2/L81_892863_780495.tif
train,/imgs/sh/t1/L81_892823_780463.jpg /imgs/sh/t3/L81_892823_780463.jpg /labels_unch0ch1ig255/sh/t1VSt3/L81_892823_780463.png /building_labels/sh/t1/L81_892823_780463.png /building_labels/sh/t3/L81_892823_780463.png /offset_st_resize256/sh/t1/L81_892823_780463.tif /offset_st_resize256/sh/t3/L81_892823_780463.tif /flow_btv3_resize256/sh/t1VSt3/L81_892823_780463.tif
train,/imgs/bj/t2/L81_00839_784183.jpg /imgs/bj/t3/L81_00839_784183.jpg /labels_unch0ch1ig255/bj/t2VSt3/L81_00839_784183.png /building_labels/bj/t2/L81_00839_784183.png /building_labels/bj/t3/L81_00839_784183.png /offset_st_resize256/bj/t2/L81_00839_784183.tif /offset_st_resize256/bj/t3/L81_00839_784183.tif /flow_btv3_resize256/bj/t2VSt3/L81_00839_784183.tif
train,/imgs/sh/t2/L81_892847_780455.jpg /imgs/sh/t3/L81_892847_780455.jpg /labels_unch0ch1ig255/sh/t2VSt3/L81_892847_780455.png /building_labels/sh/t2/L81_892847_780455.png /building_labels/sh/t3/L81_892847_780455.png /offset_st_resize256/sh/t2/L81_892847_780455.tif /offset_st_resize256/sh/t3/L81_892847_780455.tif /flow_btv3_resize256/sh/t2VSt3/L81_892847_780455.tif
train,/imgs/bj/t1/L81_00887_784119.jpg /imgs/bj/t2/L81_00887_784119.jpg /labels_unch0ch1ig255/bj/t1VSt2/L81_00887_784119.png /building_labels/bj/t1/L81_00887_784119.png /building_labels/bj/t2/L81_00887_784119.png /offset_st_resize256/bj/t1/L81_00887_784119.tif /offset_st_resize256/bj/t2/L81_00887_784119.tif /flow_btv3_resize256/bj/t1VSt2/L81_00887_784119.tif
train,/imgs/bj/t2/L81_00671_784319.jpg /imgs/bj/t3/L81_00671_784319.jpg /labels_unch0ch1ig255/bj/t2VSt3/L81_00671_784319.png /building_labels/bj/t2/L81_00671_784319.png /building_labels/bj/t3/L81_00671_784319.png /offset_st_resize256/bj/t2/L81_00671_784319.tif /offset_st_resize256/bj/t3/L81_00671_784319.tif /flow_btv3_resize256/bj/t2VSt3/L81_00671_784319.tif
test,/imgs/sh/t2/L81_892855_780503.jpg /imgs/sh/t3/L81_892855_780503.jpg /labels_unch0ch1ig255/sh/t2VSt3/L81_892855_780503.png /building_labels/sh/t2/L81_892855_780503.png /building_labels/sh/t3/L81_892855_780503.png
train,/imgs/bj/t1/L81_00671_784223.jpg /imgs/bj/t2/L81_00671_784223.jpg /labels_unch0ch1ig255/bj/t1VSt2/L81_00671_784223.png /building_labels/bj/t1/L81_00671_784223.png /building_labels/bj/t2/L81_00671_784223.png /offset_st_resize256/bj/t1/L81_00671_784223.tif /offset_st_resize256/bj/t2/L81_00671_784223.tif /flow_btv3_resize256/bj/t1VSt2/L81_00671_784223.tif
train,/imgs/bj/t2/L81_00823_784231.jpg /imgs/bj/t3/L81_00823_784231.jpg /labels_unch0ch1ig255/bj/t2VSt3/L81_00823_784231.png /building_labels/bj/t2/L81_00823_784231.png /building_labels/bj/t3/L81_00823_784231.png /offset_st_resize256/bj/t2/L81_00823_784231.tif /offset_st_resize256/bj/t3/L81_00823_784231.tif /flow_btv3_resize256/bj/t2VSt3/L81_00823_784231.tif
train,/imgs/bj/t1/L81_00823_784047.jpg /imgs/bj/t2/L81_00823_784047.jpg /labels_unch0ch1ig255/bj/t1VSt2/L81_00823_784047.png /building_labels/bj/t1/L81_00823_784047.png /building_labels/bj/t2/L81_00823_784047.png /offset_st_resize256/bj/t1/L81_00823_784047.tif /offset_st_resize256/bj/t2/L81_00823_784047.tif /flow_btv3_resize256/bj/t1VSt2/L81_00823_784047.tif
train,/imgs/bj/t1/L81_00823_784063.jpg /imgs/bj/t2/L81_00823_784063.jpg /labels_unch0ch1ig255/bj/t1VSt2/L81_00823_784063.png /building_labels/bj/t1/L81_00823_784063.png /building_labels/bj/t2/L81_00823_784063.png /offset_st_resize256/bj/t1/L81_00823_784063.tif /offset_st_resize256/bj/t2/L81_00823_784063.tif /flow_btv3_resize256/bj/t1VSt2/L81_00823_784063.tif
train,/imgs/bj/t1/L81_00871_784287.jpg /imgs/bj/t3/L81_00871_784287.jpg /labels_unch0ch1ig255/bj/t1VSt3/L81_00871_784287.png /building_labels/bj/t1/L81_00871_784287.png /building_labels/bj/t3/L81_00871_784287.png /offset_st_resize256/bj/t1/L81_00871_784287.tif /offset_st_resize256/bj/t3/L81_00871_784287.tif /flow_btv3_resize256/bj/t1VSt3/L81_00871_784287.tif
train,/imgs/sh/t1/L81_892927_780479.jpg /imgs/sh/t3/L81_892927_780479.jpg /labels_unch0ch1ig255/sh/t1VSt3/L81_892927_780479.png /building_labels/sh/t1/L81_892927_780479.png /building_labels/sh/t3/L81_892927_780479.png /offset_st_resize256/sh/t1/L81_892927_780479.tif /offset_st_resize256/sh/t3/L81_892927_780479.tif /flow_btv3_resize256/sh/t1VSt3/L81_892927_780479.tif
train,/imgs/bj/t1/L81_00655_784135.jpg /imgs/bj/t3/L81_00655_784135.jpg /labels_unch0ch1ig255/bj/t1VSt3/L81_00655_784135.png /building_labels/bj/t1/L81_00655_784135.png /building_labels/bj/t3/L81_00655_784135.png /offset_st_resize256/bj/t1/L81_00655_784135.tif /offset_st_resize256/bj/t3/L81_00655_784135.tif /flow_btv3_resize256/bj/t1VSt3/L81_00655_784135.tif
train,/imgs/bj/t2/L81_00679_784103.jpg /imgs/bj/t3/L81_00679_784103.jpg /labels_unch0ch1ig255/bj/t2VSt3/L81_00679_784103.png /building_labels/bj/t2/L81_00679_784103.png /building_labels/bj/t3/L81_00679_784103.png /offset_st_resize256/bj/t2/L81_00679_784103.tif /offset_st_resize256/bj/t3/L81_00679_784103.tif /flow_btv3_resize256/bj/t2VSt3/L81_00679_784103.tif
val,/imgs/sh/t1/L81_892871_780455.jpg /imgs/sh/t3/L81_892871_780455.jpg /labels/sh/t1VSt3/L81_892871_780455.png /building_labels/sh/t1/L81_892871_780455.png /building_labels/sh/t3/L81_892871_780455.png /offset_st_resize256/sh/t1/L81_892871_780455.tif /offset_st_resize256/sh/t3/L81_892871_780455.tif /flow_btv3_resize256/sh/t1VSt3/L81_892871_780455.tif
train,/imgs/bj/t1/L81_00871_783991.jpg /imgs/bj/t2/L81_00871_783991.jpg /labels_unch0ch1ig255/bj/t1VSt2/L81_00871_783991.png /building_labels/bj/t1/L81_00871_783991.png /building_labels/bj/t2/L81_00871_783991.png /offset_st_resize256/bj/t1/L81_00871_783991.tif /offset_st_resize256/bj/t2/L81_00871_783991.tif /flow_btv3_resize256/bj/t1VSt2/L81_00871_783991.tif
val,/imgs/sh/t2/L81_892783_780519.jpg /imgs/sh/t3/L81_892783_780519.jpg /labels/sh/t2VSt3/L81_892783_780519.png /building_labels/sh/t2/L81_892783_780519.png /building_labels/sh/t3/L81_892783_780519.png /offset_st_resize256/sh/t2/L81_892783_780519.tif /offset_st_resize256/sh/t3/L81_892783_780519.tif /flow_btv3_resize256/sh/t2VSt3/L81_892783_780519.tif
train,/imgs/sh/t2/L81_892847_780471.jpg /imgs/sh/t3/L81_892847_780471.jpg /labels_unch0ch1ig255/sh/t2VSt3/L81_892847_780471.png /building_labels/sh/t2/L81_892847_780471.png /building_labels/sh/t3/L81_892847_780471.png /offset_st_resize256/sh/t2/L81_892847_780471.tif /offset_st_resize256/sh/t3/L81_892847_780471.tif /flow_btv3_resize256/sh/t2VSt3/L81_892847_780471.tif
test,/imgs/bj/t1/L81_00679_784215.jpg /imgs/bj/t3/L81_00679_784215.jpg /labels_unch0ch1ig255/bj/t1VSt3/L81_00679_784215.png /building_labels/bj/t1/L81_00679_784215.png /building_labels/bj/t3/L81_00679_784215.png
train,/imgs/bj/t1/L81_00655_784239.jpg /imgs/bj/t2/L81_00655_784239.jpg /labels_unch0ch1ig255/bj/t1VSt2/L81_00655_784239.png /building_labels/bj/t1/L81_00655_784239.png /building_labels/bj/t2/L81_00655_784239.png /offset_st_resize256/bj/t1/L81_00655_784239.tif /offset_st_resize256/bj/t2/L81_00655_784239.tif /flow_btv3_resize256/bj/t1VSt2/L81_00655_784239.tif
test,/imgs/sh/t1/L81_892807_780503.jpg /imgs/sh/t2/L81_892807_780503.jpg /labels_unch0ch1ig255/sh/t1VSt2/L81_892807_780503.png /building_labels/sh/t1/L81_892807_780503.png /building_labels/sh/t2/L81_892807_780503.png
train,/imgs/sh/t2/L81_892839_780471.jpg /imgs/sh/t3/L81_892839_780471.jpg /labels_unch0ch1ig255/sh/t2VSt3/L81_892839_780471.png /building_labels/sh/t2/L81_892839_780471.png /building_labels/sh/t3/L81_892839_780471.png /offset_st_resize256/sh/t2/L81_892839_780471.tif /offset_st_resize256/sh/t3/L81_892839_780471.tif /flow_btv3_resize256/sh/t2VSt3/L81_892839_780471.tif
train,/imgs/bj/t1/L81_00967_784303.jpg /imgs/bj/t2/L81_00967_784303.jpg /labels_unch0ch1ig255/bj/t1VSt2/L81_00967_784303.png /building_labels/bj/t1/L81_00967_784303.png /building_labels/bj/t2/L81_00967_784303.png /offset_st_resize256/bj/t1/L81_00967_784303.tif /offset_st_resize256/bj/t2/L81_00967_784303.tif /flow_btv3_resize256/bj/t1VSt2/L81_00967_784303.tif
train,/imgs/bj/t1/L81_00687_784279.jpg /imgs/bj/t3/L81_00687_784279.jpg /labels_unch0ch1ig255/bj/t1VSt3/L81_00687_784279.png /building_labels/bj/t1/L81_00687_784279.png /building_labels/bj/t3/L81_00687_784279.png /offset_st_resize256/bj/t1/L81_00687_784279.tif /offset_st_resize256/bj/t3/L81_00687_784279.tif /flow_btv3_resize256/bj/t1VSt3/L81_00687_784279.tif
train,/imgs/bj/t2/L81_00647_783983.jpg /imgs/bj/t3/L81_00647_783983.jpg /labels_unch0ch1ig255/bj/t2VSt3/L81_00647_783983.png /building_labels/bj/t2/L81_00647_783983.png /building_labels/bj/t3/L81_00647_783983.png /offset_st_resize256/bj/t2/L81_00647_783983.tif /offset_st_resize256/bj/t3/L81_00647_783983.tif /flow_btv3_resize256/bj/t2VSt3/L81_00647_783983.tif
train,/imgs/sh/t1/L81_892791_780487.jpg /imgs/sh/t2/L81_892791_780487.jpg /labels_unch0ch1ig255/sh/t1VSt2/L81_892791_780487.png /building_labels/sh/t1/L81_892791_780487.png /building_labels/sh/t2/L81_892791_780487.png /offset_st_resize256/sh/t1/L81_892791_780487.tif /offset_st_resize256/sh/t2/L81_892791_780487.tif /flow_btv3_resize256/sh/t1VSt2/L81_892791_780487.tif
val,/imgs/sh/t2/L81_892855_780439.jpg /imgs/sh/t3/L81_892855_780439.jpg /labels/sh/t2VSt3/L81_892855_780439.png /building_labels/sh/t2/L81_892855_780439.png /building_labels/sh/t3/L81_892855_780439.png /offset_st_resize256/sh/t2/L81_892855_780439.tif /offset_st_resize256/sh/t3/L81_892855_780439.tif /flow_btv3_resize256/sh/t2VSt3/L81_892855_780439.tif
val,/imgs/sh/t2/L81_892903_780439.jpg /imgs/sh/t3/L81_892903_780439.jpg /labels/sh/t2VSt3/L81_892903_780439.png /building_labels/sh/t2/L81_892903_780439.png /building_labels/sh/t3/L81_892903_780439.png /offset_st_resize256/sh/t2/L81_892903_780439.tif /offset_st_resize256/sh/t3/L81_892903_780439.tif /flow_btv3_resize256/sh/t2VSt3/L81_892903_780439.tif
val,/imgs/bj/t1/L81_00711_784143.jpg /imgs/bj/t3/L81_00711_784143.jpg /labels/bj/t1VSt3/L81_00711_784143.png /building_labels/bj/t1/L81_00711_784143.png /building_labels/bj/t3/L81_00711_784143.png /offset_st_resize256/bj/t1/L81_00711_784143.tif /offset_st_resize256/bj/t3/L81_00711_784143.tif /flow_btv3_resize256/bj/t1VSt3/L81_00711_784143.tif
test,/imgs/bj/t1/L81_00647_784295.jpg /imgs/bj/t3/L81_00647_784295.jpg /labels_unch0ch1ig255/bj/t1VSt3/L81_00647_784295.png /building_labels/bj/t1/L81_00647_784295.png /building_labels/bj/t3/L81_00647_784295.png
val,/imgs/bj/t1/L81_00831_784071.jpg /imgs/bj/t3/L81_00831_784071.jpg /labels/bj/t1VSt3/L81_00831_784071.png /building_labels/bj/t1/L81_00831_784071.png /building_labels/bj/t3/L81_00831_784071.png /offset_st_resize256/bj/t1/L81_00831_784071.tif /offset_st_resize256/bj/t3/L81_00831_784071.tif /flow_btv3_resize256/bj/t1VSt3/L81_00831_784071.tif
train,/imgs/bj/t2/L81_00671_784119.jpg /imgs/bj/t3/L81_00671_784119.jpg /labels_unch0ch1ig255/bj/t2VSt3/L81_00671_784119.png /building_labels/bj/t2/L81_00671_784119.png /building_labels/bj/t3/L81_00671_784119.png /offset_st_resize256/bj/t2/L81_00671_784119.tif /offset_st_resize256/bj/t3/L81_00671_784119.tif /flow_btv3_resize256/bj/t2VSt3/L81_00671_784119.tif
val,/imgs/sh/t1/L81_892871_780447.jpg /imgs/sh/t2/L81_892871_780447.jpg /labels/sh/t1VSt2/L81_892871_780447.png /building_labels/sh/t1/L81_892871_780447.png /building_labels/sh/t2/L81_892871_780447.png /offset_st_resize256/sh/t1/L81_892871_780447.tif /offset_st_resize256/sh/t2/L81_892871_780447.tif /flow_btv3_resize256/sh/t1VSt2/L81_892871_780447.tif
train,/imgs/bj/t2/L81_00639_784175.jpg /imgs/bj/t3/L81_00639_784175.jpg /labels_unch0ch1ig255/bj/t2VSt3/L81_00639_784175.png /building_labels/bj/t2/L81_00639_784175.png /building_labels/bj/t3/L81_00639_784175.png /offset_st_resize256/bj/t2/L81_00639_784175.tif /offset_st_resize256/bj/t3/L81_00639_784175.tif /flow_btv3_resize256/bj/t2VSt3/L81_00639_784175.tif
train,/imgs/bj/t1/L81_00687_784023.jpg /imgs/bj/t2/L81_00687_784023.jpg /labels_unch0ch1ig255/bj/t1VSt2/L81_00687_784023.png /building_labels/bj/t1/L81_00687_784023.png /building_labels/bj/t2/L81_00687_784023.png /offset_st_resize256/bj/t1/L81_00687_784023.tif /offset_st_resize256/bj/t2/L81_00687_784023.tif /flow_btv3_resize256/bj/t1VSt2/L81_00687_784023.tif
val,/imgs/bj/t1/L81_00663_784183.jpg /imgs/bj/t3/L81_00663_784183.jpg /labels/bj/t1VSt3/L81_00663_784183.png /building_labels/bj/t1/L81_00663_784183.png /building_labels/bj/t3/L81_00663_784183.png /offset_st_resize256/bj/t1/L81_00663_784183.tif /offset_st_resize256/bj/t3/L81_00663_784183.tif /flow_btv3_resize256/bj/t1VSt3/L81_00663_784183.tif
val,/imgs/bj/t1/L81_00679_784207.jpg /imgs/bj/t2/L81_00679_784207.jpg /labels/bj/t1VSt2/L81_00679_784207.png /building_labels/bj/t1/L81_00679_784207.png /building_labels/bj/t2/L81_00679_784207.png /offset_st_resize256/bj/t1/L81_00679_784207.tif /offset_st_resize256/bj/t2/L81_00679_784207.tif /flow_btv3_resize256/bj/t1VSt2/L81_00679_784207.tif
train,/imgs/bj/t2/L81_00679_784247.jpg /imgs/bj/t3/L81_00679_784247.jpg /labels_unch0ch1ig255/bj/t2VSt3/L81_00679_784247.png /building_labels/bj/t2/L81_00679_784247.png /building_labels/bj/t3/L81_00679_784247.png /offset_st_resize256/bj/t2/L81_00679_784247.tif /offset_st_resize256/bj/t3/L81_00679_784247.tif /flow_btv3_resize256/bj/t2VSt3/L81_00679_784247.tif
train,/imgs/sh/t2/L81_892839_780519.jpg /imgs/sh/t3/L81_892839_780519.jpg /labels_unch0ch1ig255/sh/t2VSt3/L81_892839_780519.png /building_labels/sh/t2/L81_892839_780519.png /building_labels/sh/t3/L81_892839_780519.png /offset_st_resize256/sh/t2/L81_892839_780519.tif /offset_st_resize256/sh/t3/L81_892839_780519.tif /flow_btv3_resize256/sh/t2VSt3/L81_892839_780519.tif
val,/imgs/bj/t1/L81_00687_784039.jpg /imgs/bj/t3/L81_00687_784039.jpg /labels/bj/t1VSt3/L81_00687_784039.png /building_labels/bj/t1/L81_00687_784039.png /building_labels/bj/t3/L81_00687_784039.png /offset_st_resize256/bj/t1/L81_00687_784039.tif /offset_st_resize256/bj/t3/L81_00687_784039.tif /flow_btv3_resize256/bj/t1VSt3/L81_00687_784039.tif
val,/imgs/sh/t1/L81_892871_780479.jpg /imgs/sh/t3/L81_892871_780479.jpg /labels/sh/t1VSt3/L81_892871_780479.png /building_labels/sh/t1/L81_892871_780479.png /building_labels/sh/t3/L81_892871_780479.png /offset_st_resize256/sh/t1/L81_892871_780479.tif /offset_st_resize256/sh/t3/L81_892871_780479.tif /flow_btv3_resize256/sh/t1VSt3/L81_892871_780479.tif
train,/imgs/sh/t2/L81_892855_780487.jpg /imgs/sh/t3/L81_892855_780487.jpg /labels_unch0ch1ig255/sh/t2VSt3/L81_892855_780487.png /building_labels/sh/t2/L81_892855_780487.png /building_labels/sh/t3/L81_892855_780487.png /offset_st_resize256/sh/t2/L81_892855_780487.tif /offset_st_resize256/sh/t3/L81_892855_780487.tif /flow_btv3_resize256/sh/t2VSt3/L81_892855_780487.tif
train,/imgs/sh/t2/L81_892831_780439.jpg /imgs/sh/t3/L81_892831_780439.jpg /labels_unch0ch1ig255/sh/t2VSt3/L81_892831_780439.png /building_labels/sh/t2/L81_892831_780439.png /building_labels/sh/t3/L81_892831_780439.png /offset_st_resize256/sh/t2/L81_892831_780439.tif /offset_st_resize256/sh/t3/L81_892831_780439.tif /flow_btv3_resize256/sh/t2VSt3/L81_892831_780439.tif
train,/imgs/bj/t1/L81_00639_784191.jpg /imgs/bj/t3/L81_00639_784191.jpg /labels_unch0ch1ig255/bj/t1VSt3/L81_00639_784191.png /building_labels/bj/t1/L81_00639_784191.png /building_labels/bj/t3/L81_00639_784191.png /offset_st_resize256/bj/t1/L81_00639_784191.tif /offset_st_resize256/bj/t3/L81_00639_784191.tif /flow_btv3_resize256/bj/t1VSt3/L81_00639_784191.tif
train,/imgs/bj/t1/L81_00655_784151.jpg /imgs/bj/t3/L81_00655_784151.jpg /labels_unch0ch1ig255/bj/t1VSt3/L81_00655_784151.png /building_labels/bj/t1/L81_00655_784151.png /building_labels/bj/t3/L81_00655_784151.png /offset_st_resize256/bj/t1/L81_00655_784151.tif /offset_st_resize256/bj/t3/L81_00655_784151.tif /flow_btv3_resize256/bj/t1VSt3/L81_00655_784151.tif
train,/imgs/bj/t2/L81_00847_784215.jpg /imgs/bj/t3/L81_00847_784215.jpg /labels_unch0ch1ig255/bj/t2VSt3/L81_00847_784215.png /building_labels/bj/t2/L81_00847_784215.png /building_labels/bj/t3/L81_00847_784215.png /offset_st_resize256/bj/t2/L81_00847_784215.tif /offset_st_resize256/bj/t3/L81_00847_784215.tif /flow_btv3_resize256/bj/t2VSt3/L81_00847_784215.tif
val,/imgs/bj/t1/L81_00831_784303.jpg /imgs/bj/t3/L81_00831_784303.jpg /labels/bj/t1VSt3/L81_00831_784303.png /building_labels/bj/t1/L81_00831_784303.png /building_labels/bj/t3/L81_00831_784303.png /offset_st_resize256/bj/t1/L81_00831_784303.tif /offset_st_resize256/bj/t3/L81_00831_784303.tif /flow_btv3_resize256/bj/t1VSt3/L81_00831_784303.tif
test,/imgs/bj/t2/L81_00687_784103.jpg /imgs/bj/t3/L81_00687_784103.jpg /labels_unch0ch1ig255/bj/t2VSt3/L81_00687_784103.png /building_labels/bj/t2/L81_00687_784103.png /building_labels/bj/t3/L81_00687_784103.png
train,/imgs/bj/t2/L81_00831_784055.jpg /imgs/bj/t3/L81_00831_784055.jpg /labels_unch0ch1ig255/bj/t2VSt3/L81_00831_784055.png /building_labels/bj/t2/L81_00831_784055.png /building_labels/bj/t3/L81_00831_784055.png /offset_st_resize256/bj/t2/L81_00831_784055.tif /offset_st_resize256/bj/t3/L81_00831_784055.tif /flow_btv3_resize256/bj/t2VSt3/L81_00831_784055.tif
train,/imgs/bj/t1/L81_00639_784079.jpg /imgs/bj/t2/L81_00639_784079.jpg /labels_unch0ch1ig255/bj/t1VSt2/L81_00639_784079.png /building_labels/bj/t1/L81_00639_784079.png /building_labels/bj/t2/L81_00639_784079.png /offset_st_resize256/bj/t1/L81_00639_784079.tif /offset_st_resize256/bj/t2/L81_00639_784079.tif /flow_btv3_resize256/bj/t1VSt2/L81_00639_784079.tif
train,/imgs/bj/t1/L81_00687_784071.jpg /imgs/bj/t2/L81_00687_784071.jpg /labels_unch0ch1ig255/bj/t1VSt2/L81_00687_784071.png /building_labels/bj/t1/L81_00687_784071.png /building_labels/bj/t2/L81_00687_784071.png /offset_st_resize256/bj/t1/L81_00687_784071.tif /offset_st_resize256/bj/t2/L81_00687_784071.tif /flow_btv3_resize256/bj/t1VSt2/L81_00687_784071.tif
train,/imgs/bj/t1/L81_00671_784103.jpg /imgs/bj/t3/L81_00671_784103.jpg /labels_unch0ch1ig255/bj/t1VSt3/L81_00671_784103.png /building_labels/bj/t1/L81_00671_784103.png /building_labels/bj/t3/L81_00671_784103.png /offset_st_resize256/bj/t1/L81_00671_784103.tif /offset_st_resize256/bj/t3/L81_00671_784103.tif /flow_btv3_resize256/bj/t1VSt3/L81_00671_784103.tif
val,/imgs/bj/t1/L81_00671_784047.jpg /imgs/bj/t3/L81_00671_784047.jpg /labels/bj/t1VSt3/L81_00671_784047.png /building_labels/bj/t1/L81_00671_784047.png /building_labels/bj/t3/L81_00671_784047.png /offset_st_resize256/bj/t1/L81_00671_784047.tif /offset_st_resize256/bj/t3/L81_00671_784047.tif /flow_btv3_resize256/bj/t1VSt3/L81_00671_784047.tif
train,/imgs/bj/t1/L81_00639_784167.jpg /imgs/bj/t3/L81_00639_784167.jpg /labels_unch0ch1ig255/bj/t1VSt3/L81_00639_784167.png /building_labels/bj/t1/L81_00639_784167.png /building_labels/bj/t3/L81_00639_784167.png /offset_st_resize256/bj/t1/L81_00639_784167.tif /offset_st_resize256/bj/t3/L81_00639_784167.tif /flow_btv3_resize256/bj/t1VSt3/L81_00639_784167.tif
train,/imgs/bj/t1/L81_00839_784231.jpg /imgs/bj/t2/L81_00839_784231.jpg /labels_unch0ch1ig255/bj/t1VSt2/L81_00839_784231.png /building_labels/bj/t1/L81_00839_784231.png /building_labels/bj/t2/L81_00839_784231.png /offset_st_resize256/bj/t1/L81_00839_784231.tif /offset_st_resize256/bj/t2/L81_00839_784231.tif /flow_btv3_resize256/bj/t1VSt2/L81_00839_784231.tif
train,/imgs/sh/t1/L81_892911_780479.jpg /imgs/sh/t3/L81_892911_780479.jpg /labels_unch0ch1ig255/sh/t1VSt3/L81_892911_780479.png /building_labels/sh/t1/L81_892911_780479.png /building_labels/sh/t3/L81_892911_780479.png /offset_st_resize256/sh/t1/L81_892911_780479.tif /offset_st_resize256/sh/t3/L81_892911_780479.tif /flow_btv3_resize256/sh/t1VSt3/L81_892911_780479.tif
val,/imgs/sh/t1/L81_892871_780455.jpg /imgs/sh/t2/L81_892871_780455.jpg /labels/sh/t1VSt2/L81_892871_780455.png /building_labels/sh/t1/L81_892871_780455.png /building_labels/sh/t2/L81_892871_780455.png /offset_st_resize256/sh/t1/L81_892871_780455.tif /offset_st_resize256/sh/t2/L81_892871_780455.tif /flow_btv3_resize256/sh/t1VSt2/L81_892871_780455.tif
train,/imgs/bj/t2/L81_00671_784023.jpg /imgs/bj/t3/L81_00671_784023.jpg /labels_unch0ch1ig255/bj/t2VSt3/L81_00671_784023.png /building_labels/bj/t2/L81_00671_784023.png /building_labels/bj/t3/L81_00671_784023.png /offset_st_resize256/bj/t2/L81_00671_784023.tif /offset_st_resize256/bj/t3/L81_00671_784023.tif /flow_btv3_resize256/bj/t2VSt3/L81_00671_784023.tif
val,/imgs/sh/t1/L81_892911_780431.jpg /imgs/sh/t2/L81_892911_780431.jpg /labels/sh/t1VSt2/L81_892911_780431.png /building_labels/sh/t1/L81_892911_780431.png /building_labels/sh/t2/L81_892911_780431.png /offset_st_resize256/sh/t1/L81_892911_780431.tif /offset_st_resize256/sh/t2/L81_892911_780431.tif /flow_btv3_resize256/sh/t1VSt2/L81_892911_780431.tif
train,/imgs/bj/t1/L81_00823_784311.jpg /imgs/bj/t2/L81_00823_784311.jpg /labels_unch0ch1ig255/bj/t1VSt2/L81_00823_784311.png /building_labels/bj/t1/L81_00823_784311.png /building_labels/bj/t2/L81_00823_784311.png /offset_st_resize256/bj/t1/L81_00823_784311.tif /offset_st_resize256/bj/t2/L81_00823_784311.tif /flow_btv3_resize256/bj/t1VSt2/L81_00823_784311.tif
train,/imgs/sh/t2/L81_892887_780487.jpg /imgs/sh/t3/L81_892887_780487.jpg /labels_unch0ch1ig255/sh/t2VSt3/L81_892887_780487.png /building_labels/sh/t2/L81_892887_780487.png /building_labels/sh/t3/L81_892887_780487.png /offset_st_resize256/sh/t2/L81_892887_780487.tif /offset_st_resize256/sh/t3/L81_892887_780487.tif /flow_btv3_resize256/sh/t2VSt3/L81_892887_780487.tif
train,/imgs/bj/t1/L81_00647_783967.jpg /imgs/bj/t2/L81_00647_783967.jpg /labels_unch0ch1ig255/bj/t1VSt2/L81_00647_783967.png /building_labels/bj/t1/L81_00647_783967.png /building_labels/bj/t2/L81_00647_783967.png /offset_st_resize256/bj/t1/L81_00647_783967.tif /offset_st_resize256/bj/t2/L81_00647_783967.tif /flow_btv3_resize256/bj/t1VSt2/L81_00647_783967.tif
train,/imgs/sh/t1/L81_892855_780431.jpg /imgs/sh/t2/L81_892855_780431.jpg /labels_unch0ch1ig255/sh/t1VSt2/L81_892855_780431.png /building_labels/sh/t1/L81_892855_780431.png /building_labels/sh/t2/L81_892855_780431.png /offset_st_resize256/sh/t1/L81_892855_780431.tif /offset_st_resize256/sh/t2/L81_892855_780431.tif /flow_btv3_resize256/sh/t1VSt2/L81_892855_780431.tif
train,/imgs/bj/t1/L81_00655_784167.jpg /imgs/bj/t3/L81_00655_784167.jpg /labels_unch0ch1ig255/bj/t1VSt3/L81_00655_784167.png /building_labels/bj/t1/L81_00655_784167.png /building_labels/bj/t3/L81_00655_784167.png /offset_st_resize256/bj/t1/L81_00655_784167.tif /offset_st_resize256/bj/t3/L81_00655_784167.tif /flow_btv3_resize256/bj/t1VSt3/L81_00655_784167.tif
train,/imgs/bj/t1/L81_00679_784111.jpg /imgs/bj/t3/L81_00679_784111.jpg /labels_unch0ch1ig255/bj/t1VSt3/L81_00679_784111.png /building_labels/bj/t1/L81_00679_784111.png /building_labels/bj/t3/L81_00679_784111.png /offset_st_resize256/bj/t1/L81_00679_784111.tif /offset_st_resize256/bj/t3/L81_00679_784111.tif /flow_btv3_resize256/bj/t1VSt3/L81_00679_784111.tif
train,/imgs/bj/t1/L81_00639_784151.jpg /imgs/bj/t2/L81_00639_784151.jpg /labels_unch0ch1ig255/bj/t1VSt2/L81_00639_784151.png /building_labels/bj/t1/L81_00639_784151.png /building_labels/bj/t2/L81_00639_784151.png /offset_st_resize256/bj/t1/L81_00639_784151.tif /offset_st_resize256/bj/t2/L81_00639_784151.tif /flow_btv3_resize256/bj/t1VSt2/L81_00639_784151.tif
train,/imgs/bj/t1/L81_00687_783999.jpg /imgs/bj/t2/L81_00687_783999.jpg /labels_unch0ch1ig255/bj/t1VSt2/L81_00687_783999.png /building_labels/bj/t1/L81_00687_783999.png /building_labels/bj/t2/L81_00687_783999.png /offset_st_resize256/bj/t1/L81_00687_783999.tif /offset_st_resize256/bj/t2/L81_00687_783999.tif /flow_btv3_resize256/bj/t1VSt2/L81_00687_783999.tif
train,/imgs/sh/t1/L81_892799_780511.jpg /imgs/sh/t2/L81_892799_780511.jpg /labels_unch0ch1ig255/sh/t1VSt2/L81_892799_780511.png /building_labels/sh/t1/L81_892799_780511.png /building_labels/sh/t2/L81_892799_780511.png /offset_st_resize256/sh/t1/L81_892799_780511.tif /offset_st_resize256/sh/t2/L81_892799_780511.tif /flow_btv3_resize256/sh/t1VSt2/L81_892799_780511.tif
test,/imgs/bj/t1/L81_00679_784167.jpg /imgs/bj/t2/L81_00679_784167.jpg /labels_unch0ch1ig255/bj/t1VSt2/L81_00679_784167.png /building_labels/bj/t1/L81_00679_784167.png /building_labels/bj/t2/L81_00679_784167.png
test,/imgs/bj/t1/L81_00663_784271.jpg /imgs/bj/t2/L81_00663_784271.jpg /labels_unch0ch1ig255/bj/t1VSt2/L81_00663_784271.png /building_labels/bj/t1/L81_00663_784271.png /building_labels/bj/t2/L81_00663_784271.png
train,/imgs/sh/t1/L81_892887_780463.jpg /imgs/sh/t2/L81_892887_780463.jpg /labels_unch0ch1ig255/sh/t1VSt2/L81_892887_780463.png /building_labels/sh/t1/L81_892887_780463.png /building_labels/sh/t2/L81_892887_780463.png /offset_st_resize256/sh/t1/L81_892887_780463.tif /offset_st_resize256/sh/t2/L81_892887_780463.tif /flow_btv3_resize256/sh/t1VSt2/L81_892887_780463.tif
test,/imgs/bj/t1/L81_00671_784327.jpg /imgs/bj/t3/L81_00671_784327.jpg /labels_unch0ch1ig255/bj/t1VSt3/L81_00671_784327.png /building_labels/bj/t1/L81_00671_784327.png /building_labels/bj/t3/L81_00671_784327.png
train,/imgs/bj/t1/L81_00847_784063.jpg /imgs/bj/t2/L81_00847_784063.jpg /labels_unch0ch1ig255/bj/t1VSt2/L81_00847_784063.png /building_labels/bj/t1/L81_00847_784063.png /building_labels/bj/t2/L81_00847_784063.png /offset_st_resize256/bj/t1/L81_00847_784063.tif /offset_st_resize256/bj/t2/L81_00847_784063.tif /flow_btv3_resize256/bj/t1VSt2/L81_00847_784063.tif
val,/imgs/sh/t2/L81_892839_780447.jpg /imgs/sh/t3/L81_892839_780447.jpg /labels/sh/t2VSt3/L81_892839_780447.png /building_labels/sh/t2/L81_892839_780447.png /building_labels/sh/t3/L81_892839_780447.png /offset_st_resize256/sh/t2/L81_892839_780447.tif /offset_st_resize256/sh/t3/L81_892839_780447.tif /flow_btv3_resize256/sh/t2VSt3/L81_892839_780447.tif
train,/imgs/sh/t1/L81_892887_780439.jpg /imgs/sh/t2/L81_892887_780439.jpg /labels_unch0ch1ig255/sh/t1VSt2/L81_892887_780439.png /building_labels/sh/t1/L81_892887_780439.png /building_labels/sh/t2/L81_892887_780439.png /offset_st_resize256/sh/t1/L81_892887_780439.tif /offset_st_resize256/sh/t2/L81_892887_780439.tif /flow_btv3_resize256/sh/t1VSt2/L81_892887_780439.tif
train,/imgs/bj/t1/L81_00863_784071.jpg /imgs/bj/t2/L81_00863_784071.jpg /labels_unch0ch1ig255/bj/t1VSt2/L81_00863_784071.png /building_labels/bj/t1/L81_00863_784071.png /building_labels/bj/t2/L81_00863_784071.png /offset_st_resize256/bj/t1/L81_00863_784071.tif /offset_st_resize256/bj/t2/L81_00863_784071.tif /flow_btv3_resize256/bj/t1VSt2/L81_00863_784071.tif
test,/imgs/bj/t1/L81_00639_784119.jpg /imgs/bj/t3/L81_00639_784119.jpg /labels_unch0ch1ig255/bj/t1VSt3/L81_00639_784119.png /building_labels/bj/t1/L81_00639_784119.png /building_labels/bj/t3/L81_00639_784119.png
train,/imgs/bj/t1/L81_00639_784135.jpg /imgs/bj/t3/L81_00639_784135.jpg /labels_unch0ch1ig255/bj/t1VSt3/L81_00639_784135.png /building_labels/bj/t1/L81_00639_784135.png /building_labels/bj/t3/L81_00639_784135.png /offset_st_resize256/bj/t1/L81_00639_784135.tif /offset_st_resize256/bj/t3/L81_00639_784135.tif /flow_btv3_resize256/bj/t1VSt3/L81_00639_784135.tif
train,/imgs/sh/t1/L81_892783_780495.jpg /imgs/sh/t3/L81_892783_780495.jpg /labels_unch0ch1ig255/sh/t1VSt3/L81_892783_780495.png /building_labels/sh/t1/L81_892783_780495.png /building_labels/sh/t3/L81_892783_780495.png /offset_st_resize256/sh/t1/L81_892783_780495.tif /offset_st_resize256/sh/t3/L81_892783_780495.tif /flow_btv3_resize256/sh/t1VSt3/L81_892783_780495.tif
val,/imgs/sh/t1/L81_892879_780527.jpg /imgs/sh/t3/L81_892879_780527.jpg /labels/sh/t1VSt3/L81_892879_780527.png /building_labels/sh/t1/L81_892879_780527.png /building_labels/sh/t3/L81_892879_780527.png /offset_st_resize256/sh/t1/L81_892879_780527.tif /offset_st_resize256/sh/t3/L81_892879_780527.tif /flow_btv3_resize256/sh/t1VSt3/L81_892879_780527.tif
val,/imgs/bj/t1/L81_00663_784087.jpg /imgs/bj/t3/L81_00663_784087.jpg /labels/bj/t1VSt3/L81_00663_784087.png /building_labels/bj/t1/L81_00663_784087.png /building_labels/bj/t3/L81_00663_784087.png /offset_st_resize256/bj/t1/L81_00663_784087.tif /offset_st_resize256/bj/t3/L81_00663_784087.tif /flow_btv3_resize256/bj/t1VSt3/L81_00663_784087.tif
train,/imgs/bj/t1/L81_00871_783967.jpg /imgs/bj/t2/L81_00871_783967.jpg /labels_unch0ch1ig255/bj/t1VSt2/L81_00871_783967.png /building_labels/bj/t1/L81_00871_783967.png /building_labels/bj/t2/L81_00871_783967.png /offset_st_resize256/bj/t1/L81_00871_783967.tif /offset_st_resize256/bj/t2/L81_00871_783967.tif /flow_btv3_resize256/bj/t1VSt2/L81_00871_783967.tif
train,/imgs/bj/t1/L81_00647_784319.jpg /imgs/bj/t2/L81_00647_784319.jpg /labels_unch0ch1ig255/bj/t1VSt2/L81_00647_784319.png /building_labels/bj/t1/L81_00647_784319.png /building_labels/bj/t2/L81_00647_784319.png /offset_st_resize256/bj/t1/L81_00647_784319.tif /offset_st_resize256/bj/t2/L81_00647_784319.tif /flow_btv3_resize256/bj/t1VSt2/L81_00647_784319.tif
train,/imgs/bj/t2/L81_00639_784239.jpg /imgs/bj/t3/L81_00639_784239.jpg /labels_unch0ch1ig255/bj/t2VSt3/L81_00639_784239.png /building_labels/bj/t2/L81_00639_784239.png /building_labels/bj/t3/L81_00639_784239.png /offset_st_resize256/bj/t2/L81_00639_784239.tif /offset_st_resize256/bj/t3/L81_00639_784239.tif /flow_btv3_resize256/bj/t2VSt3/L81_00639_784239.tif
train,/imgs/bj/t1/L81_00647_784183.jpg /imgs/bj/t3/L81_00647_784183.jpg /labels_unch0ch1ig255/bj/t1VSt3/L81_00647_784183.png /building_labels/bj/t1/L81_00647_784183.png /building_labels/bj/t3/L81_00647_784183.png /offset_st_resize256/bj/t1/L81_00647_784183.tif /offset_st_resize256/bj/t3/L81_00647_784183.tif /flow_btv3_resize256/bj/t1VSt3/L81_00647_784183.tif
train,/imgs/sh/t1/L81_892911_780439.jpg /imgs/sh/t3/L81_892911_780439.jpg /labels_unch0ch1ig255/sh/t1VSt3/L81_892911_780439.png /building_labels/sh/t1/L81_892911_780439.png /building_labels/sh/t3/L81_892911_780439.png /offset_st_resize256/sh/t1/L81_892911_780439.tif /offset_st_resize256/sh/t3/L81_892911_780439.tif /flow_btv3_resize256/sh/t1VSt3/L81_892911_780439.tif
train,/imgs/sh/t1/L81_892887_780479.jpg /imgs/sh/t3/L81_892887_780479.jpg /labels_unch0ch1ig255/sh/t1VSt3/L81_892887_780479.png /building_labels/sh/t1/L81_892887_780479.png /building_labels/sh/t3/L81_892887_780479.png /offset_st_resize256/sh/t1/L81_892887_780479.tif /offset_st_resize256/sh/t3/L81_892887_780479.tif /flow_btv3_resize256/sh/t1VSt3/L81_892887_780479.tif
val,/imgs/sh/t1/L81_892847_780503.jpg /imgs/sh/t2/L81_892847_780503.jpg /labels/sh/t1VSt2/L81_892847_780503.png /building_labels/sh/t1/L81_892847_780503.png /building_labels/sh/t2/L81_892847_780503.png /offset_st_resize256/sh/t1/L81_892847_780503.tif /offset_st_resize256/sh/t2/L81_892847_780503.tif /flow_btv3_resize256/sh/t1VSt2/L81_892847_780503.tif
train,/imgs/sh/t1/L81_892887_780455.jpg /imgs/sh/t3/L81_892887_780455.jpg /labels_unch0ch1ig255/sh/t1VSt3/L81_892887_780455.png /building_labels/sh/t1/L81_892887_780455.png /building_labels/sh/t3/L81_892887_780455.png /offset_st_resize256/sh/t1/L81_892887_780455.tif /offset_st_resize256/sh/t3/L81_892887_780455.tif /flow_btv3_resize256/sh/t1VSt3/L81_892887_780455.tif
train,/imgs/bj/t2/L81_00655_784151.jpg /imgs/bj/t3/L81_00655_784151.jpg /labels_unch0ch1ig255/bj/t2VSt3/L81_00655_784151.png /building_labels/bj/t2/L81_00655_784151.png /building_labels/bj/t3/L81_00655_784151.png /offset_st_resize256/bj/t2/L81_00655_784151.tif /offset_st_resize256/bj/t3/L81_00655_784151.tif /flow_btv3_resize256/bj/t2VSt3/L81_00655_784151.tif
train,/imgs/sh/t1/L81_892815_780463.jpg /imgs/sh/t3/L81_892815_780463.jpg /labels_unch0ch1ig255/sh/t1VSt3/L81_892815_780463.png /building_labels/sh/t1/L81_892815_780463.png /building_labels/sh/t3/L81_892815_780463.png /offset_st_resize256/sh/t1/L81_892815_780463.tif /offset_st_resize256/sh/t3/L81_892815_780463.tif /flow_btv3_resize256/sh/t1VSt3/L81_892815_780463.tif
train,/imgs/sh/t1/L81_892807_780431.jpg /imgs/sh/t2/L81_892807_780431.jpg /labels_unch0ch1ig255/sh/t1VSt2/L81_892807_780431.png /building_labels/sh/t1/L81_892807_780431.png /building_labels/sh/t2/L81_892807_780431.png /offset_st_resize256/sh/t1/L81_892807_780431.tif /offset_st_resize256/sh/t2/L81_892807_780431.tif /flow_btv3_resize256/sh/t1VSt2/L81_892807_780431.tif
val,/imgs/bj/t2/L81_00711_784143.jpg /imgs/bj/t3/L81_00711_784143.jpg /labels/bj/t2VSt3/L81_00711_784143.png /building_labels/bj/t2/L81_00711_784143.png /building_labels/bj/t3/L81_00711_784143.png /offset_st_resize256/bj/t2/L81_00711_784143.tif /offset_st_resize256/bj/t3/L81_00711_784143.tif /flow_btv3_resize256/bj/t2VSt3/L81_00711_784143.tif
train,/imgs/bj/t2/L81_00679_784335.jpg /imgs/bj/t3/L81_00679_784335.jpg /labels_unch0ch1ig255/bj/t2VSt3/L81_00679_784335.png /building_labels/bj/t2/L81_00679_784335.png /building_labels/bj/t3/L81_00679_784335.png /offset_st_resize256/bj/t2/L81_00679_784335.tif /offset_st_resize256/bj/t3/L81_00679_784335.tif /flow_btv3_resize256/bj/t2VSt3/L81_00679_784335.tif
train,/imgs/bj/t1/L81_00663_784319.jpg /imgs/bj/t2/L81_00663_784319.jpg /labels_unch0ch1ig255/bj/t1VSt2/L81_00663_784319.png /building_labels/bj/t1/L81_00663_784319.png /building_labels/bj/t2/L81_00663_784319.png /offset_st_resize256/bj/t1/L81_00663_784319.tif /offset_st_resize256/bj/t2/L81_00663_784319.tif /flow_btv3_resize256/bj/t1VSt2/L81_00663_784319.tif
train,/imgs/bj/t1/L81_00655_784287.jpg /imgs/bj/t3/L81_00655_784287.jpg /labels_unch0ch1ig255/bj/t1VSt3/L81_00655_784287.png /building_labels/bj/t1/L81_00655_784287.png /building_labels/bj/t3/L81_00655_784287.png /offset_st_resize256/bj/t1/L81_00655_784287.tif /offset_st_resize256/bj/t3/L81_00655_784287.tif /flow_btv3_resize256/bj/t1VSt3/L81_00655_784287.tif
train,/imgs/sh/t1/L81_892799_780519.jpg /imgs/sh/t2/L81_892799_780519.jpg /labels_unch0ch1ig255/sh/t1VSt2/L81_892799_780519.png /building_labels/sh/t1/L81_892799_780519.png /building_labels/sh/t2/L81_892799_780519.png /offset_st_resize256/sh/t1/L81_892799_780519.tif /offset_st_resize256/sh/t2/L81_892799_780519.tif /flow_btv3_resize256/sh/t1VSt2/L81_892799_780519.tif
train,/imgs/bj/t2/L81_00943_784303.jpg /imgs/bj/t3/L81_00943_784303.jpg /labels_unch0ch1ig255/bj/t2VSt3/L81_00943_784303.png /building_labels/bj/t2/L81_00943_784303.png /building_labels/bj/t3/L81_00943_784303.png /offset_st_resize256/bj/t2/L81_00943_784303.tif /offset_st_resize256/bj/t3/L81_00943_784303.tif /flow_btv3_resize256/bj/t2VSt3/L81_00943_784303.tif
train,/imgs/sh/t1/L81_892807_780455.jpg /imgs/sh/t3/L81_892807_780455.jpg /labels_unch0ch1ig255/sh/t1VSt3/L81_892807_780455.png /building_labels/sh/t1/L81_892807_780455.png /building_labels/sh/t3/L81_892807_780455.png /offset_st_resize256/sh/t1/L81_892807_780455.tif /offset_st_resize256/sh/t3/L81_892807_780455.tif /flow_btv3_resize256/sh/t1VSt3/L81_892807_780455.tif
train,/imgs/sh/t2/L81_892863_780431.jpg /imgs/sh/t3/L81_892863_780431.jpg /labels_unch0ch1ig255/sh/t2VSt3/L81_892863_780431.png /building_labels/sh/t2/L81_892863_780431.png /building_labels/sh/t3/L81_892863_780431.png /offset_st_resize256/sh/t2/L81_892863_780431.tif /offset_st_resize256/sh/t3/L81_892863_780431.tif /flow_btv3_resize256/sh/t2VSt3/L81_892863_780431.tif
train,/imgs/bj/t1/L81_00903_784071.jpg /imgs/bj/t2/L81_00903_784071.jpg /labels_unch0ch1ig255/bj/t1VSt2/L81_00903_784071.png /building_labels/bj/t1/L81_00903_784071.png /building_labels/bj/t2/L81_00903_784071.png /offset_st_resize256/bj/t1/L81_00903_784071.tif /offset_st_resize256/bj/t2/L81_00903_784071.tif /flow_btv3_resize256/bj/t1VSt2/L81_00903_784071.tif
train,/imgs/sh/t1/L81_892791_780527.jpg /imgs/sh/t3/L81_892791_780527.jpg /labels_unch0ch1ig255/sh/t1VSt3/L81_892791_780527.png /building_labels/sh/t1/L81_892791_780527.png /building_labels/sh/t3/L81_892791_780527.png /offset_st_resize256/sh/t1/L81_892791_780527.tif /offset_st_resize256/sh/t3/L81_892791_780527.tif /flow_btv3_resize256/sh/t1VSt3/L81_892791_780527.tif
test,/imgs/bj/t2/L81_00679_784119.jpg /imgs/bj/t3/L81_00679_784119.jpg /labels_unch0ch1ig255/bj/t2VSt3/L81_00679_784119.png /building_labels/bj/t2/L81_00679_784119.png /building_labels/bj/t3/L81_00679_784119.png
train,/imgs/bj/t1/L81_00863_784311.jpg /imgs/bj/t2/L81_00863_784311.jpg /labels_unch0ch1ig255/bj/t1VSt2/L81_00863_784311.png /building_labels/bj/t1/L81_00863_784311.png /building_labels/bj/t2/L81_00863_784311.png /offset_st_resize256/bj/t1/L81_00863_784311.tif /offset_st_resize256/bj/t2/L81_00863_784311.tif /flow_btv3_resize256/bj/t1VSt2/L81_00863_784311.tif
train,/imgs/bj/t1/L81_00655_784231.jpg /imgs/bj/t3/L81_00655_784231.jpg /labels_unch0ch1ig255/bj/t1VSt3/L81_00655_784231.png /building_labels/bj/t1/L81_00655_784231.png /building_labels/bj/t3/L81_00655_784231.png /offset_st_resize256/bj/t1/L81_00655_784231.tif /offset_st_resize256/bj/t3/L81_00655_784231.tif /flow_btv3_resize256/bj/t1VSt3/L81_00655_784231.tif
train,/imgs/bj/t1/L81_01127_783983.jpg /imgs/bj/t2/L81_01127_783983.jpg /labels_unch0ch1ig255/bj/t1VSt2/L81_01127_783983.png /building_labels/bj/t1/L81_01127_783983.png /building_labels/bj/t2/L81_01127_783983.png /offset_st_resize256/bj/t1/L81_01127_783983.tif /offset_st_resize256/bj/t2/L81_01127_783983.tif /flow_btv3_resize256/bj/t1VSt2/L81_01127_783983.tif
val,/imgs/sh/t1/L81_892839_780455.jpg /imgs/sh/t2/L81_892839_780455.jpg /labels/sh/t1VSt2/L81_892839_780455.png /building_labels/sh/t1/L81_892839_780455.png /building_labels/sh/t2/L81_892839_780455.png /offset_st_resize256/sh/t1/L81_892839_780455.tif /offset_st_resize256/sh/t2/L81_892839_780455.tif /flow_btv3_resize256/sh/t1VSt2/L81_892839_780455.tif
train,/imgs/bj/t1/L81_00919_784279.jpg /imgs/bj/t2/L81_00919_784279.jpg /labels_unch0ch1ig255/bj/t1VSt2/L81_00919_784279.png /building_labels/bj/t1/L81_00919_784279.png /building_labels/bj/t2/L81_00919_784279.png /offset_st_resize256/bj/t1/L81_00919_784279.tif /offset_st_resize256/bj/t2/L81_00919_784279.tif /flow_btv3_resize256/bj/t1VSt2/L81_00919_784279.tif
train,/imgs/bj/t2/L81_00639_784263.jpg /imgs/bj/t3/L81_00639_784263.jpg /labels_unch0ch1ig255/bj/t2VSt3/L81_00639_784263.png /building_labels/bj/t2/L81_00639_784263.png /building_labels/bj/t3/L81_00639_784263.png /offset_st_resize256/bj/t2/L81_00639_784263.tif /offset_st_resize256/bj/t3/L81_00639_784263.tif /flow_btv3_resize256/bj/t2VSt3/L81_00639_784263.tif
train,/imgs/bj/t1/L81_00639_783991.jpg /imgs/bj/t2/L81_00639_783991.jpg /labels_unch0ch1ig255/bj/t1VSt2/L81_00639_783991.png /building_labels/bj/t1/L81_00639_783991.png /building_labels/bj/t2/L81_00639_783991.png /offset_st_resize256/bj/t1/L81_00639_783991.tif /offset_st_resize256/bj/t2/L81_00639_783991.tif /flow_btv3_resize256/bj/t1VSt2/L81_00639_783991.tif
train,/imgs/sh/t2/L81_892847_780519.jpg /imgs/sh/t3/L81_892847_780519.jpg /labels_unch0ch1ig255/sh/t2VSt3/L81_892847_780519.png /building_labels/sh/t2/L81_892847_780519.png /building_labels/sh/t3/L81_892847_780519.png /offset_st_resize256/sh/t2/L81_892847_780519.tif /offset_st_resize256/sh/t3/L81_892847_780519.tif /flow_btv3_resize256/sh/t2VSt3/L81_892847_780519.tif
val,/imgs/sh/t1/L81_892807_780495.jpg /imgs/sh/t3/L81_892807_780495.jpg /labels/sh/t1VSt3/L81_892807_780495.png /building_labels/sh/t1/L81_892807_780495.png /building_labels/sh/t3/L81_892807_780495.png /offset_st_resize256/sh/t1/L81_892807_780495.tif /offset_st_resize256/sh/t3/L81_892807_780495.tif /flow_btv3_resize256/sh/t1VSt3/L81_892807_780495.tif
train,/imgs/bj/t1/L81_00687_784239.jpg /imgs/bj/t3/L81_00687_784239.jpg /labels_unch0ch1ig255/bj/t1VSt3/L81_00687_784239.png /building_labels/bj/t1/L81_00687_784239.png /building_labels/bj/t3/L81_00687_784239.png /offset_st_resize256/bj/t1/L81_00687_784239.tif /offset_st_resize256/bj/t3/L81_00687_784239.tif /flow_btv3_resize256/bj/t1VSt3/L81_00687_784239.tif
train,/imgs/bj/t1/L81_00655_784279.jpg /imgs/bj/t2/L81_00655_784279.jpg /labels_unch0ch1ig255/bj/t1VSt2/L81_00655_784279.png /building_labels/bj/t1/L81_00655_784279.png /building_labels/bj/t2/L81_00655_784279.png /offset_st_resize256/bj/t1/L81_00655_784279.tif /offset_st_resize256/bj/t2/L81_00655_784279.tif /flow_btv3_resize256/bj/t1VSt2/L81_00655_784279.tif
train,/imgs/bj/t2/L81_00831_784031.jpg /imgs/bj/t3/L81_00831_784031.jpg /labels_unch0ch1ig255/bj/t2VSt3/L81_00831_784031.png /building_labels/bj/t2/L81_00831_784031.png /building_labels/bj/t3/L81_00831_784031.png /offset_st_resize256/bj/t2/L81_00831_784031.tif /offset_st_resize256/bj/t3/L81_00831_784031.tif /flow_btv3_resize256/bj/t2VSt3/L81_00831_784031.tif
test,/imgs/bj/t1/L81_00831_784079.jpg /imgs/bj/t3/L81_00831_784079.jpg /labels_unch0ch1ig255/bj/t1VSt3/L81_00831_784079.png /building_labels/bj/t1/L81_00831_784079.png /building_labels/bj/t3/L81_00831_784079.png
val,/imgs/bj/t1/L81_00647_783975.jpg /imgs/bj/t2/L81_00647_783975.jpg /labels/bj/t1VSt2/L81_00647_783975.png /building_labels/bj/t1/L81_00647_783975.png /building_labels/bj/t2/L81_00647_783975.png /offset_st_resize256/bj/t1/L81_00647_783975.tif /offset_st_resize256/bj/t2/L81_00647_783975.tif /flow_btv3_resize256/bj/t1VSt2/L81_00647_783975.tif
train,/imgs/bj/t1/L81_00815_784231.jpg /imgs/bj/t2/L81_00815_784231.jpg /labels_unch0ch1ig255/bj/t1VSt2/L81_00815_784231.png /building_labels/bj/t1/L81_00815_784231.png /building_labels/bj/t2/L81_00815_784231.png /offset_st_resize256/bj/t1/L81_00815_784231.tif /offset_st_resize256/bj/t2/L81_00815_784231.tif /flow_btv3_resize256/bj/t1VSt2/L81_00815_784231.tif
test,/imgs/bj/t1/L81_00663_784271.jpg /imgs/bj/t3/L81_00663_784271.jpg /labels_unch0ch1ig255/bj/t1VSt3/L81_00663_784271.png /building_labels/bj/t1/L81_00663_784271.png /building_labels/bj/t3/L81_00663_784271.png
train,/imgs/sh/t1/L81_892783_780527.jpg /imgs/sh/t2/L81_892783_780527.jpg /labels_unch0ch1ig255/sh/t1VSt2/L81_892783_780527.png /building_labels/sh/t1/L81_892783_780527.png /building_labels/sh/t2/L81_892783_780527.png /offset_st_resize256/sh/t1/L81_892783_780527.tif /offset_st_resize256/sh/t2/L81_892783_780527.tif /flow_btv3_resize256/sh/t1VSt2/L81_892783_780527.tif
train,/imgs/sh/t2/L81_892823_780503.jpg /imgs/sh/t3/L81_892823_780503.jpg /labels_unch0ch1ig255/sh/t2VSt3/L81_892823_780503.png /building_labels/sh/t2/L81_892823_780503.png /building_labels/sh/t3/L81_892823_780503.png /offset_st_resize256/sh/t2/L81_892823_780503.tif /offset_st_resize256/sh/t3/L81_892823_780503.tif /flow_btv3_resize256/sh/t2VSt3/L81_892823_780503.tif
train,/imgs/bj/t1/L81_00679_784319.jpg /imgs/bj/t3/L81_00679_784319.jpg /labels_unch0ch1ig255/bj/t1VSt3/L81_00679_784319.png /building_labels/bj/t1/L81_00679_784319.png /building_labels/bj/t3/L81_00679_784319.png /offset_st_resize256/bj/t1/L81_00679_784319.tif /offset_st_resize256/bj/t3/L81_00679_784319.tif /flow_btv3_resize256/bj/t1VSt3/L81_00679_784319.tif
train,/imgs/bj/t1/L81_00831_784063.jpg /imgs/bj/t3/L81_00831_784063.jpg /labels_unch0ch1ig255/bj/t1VSt3/L81_00831_784063.png /building_labels/bj/t1/L81_00831_784063.png /building_labels/bj/t3/L81_00831_784063.png /offset_st_resize256/bj/t1/L81_00831_784063.tif /offset_st_resize256/bj/t3/L81_00831_784063.tif /flow_btv3_resize256/bj/t1VSt3/L81_00831_784063.tif
train,/imgs/sh/t1/L81_892783_780487.jpg /imgs/sh/t2/L81_892783_780487.jpg /labels_unch0ch1ig255/sh/t1VSt2/L81_892783_780487.png /building_labels/sh/t1/L81_892783_780487.png /building_labels/sh/t2/L81_892783_780487.png /offset_st_resize256/sh/t1/L81_892783_780487.tif /offset_st_resize256/sh/t2/L81_892783_780487.tif /flow_btv3_resize256/sh/t1VSt2/L81_892783_780487.tif
train,/imgs/sh/t1/L81_892783_780431.jpg /imgs/sh/t2/L81_892783_780431.jpg /labels_unch0ch1ig255/sh/t1VSt2/L81_892783_780431.png /building_labels/sh/t1/L81_892783_780431.png /building_labels/sh/t2/L81_892783_780431.png /offset_st_resize256/sh/t1/L81_892783_780431.tif /offset_st_resize256/sh/t2/L81_892783_780431.tif /flow_btv3_resize256/sh/t1VSt2/L81_892783_780431.tif
train,/imgs/bj/t2/L81_00863_784199.jpg /imgs/bj/t3/L81_00863_784199.jpg /labels_unch0ch1ig255/bj/t2VSt3/L81_00863_784199.png /building_labels/bj/t2/L81_00863_784199.png /building_labels/bj/t3/L81_00863_784199.png /offset_st_resize256/bj/t2/L81_00863_784199.tif /offset_st_resize256/bj/t3/L81_00863_784199.tif /flow_btv3_resize256/bj/t2VSt3/L81_00863_784199.tif
train,/imgs/bj/t1/L81_00647_784087.jpg /imgs/bj/t3/L81_00647_784087.jpg /labels_unch0ch1ig255/bj/t1VSt3/L81_00647_784087.png /building_labels/bj/t1/L81_00647_784087.png /building_labels/bj/t3/L81_00647_784087.png /offset_st_resize256/bj/t1/L81_00647_784087.tif /offset_st_resize256/bj/t3/L81_00647_784087.tif /flow_btv3_resize256/bj/t1VSt3/L81_00647_784087.tif
val,/imgs/sh/t1/L81_892831_780447.jpg /imgs/sh/t3/L81_892831_780447.jpg /labels/sh/t1VSt3/L81_892831_780447.png /building_labels/sh/t1/L81_892831_780447.png /building_labels/sh/t3/L81_892831_780447.png /offset_st_resize256/sh/t1/L81_892831_780447.tif /offset_st_resize256/sh/t3/L81_892831_780447.tif /flow_btv3_resize256/sh/t1VSt3/L81_892831_780447.tif
train,/imgs/sh/t2/L81_892831_780431.jpg /imgs/sh/t3/L81_892831_780431.jpg /labels_unch0ch1ig255/sh/t2VSt3/L81_892831_780431.png /building_labels/sh/t2/L81_892831_780431.png /building_labels/sh/t3/L81_892831_780431.png /offset_st_resize256/sh/t2/L81_892831_780431.tif /offset_st_resize256/sh/t3/L81_892831_780431.tif /flow_btv3_resize256/sh/t2VSt3/L81_892831_780431.tif
train,/imgs/bj/t1/L81_00655_784271.jpg /imgs/bj/t3/L81_00655_784271.jpg /labels_unch0ch1ig255/bj/t1VSt3/L81_00655_784271.png /building_labels/bj/t1/L81_00655_784271.png /building_labels/bj/t3/L81_00655_784271.png /offset_st_resize256/bj/t1/L81_00655_784271.tif /offset_st_resize256/bj/t3/L81_00655_784271.tif /flow_btv3_resize256/bj/t1VSt3/L81_00655_784271.tif
test,/imgs/sh/t1/L81_892871_780431.jpg /imgs/sh/t3/L81_892871_780431.jpg /labels_unch0ch1ig255/sh/t1VSt3/L81_892871_780431.png /building_labels/sh/t1/L81_892871_780431.png /building_labels/sh/t3/L81_892871_780431.png
train,/imgs/sh/t1/L81_892919_780527.jpg /imgs/sh/t3/L81_892919_780527.jpg /labels_unch0ch1ig255/sh/t1VSt3/L81_892919_780527.png /building_labels/sh/t1/L81_892919_780527.png /building_labels/sh/t3/L81_892919_780527.png /offset_st_resize256/sh/t1/L81_892919_780527.tif /offset_st_resize256/sh/t3/L81_892919_780527.tif /flow_btv3_resize256/sh/t1VSt3/L81_892919_780527.tif
test,/imgs/bj/t1/L81_00647_784079.jpg /imgs/bj/t2/L81_00647_784079.jpg /labels_unch0ch1ig255/bj/t1VSt2/L81_00647_784079.png /building_labels/bj/t1/L81_00647_784079.png /building_labels/bj/t2/L81_00647_784079.png
train,/imgs/bj/t2/L81_00855_784079.jpg /imgs/bj/t3/L81_00855_784079.jpg /labels_unch0ch1ig255/bj/t2VSt3/L81_00855_784079.png /building_labels/bj/t2/L81_00855_784079.png /building_labels/bj/t3/L81_00855_784079.png /offset_st_resize256/bj/t2/L81_00855_784079.tif /offset_st_resize256/bj/t3/L81_00855_784079.tif /flow_btv3_resize256/bj/t2VSt3/L81_00855_784079.tif
train,/imgs/bj/t1/L81_00655_784319.jpg /imgs/bj/t2/L81_00655_784319.jpg /labels_unch0ch1ig255/bj/t1VSt2/L81_00655_784319.png /building_labels/bj/t1/L81_00655_784319.png /building_labels/bj/t2/L81_00655_784319.png /offset_st_resize256/bj/t1/L81_00655_784319.tif /offset_st_resize256/bj/t2/L81_00655_784319.tif /flow_btv3_resize256/bj/t1VSt2/L81_00655_784319.tif
train,/imgs/bj/t1/L81_00655_783967.jpg /imgs/bj/t3/L81_00655_783967.jpg /labels_unch0ch1ig255/bj/t1VSt3/L81_00655_783967.png /building_labels/bj/t1/L81_00655_783967.png /building_labels/bj/t3/L81_00655_783967.png /offset_st_resize256/bj/t1/L81_00655_783967.tif /offset_st_resize256/bj/t3/L81_00655_783967.tif /flow_btv3_resize256/bj/t1VSt3/L81_00655_783967.tif
train,/imgs/bj/t1/L81_00655_784023.jpg /imgs/bj/t2/L81_00655_784023.jpg /labels_unch0ch1ig255/bj/t1VSt2/L81_00655_784023.png /building_labels/bj/t1/L81_00655_784023.png /building_labels/bj/t2/L81_00655_784023.png /offset_st_resize256/bj/t1/L81_00655_784023.tif /offset_st_resize256/bj/t2/L81_00655_784023.tif /flow_btv3_resize256/bj/t1VSt2/L81_00655_784023.tif
train,/imgs/sh/t1/L81_892903_780463.jpg /imgs/sh/t2/L81_892903_780463.jpg /labels_unch0ch1ig255/sh/t1VSt2/L81_892903_780463.png /building_labels/sh/t1/L81_892903_780463.png /building_labels/sh/t2/L81_892903_780463.png /offset_st_resize256/sh/t1/L81_892903_780463.tif /offset_st_resize256/sh/t2/L81_892903_780463.tif /flow_btv3_resize256/sh/t1VSt2/L81_892903_780463.tif
train,/imgs/sh/t1/L81_892807_780527.jpg /imgs/sh/t2/L81_892807_780527.jpg /labels_unch0ch1ig255/sh/t1VSt2/L81_892807_780527.png /building_labels/sh/t1/L81_892807_780527.png /building_labels/sh/t2/L81_892807_780527.png /offset_st_resize256/sh/t1/L81_892807_780527.tif /offset_st_resize256/sh/t2/L81_892807_780527.tif /flow_btv3_resize256/sh/t1VSt2/L81_892807_780527.tif
train,/imgs/sh/t2/L81_892895_780527.jpg /imgs/sh/t3/L81_892895_780527.jpg /labels_unch0ch1ig255/sh/t2VSt3/L81_892895_780527.png /building_labels/sh/t2/L81_892895_780527.png /building_labels/sh/t3/L81_892895_780527.png /offset_st_resize256/sh/t2/L81_892895_780527.tif /offset_st_resize256/sh/t3/L81_892895_780527.tif /flow_btv3_resize256/sh/t2VSt3/L81_892895_780527.tif
train,/imgs/bj/t1/L81_00839_784199.jpg /imgs/bj/t3/L81_00839_784199.jpg /labels_unch0ch1ig255/bj/t1VSt3/L81_00839_784199.png /building_labels/bj/t1/L81_00839_784199.png /building_labels/bj/t3/L81_00839_784199.png /offset_st_resize256/bj/t1/L81_00839_784199.tif /offset_st_resize256/bj/t3/L81_00839_784199.tif /flow_btv3_resize256/bj/t1VSt3/L81_00839_784199.tif
train,/imgs/bj/t1/L81_00831_784335.jpg /imgs/bj/t2/L81_00831_784335.jpg /labels_unch0ch1ig255/bj/t1VSt2/L81_00831_784335.png /building_labels/bj/t1/L81_00831_784335.png /building_labels/bj/t2/L81_00831_784335.png /offset_st_resize256/bj/t1/L81_00831_784335.tif /offset_st_resize256/bj/t2/L81_00831_784335.tif /flow_btv3_resize256/bj/t1VSt2/L81_00831_784335.tif
train,/imgs/bj/t1/L81_00839_784223.jpg /imgs/bj/t2/L81_00839_784223.jpg /labels_unch0ch1ig255/bj/t1VSt2/L81_00839_784223.png /building_labels/bj/t1/L81_00839_784223.png /building_labels/bj/t2/L81_00839_784223.png /offset_st_resize256/bj/t1/L81_00839_784223.tif /offset_st_resize256/bj/t2/L81_00839_784223.tif /flow_btv3_resize256/bj/t1VSt2/L81_00839_784223.tif
train,/imgs/bj/t2/L81_00687_783967.jpg /imgs/bj/t3/L81_00687_783967.jpg /labels_unch0ch1ig255/bj/t2VSt3/L81_00687_783967.png /building_labels/bj/t2/L81_00687_783967.png /building_labels/bj/t3/L81_00687_783967.png /offset_st_resize256/bj/t2/L81_00687_783967.tif /offset_st_resize256/bj/t3/L81_00687_783967.tif /flow_btv3_resize256/bj/t2VSt3/L81_00687_783967.tif
train,/imgs/sh/t2/L81_892847_780495.jpg /imgs/sh/t3/L81_892847_780495.jpg /labels_unch0ch1ig255/sh/t2VSt3/L81_892847_780495.png /building_labels/sh/t2/L81_892847_780495.png /building_labels/sh/t3/L81_892847_780495.png /offset_st_resize256/sh/t2/L81_892847_780495.tif /offset_st_resize256/sh/t3/L81_892847_780495.tif /flow_btv3_resize256/sh/t2VSt3/L81_892847_780495.tif
train,/imgs/sh/t1/L81_892903_780471.jpg /imgs/sh/t3/L81_892903_780471.jpg /labels_unch0ch1ig255/sh/t1VSt3/L81_892903_780471.png /building_labels/sh/t1/L81_892903_780471.png /building_labels/sh/t3/L81_892903_780471.png /offset_st_resize256/sh/t1/L81_892903_780471.tif /offset_st_resize256/sh/t3/L81_892903_780471.tif /flow_btv3_resize256/sh/t1VSt3/L81_892903_780471.tif
train,/imgs/bj/t2/L81_00671_784271.jpg /imgs/bj/t3/L81_00671_784271.jpg /labels_unch0ch1ig255/bj/t2VSt3/L81_00671_784271.png /building_labels/bj/t2/L81_00671_784271.png /building_labels/bj/t3/L81_00671_784271.png /offset_st_resize256/bj/t2/L81_00671_784271.tif /offset_st_resize256/bj/t3/L81_00671_784271.tif /flow_btv3_resize256/bj/t2VSt3/L81_00671_784271.tif
train,/imgs/bj/t1/L81_00823_784239.jpg /imgs/bj/t2/L81_00823_784239.jpg /labels_unch0ch1ig255/bj/t1VSt2/L81_00823_784239.png /building_labels/bj/t1/L81_00823_784239.png /building_labels/bj/t2/L81_00823_784239.png /offset_st_resize256/bj/t1/L81_00823_784239.tif /offset_st_resize256/bj/t2/L81_00823_784239.tif /flow_btv3_resize256/bj/t1VSt2/L81_00823_784239.tif
train,/imgs/bj/t1/L81_00687_784031.jpg /imgs/bj/t2/L81_00687_784031.jpg /labels_unch0ch1ig255/bj/t1VSt2/L81_00687_784031.png /building_labels/bj/t1/L81_00687_784031.png /building_labels/bj/t2/L81_00687_784031.png /offset_st_resize256/bj/t1/L81_00687_784031.tif /offset_st_resize256/bj/t2/L81_00687_784031.tif /flow_btv3_resize256/bj/t1VSt2/L81_00687_784031.tif
train,/imgs/bj/t1/L81_00839_784207.jpg /imgs/bj/t3/L81_00839_784207.jpg /labels_unch0ch1ig255/bj/t1VSt3/L81_00839_784207.png /building_labels/bj/t1/L81_00839_784207.png /building_labels/bj/t3/L81_00839_784207.png /offset_st_resize256/bj/t1/L81_00839_784207.tif /offset_st_resize256/bj/t3/L81_00839_784207.tif /flow_btv3_resize256/bj/t1VSt3/L81_00839_784207.tif
train,/imgs/bj/t2/L81_00903_784271.jpg /imgs/bj/t3/L81_00903_784271.jpg /labels_unch0ch1ig255/bj/t2VSt3/L81_00903_784271.png /building_labels/bj/t2/L81_00903_784271.png /building_labels/bj/t3/L81_00903_784271.png /offset_st_resize256/bj/t2/L81_00903_784271.tif /offset_st_resize256/bj/t3/L81_00903_784271.tif /flow_btv3_resize256/bj/t2VSt3/L81_00903_784271.tif
train,/imgs/bj/t1/L81_00919_784183.jpg /imgs/bj/t2/L81_00919_784183.jpg /labels_unch0ch1ig255/bj/t1VSt2/L81_00919_784183.png /building_labels/bj/t1/L81_00919_784183.png /building_labels/bj/t2/L81_00919_784183.png /offset_st_resize256/bj/t1/L81_00919_784183.tif /offset_st_resize256/bj/t2/L81_00919_784183.tif /flow_btv3_resize256/bj/t1VSt2/L81_00919_784183.tif
train,/imgs/sh/t1/L81_892879_780511.jpg /imgs/sh/t2/L81_892879_780511.jpg /labels_unch0ch1ig255/sh/t1VSt2/L81_892879_780511.png /building_labels/sh/t1/L81_892879_780511.png /building_labels/sh/t2/L81_892879_780511.png /offset_st_resize256/sh/t1/L81_892879_780511.tif /offset_st_resize256/sh/t2/L81_892879_780511.tif /flow_btv3_resize256/sh/t1VSt2/L81_892879_780511.tif
train,/imgs/bj/t1/L81_00887_784119.jpg /imgs/bj/t3/L81_00887_784119.jpg /labels_unch0ch1ig255/bj/t1VSt3/L81_00887_784119.png /building_labels/bj/t1/L81_00887_784119.png /building_labels/bj/t3/L81_00887_784119.png /offset_st_resize256/bj/t1/L81_00887_784119.tif /offset_st_resize256/bj/t3/L81_00887_784119.tif /flow_btv3_resize256/bj/t1VSt3/L81_00887_784119.tif
train,/imgs/bj/t1/L81_00647_784183.jpg /imgs/bj/t2/L81_00647_784183.jpg /labels_unch0ch1ig255/bj/t1VSt2/L81_00647_784183.png /building_labels/bj/t1/L81_00647_784183.png /building_labels/bj/t2/L81_00647_784183.png /offset_st_resize256/bj/t1/L81_00647_784183.tif /offset_st_resize256/bj/t2/L81_00647_784183.tif /flow_btv3_resize256/bj/t1VSt2/L81_00647_784183.tif
test,/imgs/bj/t2/L81_00679_784063.jpg /imgs/bj/t3/L81_00679_784063.jpg /labels_unch0ch1ig255/bj/t2VSt3/L81_00679_784063.png /building_labels/bj/t2/L81_00679_784063.png /building_labels/bj/t3/L81_00679_784063.png
train,/imgs/bj/t1/L81_00839_784263.jpg /imgs/bj/t2/L81_00839_784263.jpg /labels_unch0ch1ig255/bj/t1VSt2/L81_00839_784263.png /building_labels/bj/t1/L81_00839_784263.png /building_labels/bj/t2/L81_00839_784263.png /offset_st_resize256/bj/t1/L81_00839_784263.tif /offset_st_resize256/bj/t2/L81_00839_784263.tif /flow_btv3_resize256/bj/t1VSt2/L81_00839_784263.tif
train,/imgs/bj/t2/L81_00671_784071.jpg /imgs/bj/t3/L81_00671_784071.jpg /labels_unch0ch1ig255/bj/t2VSt3/L81_00671_784071.png /building_labels/bj/t2/L81_00671_784071.png /building_labels/bj/t3/L81_00671_784071.png /offset_st_resize256/bj/t2/L81_00671_784071.tif /offset_st_resize256/bj/t3/L81_00671_784071.tif /flow_btv3_resize256/bj/t2VSt3/L81_00671_784071.tif
test,/imgs/bj/t1/L81_00967_784287.jpg /imgs/bj/t3/L81_00967_784287.jpg /labels_unch0ch1ig255/bj/t1VSt3/L81_00967_784287.png /building_labels/bj/t1/L81_00967_784287.png /building_labels/bj/t3/L81_00967_784287.png
train,/imgs/bj/t1/L81_00671_784119.jpg /imgs/bj/t3/L81_00671_784119.jpg /labels_unch0ch1ig255/bj/t1VSt3/L81_00671_784119.png /building_labels/bj/t1/L81_00671_784119.png /building_labels/bj/t3/L81_00671_784119.png /offset_st_resize256/bj/t1/L81_00671_784119.tif /offset_st_resize256/bj/t3/L81_00671_784119.tif /flow_btv3_resize256/bj/t1VSt3/L81_00671_784119.tif
train,/imgs/sh/t2/L81_892911_780519.jpg /imgs/sh/t3/L81_892911_780519.jpg /labels_unch0ch1ig255/sh/t2VSt3/L81_892911_780519.png /building_labels/sh/t2/L81_892911_780519.png /building_labels/sh/t3/L81_892911_780519.png /offset_st_resize256/sh/t2/L81_892911_780519.tif /offset_st_resize256/sh/t3/L81_892911_780519.tif /flow_btv3_resize256/sh/t2VSt3/L81_892911_780519.tif
train,/imgs/bj/t2/L81_00655_784207.jpg /imgs/bj/t3/L81_00655_784207.jpg /labels_unch0ch1ig255/bj/t2VSt3/L81_00655_784207.png /building_labels/bj/t2/L81_00655_784207.png /building_labels/bj/t3/L81_00655_784207.png /offset_st_resize256/bj/t2/L81_00655_784207.tif /offset_st_resize256/bj/t3/L81_00655_784207.tif /flow_btv3_resize256/bj/t2VSt3/L81_00655_784207.tif
train,/imgs/bj/t1/L81_00639_784223.jpg /imgs/bj/t2/L81_00639_784223.jpg /labels_unch0ch1ig255/bj/t1VSt2/L81_00639_784223.png /building_labels/bj/t1/L81_00639_784223.png /building_labels/bj/t2/L81_00639_784223.png /offset_st_resize256/bj/t1/L81_00639_784223.tif /offset_st_resize256/bj/t2/L81_00639_784223.tif /flow_btv3_resize256/bj/t1VSt2/L81_00639_784223.tif
train,/imgs/sh/t1/L81_892879_780463.jpg /imgs/sh/t3/L81_892879_780463.jpg /labels_unch0ch1ig255/sh/t1VSt3/L81_892879_780463.png /building_labels/sh/t1/L81_892879_780463.png /building_labels/sh/t3/L81_892879_780463.png /offset_st_resize256/sh/t1/L81_892879_780463.tif /offset_st_resize256/sh/t3/L81_892879_780463.tif /flow_btv3_resize256/sh/t1VSt3/L81_892879_780463.tif
train,/imgs/bj/t1/L81_00671_784335.jpg /imgs/bj/t3/L81_00671_784335.jpg /labels_unch0ch1ig255/bj/t1VSt3/L81_00671_784335.png /building_labels/bj/t1/L81_00671_784335.png /building_labels/bj/t3/L81_00671_784335.png /offset_st_resize256/bj/t1/L81_00671_784335.tif /offset_st_resize256/bj/t3/L81_00671_784335.tif /flow_btv3_resize256/bj/t1VSt3/L81_00671_784335.tif
train,/imgs/bj/t2/L81_00863_784183.jpg /imgs/bj/t3/L81_00863_784183.jpg /labels_unch0ch1ig255/bj/t2VSt3/L81_00863_784183.png /building_labels/bj/t2/L81_00863_784183.png /building_labels/bj/t3/L81_00863_784183.png /offset_st_resize256/bj/t2/L81_00863_784183.tif /offset_st_resize256/bj/t3/L81_00863_784183.tif /flow_btv3_resize256/bj/t2VSt3/L81_00863_784183.tif
train,/imgs/bj/t1/L81_00975_784295.jpg /imgs/bj/t3/L81_00975_784295.jpg /labels_unch0ch1ig255/bj/t1VSt3/L81_00975_784295.png /building_labels/bj/t1/L81_00975_784295.png /building_labels/bj/t3/L81_00975_784295.png /offset_st_resize256/bj/t1/L81_00975_784295.tif /offset_st_resize256/bj/t3/L81_00975_784295.tif /flow_btv3_resize256/bj/t1VSt3/L81_00975_784295.tif
train,/imgs/bj/t1/L81_00671_784191.jpg /imgs/bj/t2/L81_00671_784191.jpg /labels_unch0ch1ig255/bj/t1VSt2/L81_00671_784191.png /building_labels/bj/t1/L81_00671_784191.png /building_labels/bj/t2/L81_00671_784191.png /offset_st_resize256/bj/t1/L81_00671_784191.tif /offset_st_resize256/bj/t2/L81_00671_784191.tif /flow_btv3_resize256/bj/t1VSt2/L81_00671_784191.tif
train,/imgs/bj/t1/L81_00919_784151.jpg /imgs/bj/t2/L81_00919_784151.jpg /labels_unch0ch1ig255/bj/t1VSt2/L81_00919_784151.png /building_labels/bj/t1/L81_00919_784151.png /building_labels/bj/t2/L81_00919_784151.png /offset_st_resize256/bj/t1/L81_00919_784151.tif /offset_st_resize256/bj/t2/L81_00919_784151.tif /flow_btv3_resize256/bj/t1VSt2/L81_00919_784151.tif
train,/imgs/sh/t1/L81_892799_780423.jpg /imgs/sh/t3/L81_892799_780423.jpg /labels_unch0ch1ig255/sh/t1VSt3/L81_892799_780423.png /building_labels/sh/t1/L81_892799_780423.png /building_labels/sh/t3/L81_892799_780423.png /offset_st_resize256/sh/t1/L81_892799_780423.tif /offset_st_resize256/sh/t3/L81_892799_780423.tif /flow_btv3_resize256/sh/t1VSt3/L81_892799_780423.tif
train,/imgs/bj/t1/L81_00671_783991.jpg /imgs/bj/t2/L81_00671_783991.jpg /labels_unch0ch1ig255/bj/t1VSt2/L81_00671_783991.png /building_labels/bj/t1/L81_00671_783991.png /building_labels/bj/t2/L81_00671_783991.png /offset_st_resize256/bj/t1/L81_00671_783991.tif /offset_st_resize256/bj/t2/L81_00671_783991.tif /flow_btv3_resize256/bj/t1VSt2/L81_00671_783991.tif
train,/imgs/bj/t1/L81_00903_784071.jpg /imgs/bj/t3/L81_00903_784071.jpg /labels_unch0ch1ig255/bj/t1VSt3/L81_00903_784071.png /building_labels/bj/t1/L81_00903_784071.png /building_labels/bj/t3/L81_00903_784071.png /offset_st_resize256/bj/t1/L81_00903_784071.tif /offset_st_resize256/bj/t3/L81_00903_784071.tif /flow_btv3_resize256/bj/t1VSt3/L81_00903_784071.tif
train,/imgs/bj/t2/L81_00639_784247.jpg /imgs/bj/t3/L81_00639_784247.jpg /labels_unch0ch1ig255/bj/t2VSt3/L81_00639_784247.png /building_labels/bj/t2/L81_00639_784247.png /building_labels/bj/t3/L81_00639_784247.png /offset_st_resize256/bj/t2/L81_00639_784247.tif /offset_st_resize256/bj/t3/L81_00639_784247.tif /flow_btv3_resize256/bj/t2VSt3/L81_00639_784247.tif
train,/imgs/bj/t1/L81_00823_784311.jpg /imgs/bj/t3/L81_00823_784311.jpg /labels_unch0ch1ig255/bj/t1VSt3/L81_00823_784311.png /building_labels/bj/t1/L81_00823_784311.png /building_labels/bj/t3/L81_00823_784311.png /offset_st_resize256/bj/t1/L81_00823_784311.tif /offset_st_resize256/bj/t3/L81_00823_784311.tif /flow_btv3_resize256/bj/t1VSt3/L81_00823_784311.tif
train,/imgs/bj/t1/L81_00863_783975.jpg /imgs/bj/t3/L81_00863_783975.jpg /labels_unch0ch1ig255/bj/t1VSt3/L81_00863_783975.png /building_labels/bj/t1/L81_00863_783975.png /building_labels/bj/t3/L81_00863_783975.png /offset_st_resize256/bj/t1/L81_00863_783975.tif /offset_st_resize256/bj/t3/L81_00863_783975.tif /flow_btv3_resize256/bj/t1VSt3/L81_00863_783975.tif
train,/imgs/bj/t2/L81_00855_784311.jpg /imgs/bj/t3/L81_00855_784311.jpg /labels_unch0ch1ig255/bj/t2VSt3/L81_00855_784311.png /building_labels/bj/t2/L81_00855_784311.png /building_labels/bj/t3/L81_00855_784311.png /offset_st_resize256/bj/t2/L81_00855_784311.tif /offset_st_resize256/bj/t3/L81_00855_784311.tif /flow_btv3_resize256/bj/t2VSt3/L81_00855_784311.tif
train,/imgs/bj/t2/L81_00831_784087.jpg /imgs/bj/t3/L81_00831_784087.jpg /labels_unch0ch1ig255/bj/t2VSt3/L81_00831_784087.png /building_labels/bj/t2/L81_00831_784087.png /building_labels/bj/t3/L81_00831_784087.png /offset_st_resize256/bj/t2/L81_00831_784087.tif /offset_st_resize256/bj/t3/L81_00831_784087.tif /flow_btv3_resize256/bj/t2VSt3/L81_00831_784087.tif
val,/imgs/bj/t1/L81_00895_784263.jpg /imgs/bj/t3/L81_00895_784263.jpg /labels/bj/t1VSt3/L81_00895_784263.png /building_labels/bj/t1/L81_00895_784263.png /building_labels/bj/t3/L81_00895_784263.png /offset_st_resize256/bj/t1/L81_00895_784263.tif /offset_st_resize256/bj/t3/L81_00895_784263.tif /flow_btv3_resize256/bj/t1VSt3/L81_00895_784263.tif
train,/imgs/bj/t1/L81_00855_784311.jpg /imgs/bj/t2/L81_00855_784311.jpg /labels_unch0ch1ig255/bj/t1VSt2/L81_00855_784311.png /building_labels/bj/t1/L81_00855_784311.png /building_labels/bj/t2/L81_00855_784311.png /offset_st_resize256/bj/t1/L81_00855_784311.tif /offset_st_resize256/bj/t2/L81_00855_784311.tif /flow_btv3_resize256/bj/t1VSt2/L81_00855_784311.tif
train,/imgs/bj/t1/L81_00927_784207.jpg /imgs/bj/t3/L81_00927_784207.jpg /labels_unch0ch1ig255/bj/t1VSt3/L81_00927_784207.png /building_labels/bj/t1/L81_00927_784207.png /building_labels/bj/t3/L81_00927_784207.png /offset_st_resize256/bj/t1/L81_00927_784207.tif /offset_st_resize256/bj/t3/L81_00927_784207.tif /flow_btv3_resize256/bj/t1VSt3/L81_00927_784207.tif
train,/imgs/bj/t1/L81_00647_784207.jpg /imgs/bj/t2/L81_00647_784207.jpg /labels_unch0ch1ig255/bj/t1VSt2/L81_00647_784207.png /building_labels/bj/t1/L81_00647_784207.png /building_labels/bj/t2/L81_00647_784207.png /offset_st_resize256/bj/t1/L81_00647_784207.tif /offset_st_resize256/bj/t2/L81_00647_784207.tif /flow_btv3_resize256/bj/t1VSt2/L81_00647_784207.tif
train,/imgs/sh/t1/L81_892855_780431.jpg /imgs/sh/t3/L81_892855_780431.jpg /labels_unch0ch1ig255/sh/t1VSt3/L81_892855_780431.png /building_labels/sh/t1/L81_892855_780431.png /building_labels/sh/t3/L81_892855_780431.png /offset_st_resize256/sh/t1/L81_892855_780431.tif /offset_st_resize256/sh/t3/L81_892855_780431.tif /flow_btv3_resize256/sh/t1VSt3/L81_892855_780431.tif
train,/imgs/bj/t1/L81_00815_784223.jpg /imgs/bj/t2/L81_00815_784223.jpg /labels_unch0ch1ig255/bj/t1VSt2/L81_00815_784223.png /building_labels/bj/t1/L81_00815_784223.png /building_labels/bj/t2/L81_00815_784223.png /offset_st_resize256/bj/t1/L81_00815_784223.tif /offset_st_resize256/bj/t2/L81_00815_784223.tif /flow_btv3_resize256/bj/t1VSt2/L81_00815_784223.tif
val,/imgs/bj/t2/L81_00895_784263.jpg /imgs/bj/t3/L81_00895_784263.jpg /labels/bj/t2VSt3/L81_00895_784263.png /building_labels/bj/t2/L81_00895_784263.png /building_labels/bj/t3/L81_00895_784263.png /offset_st_resize256/bj/t2/L81_00895_784263.tif /offset_st_resize256/bj/t3/L81_00895_784263.tif /flow_btv3_resize256/bj/t2VSt3/L81_00895_784263.tif
val,/imgs/bj/t1/L81_00879_784159.jpg /imgs/bj/t2/L81_00879_784159.jpg /labels/bj/t1VSt2/L81_00879_784159.png /building_labels/bj/t1/L81_00879_784159.png /building_labels/bj/t2/L81_00879_784159.png /offset_st_resize256/bj/t1/L81_00879_784159.tif /offset_st_resize256/bj/t2/L81_00879_784159.tif /flow_btv3_resize256/bj/t1VSt2/L81_00879_784159.tif
train,/imgs/bj/t1/L81_00903_784263.jpg /imgs/bj/t2/L81_00903_784263.jpg /labels_unch0ch1ig255/bj/t1VSt2/L81_00903_784263.png /building_labels/bj/t1/L81_00903_784263.png /building_labels/bj/t2/L81_00903_784263.png /offset_st_resize256/bj/t1/L81_00903_784263.tif /offset_st_resize256/bj/t2/L81_00903_784263.tif /flow_btv3_resize256/bj/t1VSt2/L81_00903_784263.tif
train,/imgs/bj/t1/L81_00663_784111.jpg /imgs/bj/t3/L81_00663_784111.jpg /labels_unch0ch1ig255/bj/t1VSt3/L81_00663_784111.png /building_labels/bj/t1/L81_00663_784111.png /building_labels/bj/t3/L81_00663_784111.png /offset_st_resize256/bj/t1/L81_00663_784111.tif /offset_st_resize256/bj/t3/L81_00663_784111.tif /flow_btv3_resize256/bj/t1VSt3/L81_00663_784111.tif
train,/imgs/bj/t1/L81_00655_784183.jpg /imgs/bj/t2/L81_00655_784183.jpg /labels_unch0ch1ig255/bj/t1VSt2/L81_00655_784183.png /building_labels/bj/t1/L81_00655_784183.png /building_labels/bj/t2/L81_00655_784183.png /offset_st_resize256/bj/t1/L81_00655_784183.tif /offset_st_resize256/bj/t2/L81_00655_784183.tif /flow_btv3_resize256/bj/t1VSt2/L81_00655_784183.tif
train,/imgs/bj/t1/L81_00895_784271.jpg /imgs/bj/t3/L81_00895_784271.jpg /labels_unch0ch1ig255/bj/t1VSt3/L81_00895_784271.png /building_labels/bj/t1/L81_00895_784271.png /building_labels/bj/t3/L81_00895_784271.png /offset_st_resize256/bj/t1/L81_00895_784271.tif /offset_st_resize256/bj/t3/L81_00895_784271.tif /flow_btv3_resize256/bj/t1VSt3/L81_00895_784271.tif
train,/imgs/bj/t1/L81_00663_784047.jpg /imgs/bj/t2/L81_00663_784047.jpg /labels_unch0ch1ig255/bj/t1VSt2/L81_00663_784047.png /building_labels/bj/t1/L81_00663_784047.png /building_labels/bj/t2/L81_00663_784047.png /offset_st_resize256/bj/t1/L81_00663_784047.tif /offset_st_resize256/bj/t2/L81_00663_784047.tif /flow_btv3_resize256/bj/t1VSt2/L81_00663_784047.tif
train,/imgs/bj/t2/L81_00959_784287.jpg /imgs/bj/t3/L81_00959_784287.jpg /labels_unch0ch1ig255/bj/t2VSt3/L81_00959_784287.png /building_labels/bj/t2/L81_00959_784287.png /building_labels/bj/t3/L81_00959_784287.png /offset_st_resize256/bj/t2/L81_00959_784287.tif /offset_st_resize256/bj/t3/L81_00959_784287.tif /flow_btv3_resize256/bj/t2VSt3/L81_00959_784287.tif
train,/imgs/sh/t2/L81_892815_780463.jpg /imgs/sh/t3/L81_892815_780463.jpg /labels_unch0ch1ig255/sh/t2VSt3/L81_892815_780463.png /building_labels/sh/t2/L81_892815_780463.png /building_labels/sh/t3/L81_892815_780463.png /offset_st_resize256/sh/t2/L81_892815_780463.tif /offset_st_resize256/sh/t3/L81_892815_780463.tif /flow_btv3_resize256/sh/t2VSt3/L81_892815_780463.tif
test,/imgs/bj/t1/L81_00679_784063.jpg /imgs/bj/t2/L81_00679_784063.jpg /labels_unch0ch1ig255/bj/t1VSt2/L81_00679_784063.png /building_labels/bj/t1/L81_00679_784063.png /building_labels/bj/t2/L81_00679_784063.png
test,/imgs/sh/t1/L81_892911_780447.jpg /imgs/sh/t3/L81_892911_780447.jpg /labels_unch0ch1ig255/sh/t1VSt3/L81_892911_780447.png /building_labels/sh/t1/L81_892911_780447.png /building_labels/sh/t3/L81_892911_780447.png
train,/imgs/sh/t2/L81_892879_780447.jpg /imgs/sh/t3/L81_892879_780447.jpg /labels_unch0ch1ig255/sh/t2VSt3/L81_892879_780447.png /building_labels/sh/t2/L81_892879_780447.png /building_labels/sh/t3/L81_892879_780447.png /offset_st_resize256/sh/t2/L81_892879_780447.tif /offset_st_resize256/sh/t3/L81_892879_780447.tif /flow_btv3_resize256/sh/t2VSt3/L81_892879_780447.tif
train,/imgs/sh/t1/L81_892783_780447.jpg /imgs/sh/t3/L81_892783_780447.jpg /labels_unch0ch1ig255/sh/t1VSt3/L81_892783_780447.png /building_labels/sh/t1/L81_892783_780447.png /building_labels/sh/t3/L81_892783_780447.png /offset_st_resize256/sh/t1/L81_892783_780447.tif /offset_st_resize256/sh/t3/L81_892783_780447.tif /flow_btv3_resize256/sh/t1VSt3/L81_892783_780447.tif
train,/imgs/bj/t1/L81_00639_784183.jpg /imgs/bj/t2/L81_00639_784183.jpg /labels_unch0ch1ig255/bj/t1VSt2/L81_00639_784183.png /building_labels/bj/t1/L81_00639_784183.png /building_labels/bj/t2/L81_00639_784183.png /offset_st_resize256/bj/t1/L81_00639_784183.tif /offset_st_resize256/bj/t2/L81_00639_784183.tif /flow_btv3_resize256/bj/t1VSt2/L81_00639_784183.tif
train,/imgs/bj/t1/L81_00671_784215.jpg /imgs/bj/t2/L81_00671_784215.jpg /labels_unch0ch1ig255/bj/t1VSt2/L81_00671_784215.png /building_labels/bj/t1/L81_00671_784215.png /building_labels/bj/t2/L81_00671_784215.png /offset_st_resize256/bj/t1/L81_00671_784215.tif /offset_st_resize256/bj/t2/L81_00671_784215.tif /flow_btv3_resize256/bj/t1VSt2/L81_00671_784215.tif
train,/imgs/bj/t2/L81_00895_784255.jpg /imgs/bj/t3/L81_00895_784255.jpg /labels_unch0ch1ig255/bj/t2VSt3/L81_00895_784255.png /building_labels/bj/t2/L81_00895_784255.png /building_labels/bj/t3/L81_00895_784255.png /offset_st_resize256/bj/t2/L81_00895_784255.tif /offset_st_resize256/bj/t3/L81_00895_784255.tif /flow_btv3_resize256/bj/t2VSt3/L81_00895_784255.tif
train,/imgs/sh/t1/L81_892831_780471.jpg /imgs/sh/t2/L81_892831_780471.jpg /labels_unch0ch1ig255/sh/t1VSt2/L81_892831_780471.png /building_labels/sh/t1/L81_892831_780471.png /building_labels/sh/t2/L81_892831_780471.png /offset_st_resize256/sh/t1/L81_892831_780471.tif /offset_st_resize256/sh/t2/L81_892831_780471.tif /flow_btv3_resize256/sh/t1VSt2/L81_892831_780471.tif
train,/imgs/bj/t1/L81_00863_784071.jpg /imgs/bj/t3/L81_00863_784071.jpg /labels_unch0ch1ig255/bj/t1VSt3/L81_00863_784071.png /building_labels/bj/t1/L81_00863_784071.png /building_labels/bj/t3/L81_00863_784071.png /offset_st_resize256/bj/t1/L81_00863_784071.tif /offset_st_resize256/bj/t3/L81_00863_784071.tif /flow_btv3_resize256/bj/t1VSt3/L81_00863_784071.tif
train,/imgs/bj/t1/L81_00663_784247.jpg /imgs/bj/t2/L81_00663_784247.jpg /labels_unch0ch1ig255/bj/t1VSt2/L81_00663_784247.png /building_labels/bj/t1/L81_00663_784247.png /building_labels/bj/t2/L81_00663_784247.png /offset_st_resize256/bj/t1/L81_00663_784247.tif /offset_st_resize256/bj/t2/L81_00663_784247.tif /flow_btv3_resize256/bj/t1VSt2/L81_00663_784247.tif
train,/imgs/sh/t2/L81_892823_780463.jpg /imgs/sh/t3/L81_892823_780463.jpg /labels_unch0ch1ig255/sh/t2VSt3/L81_892823_780463.png /building_labels/sh/t2/L81_892823_780463.png /building_labels/sh/t3/L81_892823_780463.png /offset_st_resize256/sh/t2/L81_892823_780463.tif /offset_st_resize256/sh/t3/L81_892823_780463.tif /flow_btv3_resize256/sh/t2VSt3/L81_892823_780463.tif
val,/imgs/bj/t1/L81_00671_784167.jpg /imgs/bj/t3/L81_00671_784167.jpg /labels/bj/t1VSt3/L81_00671_784167.png /building_labels/bj/t1/L81_00671_784167.png /building_labels/bj/t3/L81_00671_784167.png /offset_st_resize256/bj/t1/L81_00671_784167.tif /offset_st_resize256/bj/t3/L81_00671_784167.tif /flow_btv3_resize256/bj/t1VSt3/L81_00671_784167.tif
train,/imgs/bj/t2/L81_00911_784271.jpg /imgs/bj/t3/L81_00911_784271.jpg /labels_unch0ch1ig255/bj/t2VSt3/L81_00911_784271.png /building_labels/bj/t2/L81_00911_784271.png /building_labels/bj/t3/L81_00911_784271.png /offset_st_resize256/bj/t2/L81_00911_784271.tif /offset_st_resize256/bj/t3/L81_00911_784271.tif /flow_btv3_resize256/bj/t2VSt3/L81_00911_784271.tif
val,/imgs/bj/t1/L81_00975_784271.jpg /imgs/bj/t3/L81_00975_784271.jpg /labels/bj/t1VSt3/L81_00975_784271.png /building_labels/bj/t1/L81_00975_784271.png /building_labels/bj/t3/L81_00975_784271.png /offset_st_resize256/bj/t1/L81_00975_784271.tif /offset_st_resize256/bj/t3/L81_00975_784271.tif /flow_btv3_resize256/bj/t1VSt3/L81_00975_784271.tif
train,/imgs/sh/t2/L81_892927_780527.jpg /imgs/sh/t3/L81_892927_780527.jpg /labels_unch0ch1ig255/sh/t2VSt3/L81_892927_780527.png /building_labels/sh/t2/L81_892927_780527.png /building_labels/sh/t3/L81_892927_780527.png /offset_st_resize256/sh/t2/L81_892927_780527.tif /offset_st_resize256/sh/t3/L81_892927_780527.tif /flow_btv3_resize256/sh/t2VSt3/L81_892927_780527.tif
val,/imgs/bj/t1/L81_00671_784159.jpg /imgs/bj/t3/L81_00671_784159.jpg /labels/bj/t1VSt3/L81_00671_784159.png /building_labels/bj/t1/L81_00671_784159.png /building_labels/bj/t3/L81_00671_784159.png /offset_st_resize256/bj/t1/L81_00671_784159.tif /offset_st_resize256/bj/t3/L81_00671_784159.tif /flow_btv3_resize256/bj/t1VSt3/L81_00671_784159.tif
val,/imgs/sh/t2/L81_892871_780455.jpg /imgs/sh/t3/L81_892871_780455.jpg /labels/sh/t2VSt3/L81_892871_780455.png /building_labels/sh/t2/L81_892871_780455.png /building_labels/sh/t3/L81_892871_780455.png /offset_st_resize256/sh/t2/L81_892871_780455.tif /offset_st_resize256/sh/t3/L81_892871_780455.tif /flow_btv3_resize256/sh/t2VSt3/L81_892871_780455.tif
train,/imgs/bj/t1/L81_00663_784175.jpg /imgs/bj/t2/L81_00663_784175.jpg /labels_unch0ch1ig255/bj/t1VSt2/L81_00663_784175.png /building_labels/bj/t1/L81_00663_784175.png /building_labels/bj/t2/L81_00663_784175.png /offset_st_resize256/bj/t1/L81_00663_784175.tif /offset_st_resize256/bj/t2/L81_00663_784175.tif /flow_btv3_resize256/bj/t1VSt2/L81_00663_784175.tif
train,/imgs/sh/t2/L81_892879_780503.jpg /imgs/sh/t3/L81_892879_780503.jpg /labels_unch0ch1ig255/sh/t2VSt3/L81_892879_780503.png /building_labels/sh/t2/L81_892879_780503.png /building_labels/sh/t3/L81_892879_780503.png /offset_st_resize256/sh/t2/L81_892879_780503.tif /offset_st_resize256/sh/t3/L81_892879_780503.tif /flow_btv3_resize256/sh/t2VSt3/L81_892879_780503.tif
train,/imgs/bj/t1/L81_00639_784159.jpg /imgs/bj/t3/L81_00639_784159.jpg /labels_unch0ch1ig255/bj/t1VSt3/L81_00639_784159.png /building_labels/bj/t1/L81_00639_784159.png /building_labels/bj/t3/L81_00639_784159.png /offset_st_resize256/bj/t1/L81_00639_784159.tif /offset_st_resize256/bj/t3/L81_00639_784159.tif /flow_btv3_resize256/bj/t1VSt3/L81_00639_784159.tif
train,/imgs/bj/t1/L81_00831_784263.jpg /imgs/bj/t3/L81_00831_784263.jpg /labels_unch0ch1ig255/bj/t1VSt3/L81_00831_784263.png /building_labels/bj/t1/L81_00831_784263.png /building_labels/bj/t3/L81_00831_784263.png /offset_st_resize256/bj/t1/L81_00831_784263.tif /offset_st_resize256/bj/t3/L81_00831_784263.tif /flow_btv3_resize256/bj/t1VSt3/L81_00831_784263.tif
train,/imgs/bj/t1/L81_00687_784255.jpg /imgs/bj/t2/L81_00687_784255.jpg /labels_unch0ch1ig255/bj/t1VSt2/L81_00687_784255.png /building_labels/bj/t1/L81_00687_784255.png /building_labels/bj/t2/L81_00687_784255.png /offset_st_resize256/bj/t1/L81_00687_784255.tif /offset_st_resize256/bj/t2/L81_00687_784255.tif /flow_btv3_resize256/bj/t1VSt2/L81_00687_784255.tif
train,/imgs/bj/t1/L81_00671_784119.jpg /imgs/bj/t2/L81_00671_784119.jpg /labels_unch0ch1ig255/bj/t1VSt2/L81_00671_784119.png /building_labels/bj/t1/L81_00671_784119.png /building_labels/bj/t2/L81_00671_784119.png /offset_st_resize256/bj/t1/L81_00671_784119.tif /offset_st_resize256/bj/t2/L81_00671_784119.tif /flow_btv3_resize256/bj/t1VSt2/L81_00671_784119.tif
train,/imgs/sh/t2/L81_892895_780423.jpg /imgs/sh/t3/L81_892895_780423.jpg /labels_unch0ch1ig255/sh/t2VSt3/L81_892895_780423.png /building_labels/sh/t2/L81_892895_780423.png /building_labels/sh/t3/L81_892895_780423.png /offset_st_resize256/sh/t2/L81_892895_780423.tif /offset_st_resize256/sh/t3/L81_892895_780423.tif /flow_btv3_resize256/sh/t2VSt3/L81_892895_780423.tif
train,/imgs/bj/t1/L81_00655_783999.jpg /imgs/bj/t2/L81_00655_783999.jpg /labels_unch0ch1ig255/bj/t1VSt2/L81_00655_783999.png /building_labels/bj/t1/L81_00655_783999.png /building_labels/bj/t2/L81_00655_783999.png /offset_st_resize256/bj/t1/L81_00655_783999.tif /offset_st_resize256/bj/t2/L81_00655_783999.tif /flow_btv3_resize256/bj/t1VSt2/L81_00655_783999.tif
train,/imgs/bj/t1/L81_00839_784271.jpg /imgs/bj/t3/L81_00839_784271.jpg /labels_unch0ch1ig255/bj/t1VSt3/L81_00839_784271.png /building_labels/bj/t1/L81_00839_784271.png /building_labels/bj/t3/L81_00839_784271.png /offset_st_resize256/bj/t1/L81_00839_784271.tif /offset_st_resize256/bj/t3/L81_00839_784271.tif /flow_btv3_resize256/bj/t1VSt3/L81_00839_784271.tif
train,/imgs/bj/t2/L81_00863_784071.jpg /imgs/bj/t3/L81_00863_784071.jpg /labels_unch0ch1ig255/bj/t2VSt3/L81_00863_784071.png /building_labels/bj/t2/L81_00863_784071.png /building_labels/bj/t3/L81_00863_784071.png /offset_st_resize256/bj/t2/L81_00863_784071.tif /offset_st_resize256/bj/t3/L81_00863_784071.tif /flow_btv3_resize256/bj/t2VSt3/L81_00863_784071.tif
train,/imgs/sh/t2/L81_892831_780455.jpg /imgs/sh/t3/L81_892831_780455.jpg /labels_unch0ch1ig255/sh/t2VSt3/L81_892831_780455.png /building_labels/sh/t2/L81_892831_780455.png /building_labels/sh/t3/L81_892831_780455.png /offset_st_resize256/sh/t2/L81_892831_780455.tif /offset_st_resize256/sh/t3/L81_892831_780455.tif /flow_btv3_resize256/sh/t2VSt3/L81_892831_780455.tif
train,/imgs/bj/t1/L81_00839_784215.jpg /imgs/bj/t3/L81_00839_784215.jpg /labels_unch0ch1ig255/bj/t1VSt3/L81_00839_784215.png /building_labels/bj/t1/L81_00839_784215.png /building_labels/bj/t3/L81_00839_784215.png /offset_st_resize256/bj/t1/L81_00839_784215.tif /offset_st_resize256/bj/t3/L81_00839_784215.tif /flow_btv3_resize256/bj/t1VSt3/L81_00839_784215.tif
train,/imgs/bj/t1/L81_00815_784207.jpg /imgs/bj/t2/L81_00815_784207.jpg /labels_unch0ch1ig255/bj/t1VSt2/L81_00815_784207.png /building_labels/bj/t1/L81_00815_784207.png /building_labels/bj/t2/L81_00815_784207.png /offset_st_resize256/bj/t1/L81_00815_784207.tif /offset_st_resize256/bj/t2/L81_00815_784207.tif /flow_btv3_resize256/bj/t1VSt2/L81_00815_784207.tif
test,/imgs/bj/t1/L81_00967_784287.jpg /imgs/bj/t2/L81_00967_784287.jpg /labels_unch0ch1ig255/bj/t1VSt2/L81_00967_784287.png /building_labels/bj/t1/L81_00967_784287.png /building_labels/bj/t2/L81_00967_784287.png
train,/imgs/bj/t1/L81_00863_783975.jpg /imgs/bj/t2/L81_00863_783975.jpg /labels_unch0ch1ig255/bj/t1VSt2/L81_00863_783975.png /building_labels/bj/t1/L81_00863_783975.png /building_labels/bj/t2/L81_00863_783975.png /offset_st_resize256/bj/t1/L81_00863_783975.tif /offset_st_resize256/bj/t2/L81_00863_783975.tif /flow_btv3_resize256/bj/t1VSt2/L81_00863_783975.tif
val,/imgs/bj/t1/L81_00895_783991.jpg /imgs/bj/t2/L81_00895_783991.jpg /labels/bj/t1VSt2/L81_00895_783991.png /building_labels/bj/t1/L81_00895_783991.png /building_labels/bj/t2/L81_00895_783991.png /offset_st_resize256/bj/t1/L81_00895_783991.tif /offset_st_resize256/bj/t2/L81_00895_783991.tif /flow_btv3_resize256/bj/t1VSt2/L81_00895_783991.tif
train,/imgs/bj/t1/L81_00663_784263.jpg /imgs/bj/t2/L81_00663_784263.jpg /labels_unch0ch1ig255/bj/t1VSt2/L81_00663_784263.png /building_labels/bj/t1/L81_00663_784263.png /building_labels/bj/t2/L81_00663_784263.png /offset_st_resize256/bj/t1/L81_00663_784263.tif /offset_st_resize256/bj/t2/L81_00663_784263.tif /flow_btv3_resize256/bj/t1VSt2/L81_00663_784263.tif
train,/imgs/bj/t1/L81_00903_784271.jpg /imgs/bj/t3/L81_00903_784271.jpg /labels_unch0ch1ig255/bj/t1VSt3/L81_00903_784271.png /building_labels/bj/t1/L81_00903_784271.png /building_labels/bj/t3/L81_00903_784271.png /offset_st_resize256/bj/t1/L81_00903_784271.tif /offset_st_resize256/bj/t3/L81_00903_784271.tif /flow_btv3_resize256/bj/t1VSt3/L81_00903_784271.tif
train,/imgs/sh/t1/L81_892823_780423.jpg /imgs/sh/t3/L81_892823_780423.jpg /labels_unch0ch1ig255/sh/t1VSt3/L81_892823_780423.png /building_labels/sh/t1/L81_892823_780423.png /building_labels/sh/t3/L81_892823_780423.png /offset_st_resize256/sh/t1/L81_892823_780423.tif /offset_st_resize256/sh/t3/L81_892823_780423.tif /flow_btv3_resize256/sh/t1VSt3/L81_892823_780423.tif
train,/imgs/bj/t1/L81_00671_784063.jpg /imgs/bj/t3/L81_00671_784063.jpg /labels_unch0ch1ig255/bj/t1VSt3/L81_00671_784063.png /building_labels/bj/t1/L81_00671_784063.png /building_labels/bj/t3/L81_00671_784063.png /offset_st_resize256/bj/t1/L81_00671_784063.tif /offset_st_resize256/bj/t3/L81_00671_784063.tif /flow_btv3_resize256/bj/t1VSt3/L81_00671_784063.tif
val,/imgs/sh/t2/L81_892911_780503.jpg /imgs/sh/t3/L81_892911_780503.jpg /labels/sh/t2VSt3/L81_892911_780503.png /building_labels/sh/t2/L81_892911_780503.png /building_labels/sh/t3/L81_892911_780503.png /offset_st_resize256/sh/t2/L81_892911_780503.tif /offset_st_resize256/sh/t3/L81_892911_780503.tif /flow_btv3_resize256/sh/t2VSt3/L81_892911_780503.tif
train,/imgs/bj/t1/L81_00839_784087.jpg /imgs/bj/t3/L81_00839_784087.jpg /labels_unch0ch1ig255/bj/t1VSt3/L81_00839_784087.png /building_labels/bj/t1/L81_00839_784087.png /building_labels/bj/t3/L81_00839_784087.png /offset_st_resize256/bj/t1/L81_00839_784087.tif /offset_st_resize256/bj/t3/L81_00839_784087.tif /flow_btv3_resize256/bj/t1VSt3/L81_00839_784087.tif
train,/imgs/sh/t2/L81_892855_780511.jpg /imgs/sh/t3/L81_892855_780511.jpg /labels_unch0ch1ig255/sh/t2VSt3/L81_892855_780511.png /building_labels/sh/t2/L81_892855_780511.png /building_labels/sh/t3/L81_892855_780511.png /offset_st_resize256/sh/t2/L81_892855_780511.tif /offset_st_resize256/sh/t3/L81_892855_780511.tif /flow_btv3_resize256/sh/t2VSt3/L81_892855_780511.tif
train,/imgs/bj/t1/L81_00687_784175.jpg /imgs/bj/t2/L81_00687_784175.jpg /labels_unch0ch1ig255/bj/t1VSt2/L81_00687_784175.png /building_labels/bj/t1/L81_00687_784175.png /building_labels/bj/t2/L81_00687_784175.png /offset_st_resize256/bj/t1/L81_00687_784175.tif /offset_st_resize256/bj/t2/L81_00687_784175.tif /flow_btv3_resize256/bj/t1VSt2/L81_00687_784175.tif
train,/imgs/bj/t1/L81_00671_784071.jpg /imgs/bj/t3/L81_00671_784071.jpg /labels_unch0ch1ig255/bj/t1VSt3/L81_00671_784071.png /building_labels/bj/t1/L81_00671_784071.png /building_labels/bj/t3/L81_00671_784071.png /offset_st_resize256/bj/t1/L81_00671_784071.tif /offset_st_resize256/bj/t3/L81_00671_784071.tif /flow_btv3_resize256/bj/t1VSt3/L81_00671_784071.tif
train,/imgs/bj/t1/L81_00823_784231.jpg /imgs/bj/t2/L81_00823_784231.jpg /labels_unch0ch1ig255/bj/t1VSt2/L81_00823_784231.png /building_labels/bj/t1/L81_00823_784231.png /building_labels/bj/t2/L81_00823_784231.png /offset_st_resize256/bj/t1/L81_00823_784231.tif /offset_st_resize256/bj/t2/L81_00823_784231.tif /flow_btv3_resize256/bj/t1VSt2/L81_00823_784231.tif
train,/imgs/sh/t2/L81_892895_780471.jpg /imgs/sh/t3/L81_892895_780471.jpg /labels_unch0ch1ig255/sh/t2VSt3/L81_892895_780471.png /building_labels/sh/t2/L81_892895_780471.png /building_labels/sh/t3/L81_892895_780471.png /offset_st_resize256/sh/t2/L81_892895_780471.tif /offset_st_resize256/sh/t3/L81_892895_780471.tif /flow_btv3_resize256/sh/t2VSt3/L81_892895_780471.tif
train,/imgs/sh/t2/L81_892799_780511.jpg /imgs/sh/t3/L81_892799_780511.jpg /labels_unch0ch1ig255/sh/t2VSt3/L81_892799_780511.png /building_labels/sh/t2/L81_892799_780511.png /building_labels/sh/t3/L81_892799_780511.png /offset_st_resize256/sh/t2/L81_892799_780511.tif /offset_st_resize256/sh/t3/L81_892799_780511.tif /flow_btv3_resize256/sh/t2VSt3/L81_892799_780511.tif
train,/imgs/sh/t1/L81_892823_780479.jpg /imgs/sh/t3/L81_892823_780479.jpg /labels_unch0ch1ig255/sh/t1VSt3/L81_892823_780479.png /building_labels/sh/t1/L81_892823_780479.png /building_labels/sh/t3/L81_892823_780479.png /offset_st_resize256/sh/t1/L81_892823_780479.tif /offset_st_resize256/sh/t3/L81_892823_780479.tif /flow_btv3_resize256/sh/t1VSt3/L81_892823_780479.tif
train,/imgs/bj/t1/L81_00871_784167.jpg /imgs/bj/t2/L81_00871_784167.jpg /labels_unch0ch1ig255/bj/t1VSt2/L81_00871_784167.png /building_labels/bj/t1/L81_00871_784167.png /building_labels/bj/t2/L81_00871_784167.png /offset_st_resize256/bj/t1/L81_00871_784167.tif /offset_st_resize256/bj/t2/L81_00871_784167.tif /flow_btv3_resize256/bj/t1VSt2/L81_00871_784167.tif
train,/imgs/bj/t1/L81_00639_783991.jpg /imgs/bj/t3/L81_00639_783991.jpg /labels_unch0ch1ig255/bj/t1VSt3/L81_00639_783991.png /building_labels/bj/t1/L81_00639_783991.png /building_labels/bj/t3/L81_00639_783991.png /offset_st_resize256/bj/t1/L81_00639_783991.tif /offset_st_resize256/bj/t3/L81_00639_783991.tif /flow_btv3_resize256/bj/t1VSt3/L81_00639_783991.tif
train,/imgs/bj/t2/L81_00639_784287.jpg /imgs/bj/t3/L81_00639_784287.jpg /labels_unch0ch1ig255/bj/t2VSt3/L81_00639_784287.png /building_labels/bj/t2/L81_00639_784287.png /building_labels/bj/t3/L81_00639_784287.png /offset_st_resize256/bj/t2/L81_00639_784287.tif /offset_st_resize256/bj/t3/L81_00639_784287.tif /flow_btv3_resize256/bj/t2VSt3/L81_00639_784287.tif
train,/imgs/bj/t2/L81_00671_784103.jpg /imgs/bj/t3/L81_00671_784103.jpg /labels_unch0ch1ig255/bj/t2VSt3/L81_00671_784103.png /building_labels/bj/t2/L81_00671_784103.png /building_labels/bj/t3/L81_00671_784103.png /offset_st_resize256/bj/t2/L81_00671_784103.tif /offset_st_resize256/bj/t3/L81_00671_784103.tif /flow_btv3_resize256/bj/t2VSt3/L81_00671_784103.tif
test,/imgs/bj/t2/L81_00671_784095.jpg /imgs/bj/t3/L81_00671_784095.jpg /labels_unch0ch1ig255/bj/t2VSt3/L81_00671_784095.png /building_labels/bj/t2/L81_00671_784095.png /building_labels/bj/t3/L81_00671_784095.png
train,/imgs/bj/t2/L81_00663_784231.jpg /imgs/bj/t3/L81_00663_784231.jpg /labels_unch0ch1ig255/bj/t2VSt3/L81_00663_784231.png /building_labels/bj/t2/L81_00663_784231.png /building_labels/bj/t3/L81_00663_784231.png /offset_st_resize256/bj/t2/L81_00663_784231.tif /offset_st_resize256/bj/t3/L81_00663_784231.tif /flow_btv3_resize256/bj/t2VSt3/L81_00663_784231.tif
train,/imgs/sh/t1/L81_892847_780511.jpg /imgs/sh/t3/L81_892847_780511.jpg /labels_unch0ch1ig255/sh/t1VSt3/L81_892847_780511.png /building_labels/sh/t1/L81_892847_780511.png /building_labels/sh/t3/L81_892847_780511.png /offset_st_resize256/sh/t1/L81_892847_780511.tif /offset_st_resize256/sh/t3/L81_892847_780511.tif /flow_btv3_resize256/sh/t1VSt3/L81_892847_780511.tif
train,/imgs/sh/t2/L81_892879_780479.jpg /imgs/sh/t3/L81_892879_780479.jpg /labels_unch0ch1ig255/sh/t2VSt3/L81_892879_780479.png /building_labels/sh/t2/L81_892879_780479.png /building_labels/sh/t3/L81_892879_780479.png /offset_st_resize256/sh/t2/L81_892879_780479.tif /offset_st_resize256/sh/t3/L81_892879_780479.tif /flow_btv3_resize256/sh/t2VSt3/L81_892879_780479.tif
train,/imgs/sh/t2/L81_892791_780511.jpg /imgs/sh/t3/L81_892791_780511.jpg /labels_unch0ch1ig255/sh/t2VSt3/L81_892791_780511.png /building_labels/sh/t2/L81_892791_780511.png /building_labels/sh/t3/L81_892791_780511.png /offset_st_resize256/sh/t2/L81_892791_780511.tif /offset_st_resize256/sh/t3/L81_892791_780511.tif /flow_btv3_resize256/sh/t2VSt3/L81_892791_780511.tif
train,/imgs/bj/t1/L81_00687_784231.jpg /imgs/bj/t3/L81_00687_784231.jpg /labels_unch0ch1ig255/bj/t1VSt3/L81_00687_784231.png /building_labels/bj/t1/L81_00687_784231.png /building_labels/bj/t3/L81_00687_784231.png /offset_st_resize256/bj/t1/L81_00687_784231.tif /offset_st_resize256/bj/t3/L81_00687_784231.tif /flow_btv3_resize256/bj/t1VSt3/L81_00687_784231.tif
train,/imgs/sh/t1/L81_892847_780519.jpg /imgs/sh/t3/L81_892847_780519.jpg /labels_unch0ch1ig255/sh/t1VSt3/L81_892847_780519.png /building_labels/sh/t1/L81_892847_780519.png /building_labels/sh/t3/L81_892847_780519.png /offset_st_resize256/sh/t1/L81_892847_780519.tif /offset_st_resize256/sh/t3/L81_892847_780519.tif /flow_btv3_resize256/sh/t1VSt3/L81_892847_780519.tif
train,/imgs/bj/t2/L81_00823_784263.jpg /imgs/bj/t3/L81_00823_784263.jpg /labels_unch0ch1ig255/bj/t2VSt3/L81_00823_784263.png /building_labels/bj/t2/L81_00823_784263.png /building_labels/bj/t3/L81_00823_784263.png /offset_st_resize256/bj/t2/L81_00823_784263.tif /offset_st_resize256/bj/t3/L81_00823_784263.tif /flow_btv3_resize256/bj/t2VSt3/L81_00823_784263.tif
train,/imgs/bj/t1/L81_00687_784111.jpg /imgs/bj/t3/L81_00687_784111.jpg /labels_unch0ch1ig255/bj/t1VSt3/L81_00687_784111.png /building_labels/bj/t1/L81_00687_784111.png /building_labels/bj/t3/L81_00687_784111.png /offset_st_resize256/bj/t1/L81_00687_784111.tif /offset_st_resize256/bj/t3/L81_00687_784111.tif /flow_btv3_resize256/bj/t1VSt3/L81_00687_784111.tif
train,/imgs/bj/t2/L81_00711_784159.jpg /imgs/bj/t3/L81_00711_784159.jpg /labels_unch0ch1ig255/bj/t2VSt3/L81_00711_784159.png /building_labels/bj/t2/L81_00711_784159.png /building_labels/bj/t3/L81_00711_784159.png /offset_st_resize256/bj/t2/L81_00711_784159.tif /offset_st_resize256/bj/t3/L81_00711_784159.tif /flow_btv3_resize256/bj/t2VSt3/L81_00711_784159.tif
train,/imgs/sh/t1/L81_892807_780439.jpg /imgs/sh/t3/L81_892807_780439.jpg /labels_unch0ch1ig255/sh/t1VSt3/L81_892807_780439.png /building_labels/sh/t1/L81_892807_780439.png /building_labels/sh/t3/L81_892807_780439.png /offset_st_resize256/sh/t1/L81_892807_780439.tif /offset_st_resize256/sh/t3/L81_892807_780439.tif /flow_btv3_resize256/sh/t1VSt3/L81_892807_780439.tif
val,/imgs/bj/t1/L81_00687_784039.jpg /imgs/bj/t2/L81_00687_784039.jpg /labels/bj/t1VSt2/L81_00687_784039.png /building_labels/bj/t1/L81_00687_784039.png /building_labels/bj/t2/L81_00687_784039.png /offset_st_resize256/bj/t1/L81_00687_784039.tif /offset_st_resize256/bj/t2/L81_00687_784039.tif /flow_btv3_resize256/bj/t1VSt2/L81_00687_784039.tif
train,/imgs/bj/t2/L81_01127_783983.jpg /imgs/bj/t3/L81_01127_783983.jpg /labels_unch0ch1ig255/bj/t2VSt3/L81_01127_783983.png /building_labels/bj/t2/L81_01127_783983.png /building_labels/bj/t3/L81_01127_783983.png /offset_st_resize256/bj/t2/L81_01127_783983.tif /offset_st_resize256/bj/t3/L81_01127_783983.tif /flow_btv3_resize256/bj/t2VSt3/L81_01127_783983.tif
train,/imgs/bj/t1/L81_00831_784223.jpg /imgs/bj/t2/L81_00831_784223.jpg /labels_unch0ch1ig255/bj/t1VSt2/L81_00831_784223.png /building_labels/bj/t1/L81_00831_784223.png /building_labels/bj/t2/L81_00831_784223.png /offset_st_resize256/bj/t1/L81_00831_784223.tif /offset_st_resize256/bj/t2/L81_00831_784223.tif /flow_btv3_resize256/bj/t1VSt2/L81_00831_784223.tif
train,/imgs/sh/t2/L81_892855_780519.jpg /imgs/sh/t3/L81_892855_780519.jpg /labels_unch0ch1ig255/sh/t2VSt3/L81_892855_780519.png /building_labels/sh/t2/L81_892855_780519.png /building_labels/sh/t3/L81_892855_780519.png /offset_st_resize256/sh/t2/L81_892855_780519.tif /offset_st_resize256/sh/t3/L81_892855_780519.tif /flow_btv3_resize256/sh/t2VSt3/L81_892855_780519.tif
train,/imgs/bj/t2/L81_00871_783991.jpg /imgs/bj/t3/L81_00871_783991.jpg /labels_unch0ch1ig255/bj/t2VSt3/L81_00871_783991.png /building_labels/bj/t2/L81_00871_783991.png /building_labels/bj/t3/L81_00871_783991.png /offset_st_resize256/bj/t2/L81_00871_783991.tif /offset_st_resize256/bj/t3/L81_00871_783991.tif /flow_btv3_resize256/bj/t2VSt3/L81_00871_783991.tif
train,/imgs/sh/t2/L81_892815_780527.jpg /imgs/sh/t3/L81_892815_780527.jpg /labels_unch0ch1ig255/sh/t2VSt3/L81_892815_780527.png /building_labels/sh/t2/L81_892815_780527.png /building_labels/sh/t3/L81_892815_780527.png /offset_st_resize256/sh/t2/L81_892815_780527.tif /offset_st_resize256/sh/t3/L81_892815_780527.tif /flow_btv3_resize256/sh/t2VSt3/L81_892815_780527.tif
train,/imgs/bj/t2/L81_00815_784223.jpg /imgs/bj/t3/L81_00815_784223.jpg /labels_unch0ch1ig255/bj/t2VSt3/L81_00815_784223.png /building_labels/bj/t2/L81_00815_784223.png /building_labels/bj/t3/L81_00815_784223.png /offset_st_resize256/bj/t2/L81_00815_784223.tif /offset_st_resize256/bj/t3/L81_00815_784223.tif /flow_btv3_resize256/bj/t2VSt3/L81_00815_784223.tif
train,/imgs/sh/t2/L81_892911_780487.jpg /imgs/sh/t3/L81_892911_780487.jpg /labels_unch0ch1ig255/sh/t2VSt3/L81_892911_780487.png /building_labels/sh/t2/L81_892911_780487.png /building_labels/sh/t3/L81_892911_780487.png /offset_st_resize256/sh/t2/L81_892911_780487.tif /offset_st_resize256/sh/t3/L81_892911_780487.tif /flow_btv3_resize256/sh/t2VSt3/L81_892911_780487.tif
train,/imgs/bj/t2/L81_00671_784039.jpg /imgs/bj/t3/L81_00671_784039.jpg /labels_unch0ch1ig255/bj/t2VSt3/L81_00671_784039.png /building_labels/bj/t2/L81_00671_784039.png /building_labels/bj/t3/L81_00671_784039.png /offset_st_resize256/bj/t2/L81_00671_784039.tif /offset_st_resize256/bj/t3/L81_00671_784039.tif /flow_btv3_resize256/bj/t2VSt3/L81_00671_784039.tif
train,/imgs/bj/t1/L81_00839_784271.jpg /imgs/bj/t2/L81_00839_784271.jpg /labels_unch0ch1ig255/bj/t1VSt2/L81_00839_784271.png /building_labels/bj/t1/L81_00839_784271.png /building_labels/bj/t2/L81_00839_784271.png /offset_st_resize256/bj/t1/L81_00839_784271.tif /offset_st_resize256/bj/t2/L81_00839_784271.tif /flow_btv3_resize256/bj/t1VSt2/L81_00839_784271.tif
train,/imgs/sh/t2/L81_892831_780495.jpg /imgs/sh/t3/L81_892831_780495.jpg /labels_unch0ch1ig255/sh/t2VSt3/L81_892831_780495.png /building_labels/sh/t2/L81_892831_780495.png /building_labels/sh/t3/L81_892831_780495.png /offset_st_resize256/sh/t2/L81_892831_780495.tif /offset_st_resize256/sh/t3/L81_892831_780495.tif /flow_btv3_resize256/sh/t2VSt3/L81_892831_780495.tif
train,/imgs/sh/t1/L81_892887_780479.jpg /imgs/sh/t2/L81_892887_780479.jpg /labels_unch0ch1ig255/sh/t1VSt2/L81_892887_780479.png /building_labels/sh/t1/L81_892887_780479.png /building_labels/sh/t2/L81_892887_780479.png /offset_st_resize256/sh/t1/L81_892887_780479.tif /offset_st_resize256/sh/t2/L81_892887_780479.tif /flow_btv3_resize256/sh/t1VSt2/L81_892887_780479.tif
train,/imgs/sh/t2/L81_892911_780511.jpg /imgs/sh/t3/L81_892911_780511.jpg /labels_unch0ch1ig255/sh/t2VSt3/L81_892911_780511.png /building_labels/sh/t2/L81_892911_780511.png /building_labels/sh/t3/L81_892911_780511.png /offset_st_resize256/sh/t2/L81_892911_780511.tif /offset_st_resize256/sh/t3/L81_892911_780511.tif /flow_btv3_resize256/sh/t2VSt3/L81_892911_780511.tif
train,/imgs/sh/t2/L81_892903_780519.jpg /imgs/sh/t3/L81_892903_780519.jpg /labels_unch0ch1ig255/sh/t2VSt3/L81_892903_780519.png /building_labels/sh/t2/L81_892903_780519.png /building_labels/sh/t3/L81_892903_780519.png /offset_st_resize256/sh/t2/L81_892903_780519.tif /offset_st_resize256/sh/t3/L81_892903_780519.tif /flow_btv3_resize256/sh/t2VSt3/L81_892903_780519.tif
train,/imgs/sh/t2/L81_892839_780423.jpg /imgs/sh/t3/L81_892839_780423.jpg /labels_unch0ch1ig255/sh/t2VSt3/L81_892839_780423.png /building_labels/sh/t2/L81_892839_780423.png /building_labels/sh/t3/L81_892839_780423.png /offset_st_resize256/sh/t2/L81_892839_780423.tif /offset_st_resize256/sh/t3/L81_892839_780423.tif /flow_btv3_resize256/sh/t2VSt3/L81_892839_780423.tif
train,/imgs/bj/t1/L81_00647_784111.jpg /imgs/bj/t3/L81_00647_784111.jpg /labels_unch0ch1ig255/bj/t1VSt3/L81_00647_784111.png /building_labels/bj/t1/L81_00647_784111.png /building_labels/bj/t3/L81_00647_784111.png /offset_st_resize256/bj/t1/L81_00647_784111.tif /offset_st_resize256/bj/t3/L81_00647_784111.tif /flow_btv3_resize256/bj/t1VSt3/L81_00647_784111.tif
train,/imgs/bj/t1/L81_00639_784215.jpg /imgs/bj/t2/L81_00639_784215.jpg /labels_unch0ch1ig255/bj/t1VSt2/L81_00639_784215.png /building_labels/bj/t1/L81_00639_784215.png /building_labels/bj/t2/L81_00639_784215.png /offset_st_resize256/bj/t1/L81_00639_784215.tif /offset_st_resize256/bj/t2/L81_00639_784215.tif /flow_btv3_resize256/bj/t1VSt2/L81_00639_784215.tif
train,/imgs/sh/t2/L81_892919_780431.jpg /imgs/sh/t3/L81_892919_780431.jpg /labels_unch0ch1ig255/sh/t2VSt3/L81_892919_780431.png /building_labels/sh/t2/L81_892919_780431.png /building_labels/sh/t3/L81_892919_780431.png /offset_st_resize256/sh/t2/L81_892919_780431.tif /offset_st_resize256/sh/t3/L81_892919_780431.tif /flow_btv3_resize256/sh/t2VSt3/L81_892919_780431.tif
train,/imgs/bj/t2/L81_00671_784295.jpg /imgs/bj/t3/L81_00671_784295.jpg /labels_unch0ch1ig255/bj/t2VSt3/L81_00671_784295.png /building_labels/bj/t2/L81_00671_784295.png /building_labels/bj/t3/L81_00671_784295.png /offset_st_resize256/bj/t2/L81_00671_784295.tif /offset_st_resize256/bj/t3/L81_00671_784295.tif /flow_btv3_resize256/bj/t2VSt3/L81_00671_784295.tif
test,/imgs/bj/t2/L81_00967_784287.jpg /imgs/bj/t3/L81_00967_784287.jpg /labels_unch0ch1ig255/bj/t2VSt3/L81_00967_784287.png /building_labels/bj/t2/L81_00967_784287.png /building_labels/bj/t3/L81_00967_784287.png
val,/imgs/sh/t1/L81_892871_780463.jpg /imgs/sh/t3/L81_892871_780463.jpg /labels/sh/t1VSt3/L81_892871_780463.png /building_labels/sh/t1/L81_892871_780463.png /building_labels/sh/t3/L81_892871_780463.png /offset_st_resize256/sh/t1/L81_892871_780463.tif /offset_st_resize256/sh/t3/L81_892871_780463.tif /flow_btv3_resize256/sh/t1VSt3/L81_892871_780463.tif
train,/imgs/sh/t1/L81_892783_780471.jpg /imgs/sh/t2/L81_892783_780471.jpg /labels_unch0ch1ig255/sh/t1VSt2/L81_892783_780471.png /building_labels/sh/t1/L81_892783_780471.png /building_labels/sh/t2/L81_892783_780471.png /offset_st_resize256/sh/t1/L81_892783_780471.tif /offset_st_resize256/sh/t2/L81_892783_780471.tif /flow_btv3_resize256/sh/t1VSt2/L81_892783_780471.tif
train,/imgs/bj/t2/L81_00671_783975.jpg /imgs/bj/t3/L81_00671_783975.jpg /labels_unch0ch1ig255/bj/t2VSt3/L81_00671_783975.png /building_labels/bj/t2/L81_00671_783975.png /building_labels/bj/t3/L81_00671_783975.png /offset_st_resize256/bj/t2/L81_00671_783975.tif /offset_st_resize256/bj/t3/L81_00671_783975.tif /flow_btv3_resize256/bj/t2VSt3/L81_00671_783975.tif
test,/imgs/bj/t1/L81_00879_784247.jpg /imgs/bj/t2/L81_00879_784247.jpg /labels_unch0ch1ig255/bj/t1VSt2/L81_00879_784247.png /building_labels/bj/t1/L81_00879_784247.png /building_labels/bj/t2/L81_00879_784247.png
val,/imgs/bj/t1/L81_00671_784047.jpg /imgs/bj/t2/L81_00671_784047.jpg /labels/bj/t1VSt2/L81_00671_784047.png /building_labels/bj/t1/L81_00671_784047.png /building_labels/bj/t2/L81_00671_784047.png /offset_st_resize256/bj/t1/L81_00671_784047.tif /offset_st_resize256/bj/t2/L81_00671_784047.tif /flow_btv3_resize256/bj/t1VSt2/L81_00671_784047.tif
train,/imgs/sh/t1/L81_892895_780487.jpg /imgs/sh/t2/L81_892895_780487.jpg /labels_unch0ch1ig255/sh/t1VSt2/L81_892895_780487.png /building_labels/sh/t1/L81_892895_780487.png /building_labels/sh/t2/L81_892895_780487.png /offset_st_resize256/sh/t1/L81_892895_780487.tif /offset_st_resize256/sh/t2/L81_892895_780487.tif /flow_btv3_resize256/sh/t1VSt2/L81_892895_780487.tif
train,/imgs/bj/t1/L81_00671_784055.jpg /imgs/bj/t2/L81_00671_784055.jpg /labels_unch0ch1ig255/bj/t1VSt2/L81_00671_784055.png /building_labels/bj/t1/L81_00671_784055.png /building_labels/bj/t2/L81_00671_784055.png /offset_st_resize256/bj/t1/L81_00671_784055.tif /offset_st_resize256/bj/t2/L81_00671_784055.tif /flow_btv3_resize256/bj/t1VSt2/L81_00671_784055.tif
train,/imgs/bj/t2/L81_00655_783983.jpg /imgs/bj/t3/L81_00655_783983.jpg /labels_unch0ch1ig255/bj/t2VSt3/L81_00655_783983.png /building_labels/bj/t2/L81_00655_783983.png /building_labels/bj/t3/L81_00655_783983.png /offset_st_resize256/bj/t2/L81_00655_783983.tif /offset_st_resize256/bj/t3/L81_00655_783983.tif /flow_btv3_resize256/bj/t2VSt3/L81_00655_783983.tif
train,/imgs/bj/t1/L81_00823_784223.jpg /imgs/bj/t2/L81_00823_784223.jpg /labels_unch0ch1ig255/bj/t1VSt2/L81_00823_784223.png /building_labels/bj/t1/L81_00823_784223.png /building_labels/bj/t2/L81_00823_784223.png /offset_st_resize256/bj/t1/L81_00823_784223.tif /offset_st_resize256/bj/t2/L81_00823_784223.tif /flow_btv3_resize256/bj/t1VSt2/L81_00823_784223.tif
train,/imgs/bj/t2/L81_00655_784255.jpg /imgs/bj/t3/L81_00655_784255.jpg /labels_unch0ch1ig255/bj/t2VSt3/L81_00655_784255.png /building_labels/bj/t2/L81_00655_784255.png /building_labels/bj/t3/L81_00655_784255.png /offset_st_resize256/bj/t2/L81_00655_784255.tif /offset_st_resize256/bj/t3/L81_00655_784255.tif /flow_btv3_resize256/bj/t2VSt3/L81_00655_784255.tif
train,/imgs/sh/t1/L81_892855_780527.jpg /imgs/sh/t3/L81_892855_780527.jpg /labels_unch0ch1ig255/sh/t1VSt3/L81_892855_780527.png /building_labels/sh/t1/L81_892855_780527.png /building_labels/sh/t3/L81_892855_780527.png /offset_st_resize256/sh/t1/L81_892855_780527.tif /offset_st_resize256/sh/t3/L81_892855_780527.tif /flow_btv3_resize256/sh/t1VSt3/L81_892855_780527.tif
val,/imgs/bj/t2/L81_00847_784079.jpg /imgs/bj/t3/L81_00847_784079.jpg /labels/bj/t2VSt3/L81_00847_784079.png /building_labels/bj/t2/L81_00847_784079.png /building_labels/bj/t3/L81_00847_784079.png /offset_st_resize256/bj/t2/L81_00847_784079.tif /offset_st_resize256/bj/t3/L81_00847_784079.tif /flow_btv3_resize256/bj/t2VSt3/L81_00847_784079.tif
train,/imgs/sh/t2/L81_892911_780423.jpg /imgs/sh/t3/L81_892911_780423.jpg /labels_unch0ch1ig255/sh/t2VSt3/L81_892911_780423.png /building_labels/sh/t2/L81_892911_780423.png /building_labels/sh/t3/L81_892911_780423.png /offset_st_resize256/sh/t2/L81_892911_780423.tif /offset_st_resize256/sh/t3/L81_892911_780423.tif /flow_btv3_resize256/sh/t2VSt3/L81_892911_780423.tif
train,/imgs/bj/t1/L81_00855_784239.jpg /imgs/bj/t2/L81_00855_784239.jpg /labels_unch0ch1ig255/bj/t1VSt2/L81_00855_784239.png /building_labels/bj/t1/L81_00855_784239.png /building_labels/bj/t2/L81_00855_784239.png /offset_st_resize256/bj/t1/L81_00855_784239.tif /offset_st_resize256/bj/t2/L81_00855_784239.tif /flow_btv3_resize256/bj/t1VSt2/L81_00855_784239.tif
train,/imgs/sh/t2/L81_892903_780503.jpg /imgs/sh/t3/L81_892903_780503.jpg /labels_unch0ch1ig255/sh/t2VSt3/L81_892903_780503.png /building_labels/sh/t2/L81_892903_780503.png /building_labels/sh/t3/L81_892903_780503.png /offset_st_resize256/sh/t2/L81_892903_780503.tif /offset_st_resize256/sh/t3/L81_892903_780503.tif /flow_btv3_resize256/sh/t2VSt3/L81_892903_780503.tif
train,/imgs/bj/t2/L81_00655_784263.jpg /imgs/bj/t3/L81_00655_784263.jpg /labels_unch0ch1ig255/bj/t2VSt3/L81_00655_784263.png /building_labels/bj/t2/L81_00655_784263.png /building_labels/bj/t3/L81_00655_784263.png /offset_st_resize256/bj/t2/L81_00655_784263.tif /offset_st_resize256/bj/t3/L81_00655_784263.tif /flow_btv3_resize256/bj/t2VSt3/L81_00655_784263.tif
test,/imgs/sh/t1/L81_892791_780439.jpg /imgs/sh/t3/L81_892791_780439.jpg /labels_unch0ch1ig255/sh/t1VSt3/L81_892791_780439.png /building_labels/sh/t1/L81_892791_780439.png /building_labels/sh/t3/L81_892791_780439.png
train,/imgs/bj/t1/L81_00847_784223.jpg /imgs/bj/t2/L81_00847_784223.jpg /labels_unch0ch1ig255/bj/t1VSt2/L81_00847_784223.png /building_labels/bj/t1/L81_00847_784223.png /building_labels/bj/t2/L81_00847_784223.png /offset_st_resize256/bj/t1/L81_00847_784223.tif /offset_st_resize256/bj/t2/L81_00847_784223.tif /flow_btv3_resize256/bj/t1VSt2/L81_00847_784223.tif
val,/imgs/bj/t1/L81_00711_784143.jpg /imgs/bj/t2/L81_00711_784143.jpg /labels/bj/t1VSt2/L81_00711_784143.png /building_labels/bj/t1/L81_00711_784143.png /building_labels/bj/t2/L81_00711_784143.png /offset_st_resize256/bj/t1/L81_00711_784143.tif /offset_st_resize256/bj/t2/L81_00711_784143.tif /flow_btv3_resize256/bj/t1VSt2/L81_00711_784143.tif
train,/imgs/bj/t1/L81_00823_784023.jpg /imgs/bj/t2/L81_00823_784023.jpg /labels_unch0ch1ig255/bj/t1VSt2/L81_00823_784023.png /building_labels/bj/t1/L81_00823_784023.png /building_labels/bj/t2/L81_00823_784023.png /offset_st_resize256/bj/t1/L81_00823_784023.tif /offset_st_resize256/bj/t2/L81_00823_784023.tif /flow_btv3_resize256/bj/t1VSt2/L81_00823_784023.tif
train,/imgs/sh/t1/L81_892863_780495.jpg /imgs/sh/t3/L81_892863_780495.jpg /labels_unch0ch1ig255/sh/t1VSt3/L81_892863_780495.png /building_labels/sh/t1/L81_892863_780495.png /building_labels/sh/t3/L81_892863_780495.png /offset_st_resize256/sh/t1/L81_892863_780495.tif /offset_st_resize256/sh/t3/L81_892863_780495.tif /flow_btv3_resize256/sh/t1VSt3/L81_892863_780495.tif
train,/imgs/bj/t2/L81_00959_783935.jpg /imgs/bj/t3/L81_00959_783935.jpg /labels_unch0ch1ig255/bj/t2VSt3/L81_00959_783935.png /building_labels/bj/t2/L81_00959_783935.png /building_labels/bj/t3/L81_00959_783935.png /offset_st_resize256/bj/t2/L81_00959_783935.tif /offset_st_resize256/bj/t3/L81_00959_783935.tif /flow_btv3_resize256/bj/t2VSt3/L81_00959_783935.tif
train,/imgs/sh/t2/L81_892895_780431.jpg /imgs/sh/t3/L81_892895_780431.jpg /labels_unch0ch1ig255/sh/t2VSt3/L81_892895_780431.png /building_labels/sh/t2/L81_892895_780431.png /building_labels/sh/t3/L81_892895_780431.png /offset_st_resize256/sh/t2/L81_892895_780431.tif /offset_st_resize256/sh/t3/L81_892895_780431.tif /flow_btv3_resize256/sh/t2VSt3/L81_892895_780431.tif
train,/imgs/bj/t1/L81_00815_784191.jpg /imgs/bj/t2/L81_00815_784191.jpg /labels_unch0ch1ig255/bj/t1VSt2/L81_00815_784191.png /building_labels/bj/t1/L81_00815_784191.png /building_labels/bj/t2/L81_00815_784191.png /offset_st_resize256/bj/t1/L81_00815_784191.tif /offset_st_resize256/bj/t2/L81_00815_784191.tif /flow_btv3_resize256/bj/t1VSt2/L81_00815_784191.tif
train,/imgs/bj/t2/L81_00823_784215.jpg /imgs/bj/t3/L81_00823_784215.jpg /labels_unch0ch1ig255/bj/t2VSt3/L81_00823_784215.png /building_labels/bj/t2/L81_00823_784215.png /building_labels/bj/t3/L81_00823_784215.png /offset_st_resize256/bj/t2/L81_00823_784215.tif /offset_st_resize256/bj/t3/L81_00823_784215.tif /flow_btv3_resize256/bj/t2VSt3/L81_00823_784215.tif
train,/imgs/bj/t1/L81_00847_784103.jpg /imgs/bj/t3/L81_00847_784103.jpg /labels_unch0ch1ig255/bj/t1VSt3/L81_00847_784103.png /building_labels/bj/t1/L81_00847_784103.png /building_labels/bj/t3/L81_00847_784103.png /offset_st_resize256/bj/t1/L81_00847_784103.tif /offset_st_resize256/bj/t3/L81_00847_784103.tif /flow_btv3_resize256/bj/t1VSt3/L81_00847_784103.tif
val,/imgs/bj/t2/L81_00711_784215.jpg /imgs/bj/t3/L81_00711_784215.jpg /labels/bj/t2VSt3/L81_00711_784215.png /building_labels/bj/t2/L81_00711_784215.png /building_labels/bj/t3/L81_00711_784215.png /offset_st_resize256/bj/t2/L81_00711_784215.tif /offset_st_resize256/bj/t3/L81_00711_784215.tif /flow_btv3_resize256/bj/t2VSt3/L81_00711_784215.tif
train,/imgs/bj/t2/L81_00871_783967.jpg /imgs/bj/t3/L81_00871_783967.jpg /labels_unch0ch1ig255/bj/t2VSt3/L81_00871_783967.png /building_labels/bj/t2/L81_00871_783967.png /building_labels/bj/t3/L81_00871_783967.png /offset_st_resize256/bj/t2/L81_00871_783967.tif /offset_st_resize256/bj/t3/L81_00871_783967.tif /flow_btv3_resize256/bj/t2VSt3/L81_00871_783967.tif
train,/imgs/bj/t1/L81_00671_784143.jpg /imgs/bj/t3/L81_00671_784143.jpg /labels_unch0ch1ig255/bj/t1VSt3/L81_00671_784143.png /building_labels/bj/t1/L81_00671_784143.png /building_labels/bj/t3/L81_00671_784143.png /offset_st_resize256/bj/t1/L81_00671_784143.tif /offset_st_resize256/bj/t3/L81_00671_784143.tif /flow_btv3_resize256/bj/t1VSt3/L81_00671_784143.tif
train,/imgs/bj/t1/L81_00823_784239.jpg /imgs/bj/t3/L81_00823_784239.jpg /labels_unch0ch1ig255/bj/t1VSt3/L81_00823_784239.png /building_labels/bj/t1/L81_00823_784239.png /building_labels/bj/t3/L81_00823_784239.png /offset_st_resize256/bj/t1/L81_00823_784239.tif /offset_st_resize256/bj/t3/L81_00823_784239.tif /flow_btv3_resize256/bj/t1VSt3/L81_00823_784239.tif
train,/imgs/sh/t2/L81_892895_780455.jpg /imgs/sh/t3/L81_892895_780455.jpg /labels_unch0ch1ig255/sh/t2VSt3/L81_892895_780455.png /building_labels/sh/t2/L81_892895_780455.png /building_labels/sh/t3/L81_892895_780455.png /offset_st_resize256/sh/t2/L81_892895_780455.tif /offset_st_resize256/sh/t3/L81_892895_780455.tif /flow_btv3_resize256/sh/t2VSt3/L81_892895_780455.tif
train,/imgs/bj/t1/L81_00663_784095.jpg /imgs/bj/t3/L81_00663_784095.jpg /labels_unch0ch1ig255/bj/t1VSt3/L81_00663_784095.png /building_labels/bj/t1/L81_00663_784095.png /building_labels/bj/t3/L81_00663_784095.png /offset_st_resize256/bj/t1/L81_00663_784095.tif /offset_st_resize256/bj/t3/L81_00663_784095.tif /flow_btv3_resize256/bj/t1VSt3/L81_00663_784095.tif
train,/imgs/sh/t1/L81_892783_780431.jpg /imgs/sh/t3/L81_892783_780431.jpg /labels_unch0ch1ig255/sh/t1VSt3/L81_892783_780431.png /building_labels/sh/t1/L81_892783_780431.png /building_labels/sh/t3/L81_892783_780431.png /offset_st_resize256/sh/t1/L81_892783_780431.tif /offset_st_resize256/sh/t3/L81_892783_780431.tif /flow_btv3_resize256/sh/t1VSt3/L81_892783_780431.tif
train,/imgs/bj/t1/L81_00831_784207.jpg /imgs/bj/t3/L81_00831_784207.jpg /labels_unch0ch1ig255/bj/t1VSt3/L81_00831_784207.png /building_labels/bj/t1/L81_00831_784207.png /building_labels/bj/t3/L81_00831_784207.png /offset_st_resize256/bj/t1/L81_00831_784207.tif /offset_st_resize256/bj/t3/L81_00831_784207.tif /flow_btv3_resize256/bj/t1VSt3/L81_00831_784207.tif
train,/imgs/bj/t1/L81_00671_783983.jpg /imgs/bj/t3/L81_00671_783983.jpg /labels_unch0ch1ig255/bj/t1VSt3/L81_00671_783983.png /building_labels/bj/t1/L81_00671_783983.png /building_labels/bj/t3/L81_00671_783983.png /offset_st_resize256/bj/t1/L81_00671_783983.tif /offset_st_resize256/bj/t3/L81_00671_783983.tif /flow_btv3_resize256/bj/t1VSt3/L81_00671_783983.tif
train,/imgs/bj/t2/L81_00679_784239.jpg /imgs/bj/t3/L81_00679_784239.jpg /labels_unch0ch1ig255/bj/t2VSt3/L81_00679_784239.png /building_labels/bj/t2/L81_00679_784239.png /building_labels/bj/t3/L81_00679_784239.png /offset_st_resize256/bj/t2/L81_00679_784239.tif /offset_st_resize256/bj/t3/L81_00679_784239.tif /flow_btv3_resize256/bj/t2VSt3/L81_00679_784239.tif
train,/imgs/bj/t2/L81_00663_784199.jpg /imgs/bj/t3/L81_00663_784199.jpg /labels_unch0ch1ig255/bj/t2VSt3/L81_00663_784199.png /building_labels/bj/t2/L81_00663_784199.png /building_labels/bj/t3/L81_00663_784199.png /offset_st_resize256/bj/t2/L81_00663_784199.tif /offset_st_resize256/bj/t3/L81_00663_784199.tif /flow_btv3_resize256/bj/t2VSt3/L81_00663_784199.tif
train,/imgs/sh/t1/L81_892863_780487.jpg /imgs/sh/t2/L81_892863_780487.jpg /labels_unch0ch1ig255/sh/t1VSt2/L81_892863_780487.png /building_labels/sh/t1/L81_892863_780487.png /building_labels/sh/t2/L81_892863_780487.png /offset_st_resize256/sh/t1/L81_892863_780487.tif /offset_st_resize256/sh/t2/L81_892863_780487.tif /flow_btv3_resize256/sh/t1VSt2/L81_892863_780487.tif
train,/imgs/bj/t1/L81_00671_784023.jpg /imgs/bj/t3/L81_00671_784023.jpg /labels_unch0ch1ig255/bj/t1VSt3/L81_00671_784023.png /building_labels/bj/t1/L81_00671_784023.png /building_labels/bj/t3/L81_00671_784023.png /offset_st_resize256/bj/t1/L81_00671_784023.tif /offset_st_resize256/bj/t3/L81_00671_784023.tif /flow_btv3_resize256/bj/t1VSt3/L81_00671_784023.tif
train,/imgs/bj/t2/L81_00887_784007.jpg /imgs/bj/t3/L81_00887_784007.jpg /labels_unch0ch1ig255/bj/t2VSt3/L81_00887_784007.png /building_labels/bj/t2/L81_00887_784007.png /building_labels/bj/t3/L81_00887_784007.png /offset_st_resize256/bj/t2/L81_00887_784007.tif /offset_st_resize256/bj/t3/L81_00887_784007.tif /flow_btv3_resize256/bj/t2VSt3/L81_00887_784007.tif
train,/imgs/bj/t1/L81_00983_784327.jpg /imgs/bj/t3/L81_00983_784327.jpg /labels_unch0ch1ig255/bj/t1VSt3/L81_00983_784327.png /building_labels/bj/t1/L81_00983_784327.png /building_labels/bj/t3/L81_00983_784327.png /offset_st_resize256/bj/t1/L81_00983_784327.tif /offset_st_resize256/bj/t3/L81_00983_784327.tif /flow_btv3_resize256/bj/t1VSt3/L81_00983_784327.tif
train,/imgs/bj/t1/L81_00655_784319.jpg /imgs/bj/t3/L81_00655_784319.jpg /labels_unch0ch1ig255/bj/t1VSt3/L81_00655_784319.png /building_labels/bj/t1/L81_00655_784319.png /building_labels/bj/t3/L81_00655_784319.png /offset_st_resize256/bj/t1/L81_00655_784319.tif /offset_st_resize256/bj/t3/L81_00655_784319.tif /flow_btv3_resize256/bj/t1VSt3/L81_00655_784319.tif
val,/imgs/sh/t1/L81_892871_780519.jpg /imgs/sh/t3/L81_892871_780519.jpg /labels/sh/t1VSt3/L81_892871_780519.png /building_labels/sh/t1/L81_892871_780519.png /building_labels/sh/t3/L81_892871_780519.png /offset_st_resize256/sh/t1/L81_892871_780519.tif /offset_st_resize256/sh/t3/L81_892871_780519.tif /flow_btv3_resize256/sh/t1VSt3/L81_892871_780519.tif
train,/imgs/bj/t2/L81_00711_784103.jpg /imgs/bj/t3/L81_00711_784103.jpg /labels_unch0ch1ig255/bj/t2VSt3/L81_00711_784103.png /building_labels/bj/t2/L81_00711_784103.png /building_labels/bj/t3/L81_00711_784103.png /offset_st_resize256/bj/t2/L81_00711_784103.tif /offset_st_resize256/bj/t3/L81_00711_784103.tif /flow_btv3_resize256/bj/t2VSt3/L81_00711_784103.tif
train,/imgs/bj/t1/L81_00687_784127.jpg /imgs/bj/t3/L81_00687_784127.jpg /labels_unch0ch1ig255/bj/t1VSt3/L81_00687_784127.png /building_labels/bj/t1/L81_00687_784127.png /building_labels/bj/t3/L81_00687_784127.png /offset_st_resize256/bj/t1/L81_00687_784127.tif /offset_st_resize256/bj/t3/L81_00687_784127.tif /flow_btv3_resize256/bj/t1VSt3/L81_00687_784127.tif
train,/imgs/bj/t1/L81_00831_784167.jpg /imgs/bj/t2/L81_00831_784167.jpg /labels_unch0ch1ig255/bj/t1VSt2/L81_00831_784167.png /building_labels/bj/t1/L81_00831_784167.png /building_labels/bj/t2/L81_00831_784167.png /offset_st_resize256/bj/t1/L81_00831_784167.tif /offset_st_resize256/bj/t2/L81_00831_784167.tif /flow_btv3_resize256/bj/t1VSt2/L81_00831_784167.tif
train,/imgs/bj/t1/L81_00831_784351.jpg /imgs/bj/t2/L81_00831_784351.jpg /labels_unch0ch1ig255/bj/t1VSt2/L81_00831_784351.png /building_labels/bj/t1/L81_00831_784351.png /building_labels/bj/t2/L81_00831_784351.png /offset_st_resize256/bj/t1/L81_00831_784351.tif /offset_st_resize256/bj/t2/L81_00831_784351.tif /flow_btv3_resize256/bj/t1VSt2/L81_00831_784351.tif
train,/imgs/sh/t1/L81_892847_780463.jpg /imgs/sh/t2/L81_892847_780463.jpg /labels_unch0ch1ig255/sh/t1VSt2/L81_892847_780463.png /building_labels/sh/t1/L81_892847_780463.png /building_labels/sh/t2/L81_892847_780463.png /offset_st_resize256/sh/t1/L81_892847_780463.tif /offset_st_resize256/sh/t2/L81_892847_780463.tif /flow_btv3_resize256/sh/t1VSt2/L81_892847_780463.tif
val,/imgs/sh/t1/L81_892887_780519.jpg /imgs/sh/t3/L81_892887_780519.jpg /labels/sh/t1VSt3/L81_892887_780519.png /building_labels/sh/t1/L81_892887_780519.png /building_labels/sh/t3/L81_892887_780519.png /offset_st_resize256/sh/t1/L81_892887_780519.tif /offset_st_resize256/sh/t3/L81_892887_780519.tif /flow_btv3_resize256/sh/t1VSt3/L81_892887_780519.tif
train,/imgs/sh/t1/L81_892919_780495.jpg /imgs/sh/t3/L81_892919_780495.jpg /labels_unch0ch1ig255/sh/t1VSt3/L81_892919_780495.png /building_labels/sh/t1/L81_892919_780495.png /building_labels/sh/t3/L81_892919_780495.png /offset_st_resize256/sh/t1/L81_892919_780495.tif /offset_st_resize256/sh/t3/L81_892919_780495.tif /flow_btv3_resize256/sh/t1VSt3/L81_892919_780495.tif
train,/imgs/bj/t2/L81_00831_784143.jpg /imgs/bj/t3/L81_00831_784143.jpg /labels_unch0ch1ig255/bj/t2VSt3/L81_00831_784143.png /building_labels/bj/t2/L81_00831_784143.png /building_labels/bj/t3/L81_00831_784143.png /offset_st_resize256/bj/t2/L81_00831_784143.tif /offset_st_resize256/bj/t3/L81_00831_784143.tif /flow_btv3_resize256/bj/t2VSt3/L81_00831_784143.tif
train,/imgs/bj/t1/L81_00679_784111.jpg /imgs/bj/t2/L81_00679_784111.jpg /labels_unch0ch1ig255/bj/t1VSt2/L81_00679_784111.png /building_labels/bj/t1/L81_00679_784111.png /building_labels/bj/t2/L81_00679_784111.png /offset_st_resize256/bj/t1/L81_00679_784111.tif /offset_st_resize256/bj/t2/L81_00679_784111.tif /flow_btv3_resize256/bj/t1VSt2/L81_00679_784111.tif
train,/imgs/bj/t1/L81_00871_784263.jpg /imgs/bj/t3/L81_00871_784263.jpg /labels_unch0ch1ig255/bj/t1VSt3/L81_00871_784263.png /building_labels/bj/t1/L81_00871_784263.png /building_labels/bj/t3/L81_00871_784263.png /offset_st_resize256/bj/t1/L81_00871_784263.tif /offset_st_resize256/bj/t3/L81_00871_784263.tif /flow_btv3_resize256/bj/t1VSt3/L81_00871_784263.tif
train,/imgs/bj/t1/L81_00887_783991.jpg /imgs/bj/t2/L81_00887_783991.jpg /labels_unch0ch1ig255/bj/t1VSt2/L81_00887_783991.png /building_labels/bj/t1/L81_00887_783991.png /building_labels/bj/t2/L81_00887_783991.png /offset_st_resize256/bj/t1/L81_00887_783991.tif /offset_st_resize256/bj/t2/L81_00887_783991.tif /flow_btv3_resize256/bj/t1VSt2/L81_00887_783991.tif
train,/imgs/bj/t1/L81_00671_783959.jpg /imgs/bj/t3/L81_00671_783959.jpg /labels_unch0ch1ig255/bj/t1VSt3/L81_00671_783959.png /building_labels/bj/t1/L81_00671_783959.png /building_labels/bj/t3/L81_00671_783959.png /offset_st_resize256/bj/t1/L81_00671_783959.tif /offset_st_resize256/bj/t3/L81_00671_783959.tif /flow_btv3_resize256/bj/t1VSt3/L81_00671_783959.tif
train,/imgs/sh/t2/L81_892823_780431.jpg /imgs/sh/t3/L81_892823_780431.jpg /labels_unch0ch1ig255/sh/t2VSt3/L81_892823_780431.png /building_labels/sh/t2/L81_892823_780431.png /building_labels/sh/t3/L81_892823_780431.png /offset_st_resize256/sh/t2/L81_892823_780431.tif /offset_st_resize256/sh/t3/L81_892823_780431.tif /flow_btv3_resize256/sh/t2VSt3/L81_892823_780431.tif
val,/imgs/bj/t1/L81_00823_784167.jpg /imgs/bj/t3/L81_00823_784167.jpg /labels/bj/t1VSt3/L81_00823_784167.png /building_labels/bj/t1/L81_00823_784167.png /building_labels/bj/t3/L81_00823_784167.png /offset_st_resize256/bj/t1/L81_00823_784167.tif /offset_st_resize256/bj/t3/L81_00823_784167.tif /flow_btv3_resize256/bj/t1VSt3/L81_00823_784167.tif
test,/imgs/bj/t1/L81_00671_784095.jpg /imgs/bj/t3/L81_00671_784095.jpg /labels_unch0ch1ig255/bj/t1VSt3/L81_00671_784095.png /building_labels/bj/t1/L81_00671_784095.png /building_labels/bj/t3/L81_00671_784095.png
test,/imgs/bj/t1/L81_00679_784055.jpg /imgs/bj/t3/L81_00679_784055.jpg /labels_unch0ch1ig255/bj/t1VSt3/L81_00679_784055.png /building_labels/bj/t1/L81_00679_784055.png /building_labels/bj/t3/L81_00679_784055.png
train,/imgs/bj/t1/L81_00839_784287.jpg /imgs/bj/t3/L81_00839_784287.jpg /labels_unch0ch1ig255/bj/t1VSt3/L81_00839_784287.png /building_labels/bj/t1/L81_00839_784287.png /building_labels/bj/t3/L81_00839_784287.png /offset_st_resize256/bj/t1/L81_00839_784287.tif /offset_st_resize256/bj/t3/L81_00839_784287.tif /flow_btv3_resize256/bj/t1VSt3/L81_00839_784287.tif
train,/imgs/bj/t1/L81_00639_784191.jpg /imgs/bj/t2/L81_00639_784191.jpg /labels_unch0ch1ig255/bj/t1VSt2/L81_00639_784191.png /building_labels/bj/t1/L81_00639_784191.png /building_labels/bj/t2/L81_00639_784191.png /offset_st_resize256/bj/t1/L81_00639_784191.tif /offset_st_resize256/bj/t2/L81_00639_784191.tif /flow_btv3_resize256/bj/t1VSt2/L81_00639_784191.tif
train,/imgs/bj/t1/L81_00647_784223.jpg /imgs/bj/t2/L81_00647_784223.jpg /labels_unch0ch1ig255/bj/t1VSt2/L81_00647_784223.png /building_labels/bj/t1/L81_00647_784223.png /building_labels/bj/t2/L81_00647_784223.png /offset_st_resize256/bj/t1/L81_00647_784223.tif /offset_st_resize256/bj/t2/L81_00647_784223.tif /flow_btv3_resize256/bj/t1VSt2/L81_00647_784223.tif
train,/imgs/bj/t1/L81_00663_784223.jpg /imgs/bj/t2/L81_00663_784223.jpg /labels_unch0ch1ig255/bj/t1VSt2/L81_00663_784223.png /building_labels/bj/t1/L81_00663_784223.png /building_labels/bj/t2/L81_00663_784223.png /offset_st_resize256/bj/t1/L81_00663_784223.tif /offset_st_resize256/bj/t2/L81_00663_784223.tif /flow_btv3_resize256/bj/t1VSt2/L81_00663_784223.tif
train,/imgs/bj/t2/L81_00647_784183.jpg /imgs/bj/t3/L81_00647_784183.jpg /labels_unch0ch1ig255/bj/t2VSt3/L81_00647_784183.png /building_labels/bj/t2/L81_00647_784183.png /building_labels/bj/t3/L81_00647_784183.png /offset_st_resize256/bj/t2/L81_00647_784183.tif /offset_st_resize256/bj/t3/L81_00647_784183.tif /flow_btv3_resize256/bj/t2VSt3/L81_00647_784183.tif
train,/imgs/bj/t1/L81_00887_784167.jpg /imgs/bj/t2/L81_00887_784167.jpg /labels_unch0ch1ig255/bj/t1VSt2/L81_00887_784167.png /building_labels/bj/t1/L81_00887_784167.png /building_labels/bj/t2/L81_00887_784167.png /offset_st_resize256/bj/t1/L81_00887_784167.tif /offset_st_resize256/bj/t2/L81_00887_784167.tif /flow_btv3_resize256/bj/t1VSt2/L81_00887_784167.tif
train,/imgs/bj/t1/L81_00863_784183.jpg /imgs/bj/t3/L81_00863_784183.jpg /labels_unch0ch1ig255/bj/t1VSt3/L81_00863_784183.png /building_labels/bj/t1/L81_00863_784183.png /building_labels/bj/t3/L81_00863_784183.png /offset_st_resize256/bj/t1/L81_00863_784183.tif /offset_st_resize256/bj/t3/L81_00863_784183.tif /flow_btv3_resize256/bj/t1VSt3/L81_00863_784183.tif
train,/imgs/sh/t1/L81_892871_780527.jpg /imgs/sh/t2/L81_892871_780527.jpg /labels_unch0ch1ig255/sh/t1VSt2/L81_892871_780527.png /building_labels/sh/t1/L81_892871_780527.png /building_labels/sh/t2/L81_892871_780527.png /offset_st_resize256/sh/t1/L81_892871_780527.tif /offset_st_resize256/sh/t2/L81_892871_780527.tif /flow_btv3_resize256/sh/t1VSt2/L81_892871_780527.tif
train,/imgs/bj/t2/L81_00655_784103.jpg /imgs/bj/t3/L81_00655_784103.jpg /labels_unch0ch1ig255/bj/t2VSt3/L81_00655_784103.png /building_labels/bj/t2/L81_00655_784103.png /building_labels/bj/t3/L81_00655_784103.png /offset_st_resize256/bj/t2/L81_00655_784103.tif /offset_st_resize256/bj/t3/L81_00655_784103.tif /flow_btv3_resize256/bj/t2VSt3/L81_00655_784103.tif
train,/imgs/sh/t1/L81_892847_780471.jpg /imgs/sh/t2/L81_892847_780471.jpg /labels_unch0ch1ig255/sh/t1VSt2/L81_892847_780471.png /building_labels/sh/t1/L81_892847_780471.png /building_labels/sh/t2/L81_892847_780471.png /offset_st_resize256/sh/t1/L81_892847_780471.tif /offset_st_resize256/sh/t2/L81_892847_780471.tif /flow_btv3_resize256/sh/t1VSt2/L81_892847_780471.tif
train,/imgs/bj/t1/L81_00639_784311.jpg /imgs/bj/t2/L81_00639_784311.jpg /labels_unch0ch1ig255/bj/t1VSt2/L81_00639_784311.png /building_labels/bj/t1/L81_00639_784311.png /building_labels/bj/t2/L81_00639_784311.png /offset_st_resize256/bj/t1/L81_00639_784311.tif /offset_st_resize256/bj/t2/L81_00639_784311.tif /flow_btv3_resize256/bj/t1VSt2/L81_00639_784311.tif
val,/imgs/sh/t1/L81_892847_780447.jpg /imgs/sh/t2/L81_892847_780447.jpg /labels/sh/t1VSt2/L81_892847_780447.png /building_labels/sh/t1/L81_892847_780447.png /building_labels/sh/t2/L81_892847_780447.png /offset_st_resize256/sh/t1/L81_892847_780447.tif /offset_st_resize256/sh/t2/L81_892847_780447.tif /flow_btv3_resize256/sh/t1VSt2/L81_892847_780447.tif
train,/imgs/sh/t1/L81_892919_780431.jpg /imgs/sh/t3/L81_892919_780431.jpg /labels_unch0ch1ig255/sh/t1VSt3/L81_892919_780431.png /building_labels/sh/t1/L81_892919_780431.png /building_labels/sh/t3/L81_892919_780431.png /offset_st_resize256/sh/t1/L81_892919_780431.tif /offset_st_resize256/sh/t3/L81_892919_780431.tif /flow_btv3_resize256/sh/t1VSt3/L81_892919_780431.tif
train,/imgs/bj/t2/L81_00839_784279.jpg /imgs/bj/t3/L81_00839_784279.jpg /labels_unch0ch1ig255/bj/t2VSt3/L81_00839_784279.png /building_labels/bj/t2/L81_00839_784279.png /building_labels/bj/t3/L81_00839_784279.png /offset_st_resize256/bj/t2/L81_00839_784279.tif /offset_st_resize256/bj/t3/L81_00839_784279.tif /flow_btv3_resize256/bj/t2VSt3/L81_00839_784279.tif
test,/imgs/bj/t2/L81_00639_784111.jpg /imgs/bj/t3/L81_00639_784111.jpg /labels_unch0ch1ig255/bj/t2VSt3/L81_00639_784111.png /building_labels/bj/t2/L81_00639_784111.png /building_labels/bj/t3/L81_00639_784111.png
test,/imgs/sh/t1/L81_892911_780527.jpg /imgs/sh/t3/L81_892911_780527.jpg /labels_unch0ch1ig255/sh/t1VSt3/L81_892911_780527.png /building_labels/sh/t1/L81_892911_780527.png /building_labels/sh/t3/L81_892911_780527.png
train,/imgs/bj/t1/L81_00655_783959.jpg /imgs/bj/t3/L81_00655_783959.jpg /labels_unch0ch1ig255/bj/t1VSt3/L81_00655_783959.png /building_labels/bj/t1/L81_00655_783959.png /building_labels/bj/t3/L81_00655_783959.png /offset_st_resize256/bj/t1/L81_00655_783959.tif /offset_st_resize256/bj/t3/L81_00655_783959.tif /flow_btv3_resize256/bj/t1VSt3/L81_00655_783959.tif
train,/imgs/sh/t1/L81_892791_780431.jpg /imgs/sh/t2/L81_892791_780431.jpg /labels_unch0ch1ig255/sh/t1VSt2/L81_892791_780431.png /building_labels/sh/t1/L81_892791_780431.png /building_labels/sh/t2/L81_892791_780431.png /offset_st_resize256/sh/t1/L81_892791_780431.tif /offset_st_resize256/sh/t2/L81_892791_780431.tif /flow_btv3_resize256/sh/t1VSt2/L81_892791_780431.tif
train,/imgs/bj/t2/L81_00911_783983.jpg /imgs/bj/t3/L81_00911_783983.jpg /labels_unch0ch1ig255/bj/t2VSt3/L81_00911_783983.png /building_labels/bj/t2/L81_00911_783983.png /building_labels/bj/t3/L81_00911_783983.png /offset_st_resize256/bj/t2/L81_00911_783983.tif /offset_st_resize256/bj/t3/L81_00911_783983.tif /flow_btv3_resize256/bj/t2VSt3/L81_00911_783983.tif
train,/imgs/bj/t2/L81_00687_784231.jpg /imgs/bj/t3/L81_00687_784231.jpg /labels_unch0ch1ig255/bj/t2VSt3/L81_00687_784231.png /building_labels/bj/t2/L81_00687_784231.png /building_labels/bj/t3/L81_00687_784231.png /offset_st_resize256/bj/t2/L81_00687_784231.tif /offset_st_resize256/bj/t3/L81_00687_784231.tif /flow_btv3_resize256/bj/t2VSt3/L81_00687_784231.tif
train,/imgs/bj/t1/L81_00847_784239.jpg /imgs/bj/t2/L81_00847_784239.jpg /labels_unch0ch1ig255/bj/t1VSt2/L81_00847_784239.png /building_labels/bj/t1/L81_00847_784239.png /building_labels/bj/t2/L81_00847_784239.png /offset_st_resize256/bj/t1/L81_00847_784239.tif /offset_st_resize256/bj/t2/L81_00847_784239.tif /flow_btv3_resize256/bj/t1VSt2/L81_00847_784239.tif
train,/imgs/bj/t1/L81_00687_784223.jpg /imgs/bj/t2/L81_00687_784223.jpg /labels_unch0ch1ig255/bj/t1VSt2/L81_00687_784223.png /building_labels/bj/t1/L81_00687_784223.png /building_labels/bj/t2/L81_00687_784223.png /offset_st_resize256/bj/t1/L81_00687_784223.tif /offset_st_resize256/bj/t2/L81_00687_784223.tif /flow_btv3_resize256/bj/t1VSt2/L81_00687_784223.tif
train,/imgs/bj/t1/L81_00671_784247.jpg /imgs/bj/t3/L81_00671_784247.jpg /labels_unch0ch1ig255/bj/t1VSt3/L81_00671_784247.png /building_labels/bj/t1/L81_00671_784247.png /building_labels/bj/t3/L81_00671_784247.png /offset_st_resize256/bj/t1/L81_00671_784247.tif /offset_st_resize256/bj/t3/L81_00671_784247.tif /flow_btv3_resize256/bj/t1VSt3/L81_00671_784247.tif
train,/imgs/bj/t2/L81_00639_784215.jpg /imgs/bj/t3/L81_00639_784215.jpg /labels_unch0ch1ig255/bj/t2VSt3/L81_00639_784215.png /building_labels/bj/t2/L81_00639_784215.png /building_labels/bj/t3/L81_00639_784215.png /offset_st_resize256/bj/t2/L81_00639_784215.tif /offset_st_resize256/bj/t3/L81_00639_784215.tif /flow_btv3_resize256/bj/t2VSt3/L81_00639_784215.tif
train,/imgs/sh/t1/L81_892831_780423.jpg /imgs/sh/t3/L81_892831_780423.jpg /labels_unch0ch1ig255/sh/t1VSt3/L81_892831_780423.png /building_labels/sh/t1/L81_892831_780423.png /building_labels/sh/t3/L81_892831_780423.png /offset_st_resize256/sh/t1/L81_892831_780423.tif /offset_st_resize256/sh/t3/L81_892831_780423.tif /flow_btv3_resize256/sh/t1VSt3/L81_892831_780423.tif
train,/imgs/bj/t1/L81_00687_784047.jpg /imgs/bj/t3/L81_00687_784047.jpg /labels_unch0ch1ig255/bj/t1VSt3/L81_00687_784047.png /building_labels/bj/t1/L81_00687_784047.png /building_labels/bj/t3/L81_00687_784047.png /offset_st_resize256/bj/t1/L81_00687_784047.tif /offset_st_resize256/bj/t3/L81_00687_784047.tif /flow_btv3_resize256/bj/t1VSt3/L81_00687_784047.tif
train,/imgs/sh/t2/L81_892783_780479.jpg /imgs/sh/t3/L81_892783_780479.jpg /labels_unch0ch1ig255/sh/t2VSt3/L81_892783_780479.png /building_labels/sh/t2/L81_892783_780479.png /building_labels/sh/t3/L81_892783_780479.png /offset_st_resize256/sh/t2/L81_892783_780479.tif /offset_st_resize256/sh/t3/L81_892783_780479.tif /flow_btv3_resize256/sh/t2VSt3/L81_892783_780479.tif
train,/imgs/bj/t1/L81_00831_784287.jpg /imgs/bj/t3/L81_00831_784287.jpg /labels_unch0ch1ig255/bj/t1VSt3/L81_00831_784287.png /building_labels/bj/t1/L81_00831_784287.png /building_labels/bj/t3/L81_00831_784287.png /offset_st_resize256/bj/t1/L81_00831_784287.tif /offset_st_resize256/bj/t3/L81_00831_784287.tif /flow_btv3_resize256/bj/t1VSt3/L81_00831_784287.tif
train,/imgs/sh/t1/L81_892895_780423.jpg /imgs/sh/t3/L81_892895_780423.jpg /labels_unch0ch1ig255/sh/t1VSt3/L81_892895_780423.png /building_labels/sh/t1/L81_892895_780423.png /building_labels/sh/t3/L81_892895_780423.png /offset_st_resize256/sh/t1/L81_892895_780423.tif /offset_st_resize256/sh/t3/L81_892895_780423.tif /flow_btv3_resize256/sh/t1VSt3/L81_892895_780423.tif
val,/imgs/bj/t2/L81_00679_784207.jpg /imgs/bj/t3/L81_00679_784207.jpg /labels/bj/t2VSt3/L81_00679_784207.png /building_labels/bj/t2/L81_00679_784207.png /building_labels/bj/t3/L81_00679_784207.png /offset_st_resize256/bj/t2/L81_00679_784207.tif /offset_st_resize256/bj/t3/L81_00679_784207.tif /flow_btv3_resize256/bj/t2VSt3/L81_00679_784207.tif
test,/imgs/sh/t1/L81_892855_780503.jpg /imgs/sh/t2/L81_892855_780503.jpg /labels_unch0ch1ig255/sh/t1VSt2/L81_892855_780503.png /building_labels/sh/t1/L81_892855_780503.png /building_labels/sh/t2/L81_892855_780503.png
train,/imgs/bj/t2/L81_00647_784231.jpg /imgs/bj/t3/L81_00647_784231.jpg /labels_unch0ch1ig255/bj/t2VSt3/L81_00647_784231.png /building_labels/bj/t2/L81_00647_784231.png /building_labels/bj/t3/L81_00647_784231.png /offset_st_resize256/bj/t2/L81_00647_784231.tif /offset_st_resize256/bj/t3/L81_00647_784231.tif /flow_btv3_resize256/bj/t2VSt3/L81_00647_784231.tif
train,/imgs/sh/t2/L81_892863_780463.jpg /imgs/sh/t3/L81_892863_780463.jpg /labels_unch0ch1ig255/sh/t2VSt3/L81_892863_780463.png /building_labels/sh/t2/L81_892863_780463.png /building_labels/sh/t3/L81_892863_780463.png /offset_st_resize256/sh/t2/L81_892863_780463.tif /offset_st_resize256/sh/t3/L81_892863_780463.tif /flow_btv3_resize256/sh/t2VSt3/L81_892863_780463.tif
train,/imgs/bj/t2/L81_00663_784223.jpg /imgs/bj/t3/L81_00663_784223.jpg /labels_unch0ch1ig255/bj/t2VSt3/L81_00663_784223.png /building_labels/bj/t2/L81_00663_784223.png /building_labels/bj/t3/L81_00663_784223.png /offset_st_resize256/bj/t2/L81_00663_784223.tif /offset_st_resize256/bj/t3/L81_00663_784223.tif /flow_btv3_resize256/bj/t2VSt3/L81_00663_784223.tif
test,/imgs/sh/t2/L81_892791_780471.jpg /imgs/sh/t3/L81_892791_780471.jpg /labels_unch0ch1ig255/sh/t2VSt3/L81_892791_780471.png /building_labels/sh/t2/L81_892791_780471.png /building_labels/sh/t3/L81_892791_780471.png
train,/imgs/bj/t1/L81_00831_784063.jpg /imgs/bj/t2/L81_00831_784063.jpg /labels_unch0ch1ig255/bj/t1VSt2/L81_00831_784063.png /building_labels/bj/t1/L81_00831_784063.png /building_labels/bj/t2/L81_00831_784063.png /offset_st_resize256/bj/t1/L81_00831_784063.tif /offset_st_resize256/bj/t2/L81_00831_784063.tif /flow_btv3_resize256/bj/t1VSt2/L81_00831_784063.tif
train,/imgs/bj/t1/L81_00663_784295.jpg /imgs/bj/t2/L81_00663_784295.jpg /labels_unch0ch1ig255/bj/t1VSt2/L81_00663_784295.png /building_labels/bj/t1/L81_00663_784295.png /building_labels/bj/t2/L81_00663_784295.png /offset_st_resize256/bj/t1/L81_00663_784295.tif /offset_st_resize256/bj/t2/L81_00663_784295.tif /flow_btv3_resize256/bj/t1VSt2/L81_00663_784295.tif
test,/imgs/sh/t1/L81_892879_780455.jpg /imgs/sh/t3/L81_892879_780455.jpg /labels_unch0ch1ig255/sh/t1VSt3/L81_892879_780455.png /building_labels/sh/t1/L81_892879_780455.png /building_labels/sh/t3/L81_892879_780455.png
train,/imgs/sh/t1/L81_892847_780431.jpg /imgs/sh/t3/L81_892847_780431.jpg /labels_unch0ch1ig255/sh/t1VSt3/L81_892847_780431.png /building_labels/sh/t1/L81_892847_780431.png /building_labels/sh/t3/L81_892847_780431.png /offset_st_resize256/sh/t1/L81_892847_780431.tif /offset_st_resize256/sh/t3/L81_892847_780431.tif /flow_btv3_resize256/sh/t1VSt3/L81_892847_780431.tif
train,/imgs/bj/t2/L81_00671_784239.jpg /imgs/bj/t3/L81_00671_784239.jpg /labels_unch0ch1ig255/bj/t2VSt3/L81_00671_784239.png /building_labels/bj/t2/L81_00671_784239.png /building_labels/bj/t3/L81_00671_784239.png /offset_st_resize256/bj/t2/L81_00671_784239.tif /offset_st_resize256/bj/t3/L81_00671_784239.tif /flow_btv3_resize256/bj/t2VSt3/L81_00671_784239.tif
train,/imgs/bj/t2/L81_00679_784271.jpg /imgs/bj/t3/L81_00679_784271.jpg /labels_unch0ch1ig255/bj/t2VSt3/L81_00679_784271.png /building_labels/bj/t2/L81_00679_784271.png /building_labels/bj/t3/L81_00679_784271.png /offset_st_resize256/bj/t2/L81_00679_784271.tif /offset_st_resize256/bj/t3/L81_00679_784271.tif /flow_btv3_resize256/bj/t2VSt3/L81_00679_784271.tif
train,/imgs/sh/t2/L81_892879_780423.jpg /imgs/sh/t3/L81_892879_780423.jpg /labels_unch0ch1ig255/sh/t2VSt3/L81_892879_780423.png /building_labels/sh/t2/L81_892879_780423.png /building_labels/sh/t3/L81_892879_780423.png /offset_st_resize256/sh/t2/L81_892879_780423.tif /offset_st_resize256/sh/t3/L81_892879_780423.tif /flow_btv3_resize256/sh/t2VSt3/L81_892879_780423.tif
train,/imgs/bj/t1/L81_00871_784135.jpg /imgs/bj/t2/L81_00871_784135.jpg /labels_unch0ch1ig255/bj/t1VSt2/L81_00871_784135.png /building_labels/bj/t1/L81_00871_784135.png /building_labels/bj/t2/L81_00871_784135.png /offset_st_resize256/bj/t1/L81_00871_784135.tif /offset_st_resize256/bj/t2/L81_00871_784135.tif /flow_btv3_resize256/bj/t1VSt2/L81_00871_784135.tif
val,/imgs/sh/t1/L81_892887_780519.jpg /imgs/sh/t2/L81_892887_780519.jpg /labels/sh/t1VSt2/L81_892887_780519.png /building_labels/sh/t1/L81_892887_780519.png /building_labels/sh/t2/L81_892887_780519.png /offset_st_resize256/sh/t1/L81_892887_780519.tif /offset_st_resize256/sh/t2/L81_892887_780519.tif /flow_btv3_resize256/sh/t1VSt2/L81_892887_780519.tif
train,/imgs/bj/t1/L81_00967_784295.jpg /imgs/bj/t2/L81_00967_784295.jpg /labels_unch0ch1ig255/bj/t1VSt2/L81_00967_784295.png /building_labels/bj/t1/L81_00967_784295.png /building_labels/bj/t2/L81_00967_784295.png /offset_st_resize256/bj/t1/L81_00967_784295.tif /offset_st_resize256/bj/t2/L81_00967_784295.tif /flow_btv3_resize256/bj/t1VSt2/L81_00967_784295.tif
train,/imgs/bj/t1/L81_00831_784039.jpg /imgs/bj/t3/L81_00831_784039.jpg /labels_unch0ch1ig255/bj/t1VSt3/L81_00831_784039.png /building_labels/bj/t1/L81_00831_784039.png /building_labels/bj/t3/L81_00831_784039.png /offset_st_resize256/bj/t1/L81_00831_784039.tif /offset_st_resize256/bj/t3/L81_00831_784039.tif /flow_btv3_resize256/bj/t1VSt3/L81_00831_784039.tif
train,/imgs/bj/t1/L81_00687_784111.jpg /imgs/bj/t2/L81_00687_784111.jpg /labels_unch0ch1ig255/bj/t1VSt2/L81_00687_784111.png /building_labels/bj/t1/L81_00687_784111.png /building_labels/bj/t2/L81_00687_784111.png /offset_st_resize256/bj/t1/L81_00687_784111.tif /offset_st_resize256/bj/t2/L81_00687_784111.tif /flow_btv3_resize256/bj/t1VSt2/L81_00687_784111.tif
train,/imgs/bj/t1/L81_00823_784199.jpg /imgs/bj/t2/L81_00823_784199.jpg /labels_unch0ch1ig255/bj/t1VSt2/L81_00823_784199.png /building_labels/bj/t1/L81_00823_784199.png /building_labels/bj/t2/L81_00823_784199.png /offset_st_resize256/bj/t1/L81_00823_784199.tif /offset_st_resize256/bj/t2/L81_00823_784199.tif /flow_btv3_resize256/bj/t1VSt2/L81_00823_784199.tif
train,/imgs/bj/t2/L81_00879_784143.jpg /imgs/bj/t3/L81_00879_784143.jpg /labels_unch0ch1ig255/bj/t2VSt3/L81_00879_784143.png /building_labels/bj/t2/L81_00879_784143.png /building_labels/bj/t3/L81_00879_784143.png /offset_st_resize256/bj/t2/L81_00879_784143.tif /offset_st_resize256/bj/t3/L81_00879_784143.tif /flow_btv3_resize256/bj/t2VSt3/L81_00879_784143.tif
train,/imgs/sh/t1/L81_892863_780519.jpg /imgs/sh/t3/L81_892863_780519.jpg /labels_unch0ch1ig255/sh/t1VSt3/L81_892863_780519.png /building_labels/sh/t1/L81_892863_780519.png /building_labels/sh/t3/L81_892863_780519.png /offset_st_resize256/sh/t1/L81_892863_780519.tif /offset_st_resize256/sh/t3/L81_892863_780519.tif /flow_btv3_resize256/sh/t1VSt3/L81_892863_780519.tif
train,/imgs/bj/t1/L81_00871_784167.jpg /imgs/bj/t3/L81_00871_784167.jpg /labels_unch0ch1ig255/bj/t1VSt3/L81_00871_784167.png /building_labels/bj/t1/L81_00871_784167.png /building_labels/bj/t3/L81_00871_784167.png /offset_st_resize256/bj/t1/L81_00871_784167.tif /offset_st_resize256/bj/t3/L81_00871_784167.tif /flow_btv3_resize256/bj/t1VSt3/L81_00871_784167.tif
train,/imgs/sh/t2/L81_892879_780463.jpg /imgs/sh/t3/L81_892879_780463.jpg /labels_unch0ch1ig255/sh/t2VSt3/L81_892879_780463.png /building_labels/sh/t2/L81_892879_780463.png /building_labels/sh/t3/L81_892879_780463.png /offset_st_resize256/sh/t2/L81_892879_780463.tif /offset_st_resize256/sh/t3/L81_892879_780463.tif /flow_btv3_resize256/sh/t2VSt3/L81_892879_780463.tif
train,/imgs/bj/t2/L81_00823_784287.jpg /imgs/bj/t3/L81_00823_784287.jpg /labels_unch0ch1ig255/bj/t2VSt3/L81_00823_784287.png /building_labels/bj/t2/L81_00823_784287.png /building_labels/bj/t3/L81_00823_784287.png /offset_st_resize256/bj/t2/L81_00823_784287.tif /offset_st_resize256/bj/t3/L81_00823_784287.tif /flow_btv3_resize256/bj/t2VSt3/L81_00823_784287.tif
val,/imgs/sh/t2/L81_892847_780503.jpg /imgs/sh/t3/L81_892847_780503.jpg /labels/sh/t2VSt3/L81_892847_780503.png /building_labels/sh/t2/L81_892847_780503.png /building_labels/sh/t3/L81_892847_780503.png /offset_st_resize256/sh/t2/L81_892847_780503.tif /offset_st_resize256/sh/t3/L81_892847_780503.tif /flow_btv3_resize256/sh/t2VSt3/L81_892847_780503.tif
train,/imgs/bj/t2/L81_00975_784295.jpg /imgs/bj/t3/L81_00975_784295.jpg /labels_unch0ch1ig255/bj/t2VSt3/L81_00975_784295.png /building_labels/bj/t2/L81_00975_784295.png /building_labels/bj/t3/L81_00975_784295.png /offset_st_resize256/bj/t2/L81_00975_784295.tif /offset_st_resize256/bj/t3/L81_00975_784295.tif /flow_btv3_resize256/bj/t2VSt3/L81_00975_784295.tif
train,/imgs/sh/t1/L81_892903_780423.jpg /imgs/sh/t3/L81_892903_780423.jpg /labels_unch0ch1ig255/sh/t1VSt3/L81_892903_780423.png /building_labels/sh/t1/L81_892903_780423.png /building_labels/sh/t3/L81_892903_780423.png /offset_st_resize256/sh/t1/L81_892903_780423.tif /offset_st_resize256/sh/t3/L81_892903_780423.tif /flow_btv3_resize256/sh/t1VSt3/L81_892903_780423.tif
train,/imgs/sh/t2/L81_892839_780479.jpg /imgs/sh/t3/L81_892839_780479.jpg /labels_unch0ch1ig255/sh/t2VSt3/L81_892839_780479.png /building_labels/sh/t2/L81_892839_780479.png /building_labels/sh/t3/L81_892839_780479.png /offset_st_resize256/sh/t2/L81_892839_780479.tif /offset_st_resize256/sh/t3/L81_892839_780479.tif /flow_btv3_resize256/sh/t2VSt3/L81_892839_780479.tif
train,/imgs/sh/t2/L81_892823_780455.jpg /imgs/sh/t3/L81_892823_780455.jpg /labels_unch0ch1ig255/sh/t2VSt3/L81_892823_780455.png /building_labels/sh/t2/L81_892823_780455.png /building_labels/sh/t3/L81_892823_780455.png /offset_st_resize256/sh/t2/L81_892823_780455.tif /offset_st_resize256/sh/t3/L81_892823_780455.tif /flow_btv3_resize256/sh/t2VSt3/L81_892823_780455.tif
train,/imgs/sh/t2/L81_892903_780471.jpg /imgs/sh/t3/L81_892903_780471.jpg /labels_unch0ch1ig255/sh/t2VSt3/L81_892903_780471.png /building_labels/sh/t2/L81_892903_780471.png /building_labels/sh/t3/L81_892903_780471.png /offset_st_resize256/sh/t2/L81_892903_780471.tif /offset_st_resize256/sh/t3/L81_892903_780471.tif /flow_btv3_resize256/sh/t2VSt3/L81_892903_780471.tif
train,/imgs/sh/t1/L81_892863_780487.jpg /imgs/sh/t3/L81_892863_780487.jpg /labels_unch0ch1ig255/sh/t1VSt3/L81_892863_780487.png /building_labels/sh/t1/L81_892863_780487.png /building_labels/sh/t3/L81_892863_780487.png /offset_st_resize256/sh/t1/L81_892863_780487.tif /offset_st_resize256/sh/t3/L81_892863_780487.tif /flow_btv3_resize256/sh/t1VSt3/L81_892863_780487.tif
train,/imgs/bj/t1/L81_00655_784175.jpg /imgs/bj/t3/L81_00655_784175.jpg /labels_unch0ch1ig255/bj/t1VSt3/L81_00655_784175.png /building_labels/bj/t1/L81_00655_784175.png /building_labels/bj/t3/L81_00655_784175.png /offset_st_resize256/bj/t1/L81_00655_784175.tif /offset_st_resize256/bj/t3/L81_00655_784175.tif /flow_btv3_resize256/bj/t1VSt3/L81_00655_784175.tif
train,/imgs/bj/t2/L81_00639_784255.jpg /imgs/bj/t3/L81_00639_784255.jpg /labels_unch0ch1ig255/bj/t2VSt3/L81_00639_784255.png /building_labels/bj/t2/L81_00639_784255.png /building_labels/bj/t3/L81_00639_784255.png /offset_st_resize256/bj/t2/L81_00639_784255.tif /offset_st_resize256/bj/t3/L81_00639_784255.tif /flow_btv3_resize256/bj/t2VSt3/L81_00639_784255.tif
train,/imgs/bj/t1/L81_00679_784231.jpg /imgs/bj/t2/L81_00679_784231.jpg /labels_unch0ch1ig255/bj/t1VSt2/L81_00679_784231.png /building_labels/bj/t1/L81_00679_784231.png /building_labels/bj/t2/L81_00679_784231.png /offset_st_resize256/bj/t1/L81_00679_784231.tif /offset_st_resize256/bj/t2/L81_00679_784231.tif /flow_btv3_resize256/bj/t1VSt2/L81_00679_784231.tif
train,/imgs/sh/t1/L81_892783_780439.jpg /imgs/sh/t3/L81_892783_780439.jpg /labels_unch0ch1ig255/sh/t1VSt3/L81_892783_780439.png /building_labels/sh/t1/L81_892783_780439.png /building_labels/sh/t3/L81_892783_780439.png /offset_st_resize256/sh/t1/L81_892783_780439.tif /offset_st_resize256/sh/t3/L81_892783_780439.tif /flow_btv3_resize256/sh/t1VSt3/L81_892783_780439.tif
train,/imgs/bj/t1/L81_00687_783967.jpg /imgs/bj/t3/L81_00687_783967.jpg /labels_unch0ch1ig255/bj/t1VSt3/L81_00687_783967.png /building_labels/bj/t1/L81_00687_783967.png /building_labels/bj/t3/L81_00687_783967.png /offset_st_resize256/bj/t1/L81_00687_783967.tif /offset_st_resize256/bj/t3/L81_00687_783967.tif /flow_btv3_resize256/bj/t1VSt3/L81_00687_783967.tif
train,/imgs/bj/t1/L81_00671_784239.jpg /imgs/bj/t2/L81_00671_784239.jpg /labels_unch0ch1ig255/bj/t1VSt2/L81_00671_784239.png /building_labels/bj/t1/L81_00671_784239.png /building_labels/bj/t2/L81_00671_784239.png /offset_st_resize256/bj/t1/L81_00671_784239.tif /offset_st_resize256/bj/t2/L81_00671_784239.tif /flow_btv3_resize256/bj/t1VSt2/L81_00671_784239.tif
train,/imgs/sh/t1/L81_892823_780511.jpg /imgs/sh/t3/L81_892823_780511.jpg /labels_unch0ch1ig255/sh/t1VSt3/L81_892823_780511.png /building_labels/sh/t1/L81_892823_780511.png /building_labels/sh/t3/L81_892823_780511.png /offset_st_resize256/sh/t1/L81_892823_780511.tif /offset_st_resize256/sh/t3/L81_892823_780511.tif /flow_btv3_resize256/sh/t1VSt3/L81_892823_780511.tif
train,/imgs/bj/t1/L81_00679_784295.jpg /imgs/bj/t3/L81_00679_784295.jpg /labels_unch0ch1ig255/bj/t1VSt3/L81_00679_784295.png /building_labels/bj/t1/L81_00679_784295.png /building_labels/bj/t3/L81_00679_784295.png /offset_st_resize256/bj/t1/L81_00679_784295.tif /offset_st_resize256/bj/t3/L81_00679_784295.tif /flow_btv3_resize256/bj/t1VSt3/L81_00679_784295.tif
train,/imgs/sh/t1/L81_892863_780503.jpg /imgs/sh/t2/L81_892863_780503.jpg /labels_unch0ch1ig255/sh/t1VSt2/L81_892863_780503.png /building_labels/sh/t1/L81_892863_780503.png /building_labels/sh/t2/L81_892863_780503.png /offset_st_resize256/sh/t1/L81_892863_780503.tif /offset_st_resize256/sh/t2/L81_892863_780503.tif /flow_btv3_resize256/sh/t1VSt2/L81_892863_780503.tif
train,/imgs/bj/t2/L81_00647_784207.jpg /imgs/bj/t3/L81_00647_784207.jpg /labels_unch0ch1ig255/bj/t2VSt3/L81_00647_784207.png /building_labels/bj/t2/L81_00647_784207.png /building_labels/bj/t3/L81_00647_784207.png /offset_st_resize256/bj/t2/L81_00647_784207.tif /offset_st_resize256/bj/t3/L81_00647_784207.tif /flow_btv3_resize256/bj/t2VSt3/L81_00647_784207.tif
train,/imgs/sh/t1/L81_892799_780495.jpg /imgs/sh/t2/L81_892799_780495.jpg /labels_unch0ch1ig255/sh/t1VSt2/L81_892799_780495.png /building_labels/sh/t1/L81_892799_780495.png /building_labels/sh/t2/L81_892799_780495.png /offset_st_resize256/sh/t1/L81_892799_780495.tif /offset_st_resize256/sh/t2/L81_892799_780495.tif /flow_btv3_resize256/sh/t1VSt2/L81_892799_780495.tif
train,/imgs/bj/t1/L81_00847_784255.jpg /imgs/bj/t2/L81_00847_784255.jpg /labels_unch0ch1ig255/bj/t1VSt2/L81_00847_784255.png /building_labels/bj/t1/L81_00847_784255.png /building_labels/bj/t2/L81_00847_784255.png /offset_st_resize256/bj/t1/L81_00847_784255.tif /offset_st_resize256/bj/t2/L81_00847_784255.tif /flow_btv3_resize256/bj/t1VSt2/L81_00847_784255.tif
train,/imgs/sh/t1/L81_892919_780471.jpg /imgs/sh/t2/L81_892919_780471.jpg /labels_unch0ch1ig255/sh/t1VSt2/L81_892919_780471.png /building_labels/sh/t1/L81_892919_780471.png /building_labels/sh/t2/L81_892919_780471.png /offset_st_resize256/sh/t1/L81_892919_780471.tif /offset_st_resize256/sh/t2/L81_892919_780471.tif /flow_btv3_resize256/sh/t1VSt2/L81_892919_780471.tif
train,/imgs/bj/t1/L81_01111_784471.jpg /imgs/bj/t2/L81_01111_784471.jpg /labels_unch0ch1ig255/bj/t1VSt2/L81_01111_784471.png /building_labels/bj/t1/L81_01111_784471.png /building_labels/bj/t2/L81_01111_784471.png /offset_st_resize256/bj/t1/L81_01111_784471.tif /offset_st_resize256/bj/t2/L81_01111_784471.tif /flow_btv3_resize256/bj/t1VSt2/L81_01111_784471.tif
train,/imgs/sh/t1/L81_892919_780511.jpg /imgs/sh/t2/L81_892919_780511.jpg /labels_unch0ch1ig255/sh/t1VSt2/L81_892919_780511.png /building_labels/sh/t1/L81_892919_780511.png /building_labels/sh/t2/L81_892919_780511.png /offset_st_resize256/sh/t1/L81_892919_780511.tif /offset_st_resize256/sh/t2/L81_892919_780511.tif /flow_btv3_resize256/sh/t1VSt2/L81_892919_780511.tif
train,/imgs/sh/t1/L81_892823_780503.jpg /imgs/sh/t3/L81_892823_780503.jpg /labels_unch0ch1ig255/sh/t1VSt3/L81_892823_780503.png /building_labels/sh/t1/L81_892823_780503.png /building_labels/sh/t3/L81_892823_780503.png /offset_st_resize256/sh/t1/L81_892823_780503.tif /offset_st_resize256/sh/t3/L81_892823_780503.tif /flow_btv3_resize256/sh/t1VSt3/L81_892823_780503.tif
train,/imgs/sh/t1/L81_892799_780527.jpg /imgs/sh/t3/L81_892799_780527.jpg /labels_unch0ch1ig255/sh/t1VSt3/L81_892799_780527.png /building_labels/sh/t1/L81_892799_780527.png /building_labels/sh/t3/L81_892799_780527.png /offset_st_resize256/sh/t1/L81_892799_780527.tif /offset_st_resize256/sh/t3/L81_892799_780527.tif /flow_btv3_resize256/sh/t1VSt3/L81_892799_780527.tif
val,/imgs/bj/t2/L81_00647_783975.jpg /imgs/bj/t3/L81_00647_783975.jpg /labels/bj/t2VSt3/L81_00647_783975.png /building_labels/bj/t2/L81_00647_783975.png /building_labels/bj/t3/L81_00647_783975.png /offset_st_resize256/bj/t2/L81_00647_783975.tif /offset_st_resize256/bj/t3/L81_00647_783975.tif /flow_btv3_resize256/bj/t2VSt3/L81_00647_783975.tif
train,/imgs/bj/t2/L81_00663_783983.jpg /imgs/bj/t3/L81_00663_783983.jpg /labels_unch0ch1ig255/bj/t2VSt3/L81_00663_783983.png /building_labels/bj/t2/L81_00663_783983.png /building_labels/bj/t3/L81_00663_783983.png /offset_st_resize256/bj/t2/L81_00663_783983.tif /offset_st_resize256/bj/t3/L81_00663_783983.tif /flow_btv3_resize256/bj/t2VSt3/L81_00663_783983.tif
train,/imgs/sh/t2/L81_892783_780471.jpg /imgs/sh/t3/L81_892783_780471.jpg /labels_unch0ch1ig255/sh/t2VSt3/L81_892783_780471.png /building_labels/sh/t2/L81_892783_780471.png /building_labels/sh/t3/L81_892783_780471.png /offset_st_resize256/sh/t2/L81_892783_780471.tif /offset_st_resize256/sh/t3/L81_892783_780471.tif /flow_btv3_resize256/sh/t2VSt3/L81_892783_780471.tif
train,/imgs/sh/t2/L81_892863_780495.jpg /imgs/sh/t3/L81_892863_780495.jpg /labels_unch0ch1ig255/sh/t2VSt3/L81_892863_780495.png /building_labels/sh/t2/L81_892863_780495.png /building_labels/sh/t3/L81_892863_780495.png /offset_st_resize256/sh/t2/L81_892863_780495.tif /offset_st_resize256/sh/t3/L81_892863_780495.tif /flow_btv3_resize256/sh/t2VSt3/L81_892863_780495.tif
train,/imgs/sh/t2/L81_892919_780479.jpg /imgs/sh/t3/L81_892919_780479.jpg /labels_unch0ch1ig255/sh/t2VSt3/L81_892919_780479.png /building_labels/sh/t2/L81_892919_780479.png /building_labels/sh/t3/L81_892919_780479.png /offset_st_resize256/sh/t2/L81_892919_780479.tif /offset_st_resize256/sh/t3/L81_892919_780479.tif /flow_btv3_resize256/sh/t2VSt3/L81_892919_780479.tif
train,/imgs/bj/t2/L81_00647_784103.jpg /imgs/bj/t3/L81_00647_784103.jpg /labels_unch0ch1ig255/bj/t2VSt3/L81_00647_784103.png /building_labels/bj/t2/L81_00647_784103.png /building_labels/bj/t3/L81_00647_784103.png /offset_st_resize256/bj/t2/L81_00647_784103.tif /offset_st_resize256/bj/t3/L81_00647_784103.tif /flow_btv3_resize256/bj/t2VSt3/L81_00647_784103.tif
val,/imgs/bj/t1/L81_00831_784303.jpg /imgs/bj/t2/L81_00831_784303.jpg /labels/bj/t1VSt2/L81_00831_784303.png /building_labels/bj/t1/L81_00831_784303.png /building_labels/bj/t2/L81_00831_784303.png /offset_st_resize256/bj/t1/L81_00831_784303.tif /offset_st_resize256/bj/t2/L81_00831_784303.tif /flow_btv3_resize256/bj/t1VSt2/L81_00831_784303.tif
train,/imgs/sh/t1/L81_892895_780503.jpg /imgs/sh/t2/L81_892895_780503.jpg /labels_unch0ch1ig255/sh/t1VSt2/L81_892895_780503.png /building_labels/sh/t1/L81_892895_780503.png /building_labels/sh/t2/L81_892895_780503.png /offset_st_resize256/sh/t1/L81_892895_780503.tif /offset_st_resize256/sh/t2/L81_892895_780503.tif /flow_btv3_resize256/sh/t1VSt2/L81_892895_780503.tif
train,/imgs/bj/t1/L81_00903_784263.jpg /imgs/bj/t3/L81_00903_784263.jpg /labels_unch0ch1ig255/bj/t1VSt3/L81_00903_784263.png /building_labels/bj/t1/L81_00903_784263.png /building_labels/bj/t3/L81_00903_784263.png /offset_st_resize256/bj/t1/L81_00903_784263.tif /offset_st_resize256/bj/t3/L81_00903_784263.tif /flow_btv3_resize256/bj/t1VSt3/L81_00903_784263.tif
train,/imgs/bj/t1/L81_00687_784047.jpg /imgs/bj/t2/L81_00687_784047.jpg /labels_unch0ch1ig255/bj/t1VSt2/L81_00687_784047.png /building_labels/bj/t1/L81_00687_784047.png /building_labels/bj/t2/L81_00687_784047.png /offset_st_resize256/bj/t1/L81_00687_784047.tif /offset_st_resize256/bj/t2/L81_00687_784047.tif /flow_btv3_resize256/bj/t1VSt2/L81_00687_784047.tif
test,/imgs/bj/t1/L81_00967_784279.jpg /imgs/bj/t3/L81_00967_784279.jpg /labels_unch0ch1ig255/bj/t1VSt3/L81_00967_784279.png /building_labels/bj/t1/L81_00967_784279.png /building_labels/bj/t3/L81_00967_784279.png
test,/imgs/bj/t1/L81_00863_784063.jpg /imgs/bj/t2/L81_00863_784063.jpg /labels_unch0ch1ig255/bj/t1VSt2/L81_00863_784063.png /building_labels/bj/t1/L81_00863_784063.png /building_labels/bj/t2/L81_00863_784063.png
train,/imgs/sh/t2/L81_892839_780463.jpg /imgs/sh/t3/L81_892839_780463.jpg /labels_unch0ch1ig255/sh/t2VSt3/L81_892839_780463.png /building_labels/sh/t2/L81_892839_780463.png /building_labels/sh/t3/L81_892839_780463.png /offset_st_resize256/sh/t2/L81_892839_780463.tif /offset_st_resize256/sh/t3/L81_892839_780463.tif /flow_btv3_resize256/sh/t2VSt3/L81_892839_780463.tif
train,/imgs/bj/t2/L81_00823_784159.jpg /imgs/bj/t3/L81_00823_784159.jpg /labels_unch0ch1ig255/bj/t2VSt3/L81_00823_784159.png /building_labels/bj/t2/L81_00823_784159.png /building_labels/bj/t3/L81_00823_784159.png /offset_st_resize256/bj/t2/L81_00823_784159.tif /offset_st_resize256/bj/t3/L81_00823_784159.tif /flow_btv3_resize256/bj/t2VSt3/L81_00823_784159.tif
train,/imgs/bj/t1/L81_00863_783967.jpg /imgs/bj/t2/L81_00863_783967.jpg /labels_unch0ch1ig255/bj/t1VSt2/L81_00863_783967.png /building_labels/bj/t1/L81_00863_783967.png /building_labels/bj/t2/L81_00863_783967.png /offset_st_resize256/bj/t1/L81_00863_783967.tif /offset_st_resize256/bj/t2/L81_00863_783967.tif /flow_btv3_resize256/bj/t1VSt2/L81_00863_783967.tif
train,/imgs/bj/t1/L81_00639_784175.jpg /imgs/bj/t3/L81_00639_784175.jpg /labels_unch0ch1ig255/bj/t1VSt3/L81_00639_784175.png /building_labels/bj/t1/L81_00639_784175.png /building_labels/bj/t3/L81_00639_784175.png /offset_st_resize256/bj/t1/L81_00639_784175.tif /offset_st_resize256/bj/t3/L81_00639_784175.tif /flow_btv3_resize256/bj/t1VSt3/L81_00639_784175.tif
val,/imgs/bj/t1/L81_00647_784287.jpg /imgs/bj/t2/L81_00647_784287.jpg /labels/bj/t1VSt2/L81_00647_784287.png /building_labels/bj/t1/L81_00647_784287.png /building_labels/bj/t2/L81_00647_784287.png /offset_st_resize256/bj/t1/L81_00647_784287.tif /offset_st_resize256/bj/t2/L81_00647_784287.tif /flow_btv3_resize256/bj/t1VSt2/L81_00647_784287.tif
train,/imgs/bj/t2/L81_00831_784247.jpg /imgs/bj/t3/L81_00831_784247.jpg /labels_unch0ch1ig255/bj/t2VSt3/L81_00831_784247.png /building_labels/bj/t2/L81_00831_784247.png /building_labels/bj/t3/L81_00831_784247.png /offset_st_resize256/bj/t2/L81_00831_784247.tif /offset_st_resize256/bj/t3/L81_00831_784247.tif /flow_btv3_resize256/bj/t2VSt3/L81_00831_784247.tif
train,/imgs/bj/t1/L81_00679_784295.jpg /imgs/bj/t2/L81_00679_784295.jpg /labels_unch0ch1ig255/bj/t1VSt2/L81_00679_784295.png /building_labels/bj/t1/L81_00679_784295.png /building_labels/bj/t2/L81_00679_784295.png /offset_st_resize256/bj/t1/L81_00679_784295.tif /offset_st_resize256/bj/t2/L81_00679_784295.tif /flow_btv3_resize256/bj/t1VSt2/L81_00679_784295.tif
train,/imgs/bj/t2/L81_00831_784223.jpg /imgs/bj/t3/L81_00831_784223.jpg /labels_unch0ch1ig255/bj/t2VSt3/L81_00831_784223.png /building_labels/bj/t2/L81_00831_784223.png /building_labels/bj/t3/L81_00831_784223.png /offset_st_resize256/bj/t2/L81_00831_784223.tif /offset_st_resize256/bj/t3/L81_00831_784223.tif /flow_btv3_resize256/bj/t2VSt3/L81_00831_784223.tif
train,/imgs/sh/t1/L81_892903_780423.jpg /imgs/sh/t2/L81_892903_780423.jpg /labels_unch0ch1ig255/sh/t1VSt2/L81_892903_780423.png /building_labels/sh/t1/L81_892903_780423.png /building_labels/sh/t2/L81_892903_780423.png /offset_st_resize256/sh/t1/L81_892903_780423.tif /offset_st_resize256/sh/t2/L81_892903_780423.tif /flow_btv3_resize256/sh/t1VSt2/L81_892903_780423.tif
train,/imgs/sh/t2/L81_892887_780511.jpg /imgs/sh/t3/L81_892887_780511.jpg /labels_unch0ch1ig255/sh/t2VSt3/L81_892887_780511.png /building_labels/sh/t2/L81_892887_780511.png /building_labels/sh/t3/L81_892887_780511.png /offset_st_resize256/sh/t2/L81_892887_780511.tif /offset_st_resize256/sh/t3/L81_892887_780511.tif /flow_btv3_resize256/sh/t2VSt3/L81_892887_780511.tif
train,/imgs/sh/t2/L81_892887_780447.jpg /imgs/sh/t3/L81_892887_780447.jpg /labels_unch0ch1ig255/sh/t2VSt3/L81_892887_780447.png /building_labels/sh/t2/L81_892887_780447.png /building_labels/sh/t3/L81_892887_780447.png /offset_st_resize256/sh/t2/L81_892887_780447.tif /offset_st_resize256/sh/t3/L81_892887_780447.tif /flow_btv3_resize256/sh/t2VSt3/L81_892887_780447.tif
train,/imgs/bj/t2/L81_00671_783983.jpg /imgs/bj/t3/L81_00671_783983.jpg /labels_unch0ch1ig255/bj/t2VSt3/L81_00671_783983.png /building_labels/bj/t2/L81_00671_783983.png /building_labels/bj/t3/L81_00671_783983.png /offset_st_resize256/bj/t2/L81_00671_783983.tif /offset_st_resize256/bj/t3/L81_00671_783983.tif /flow_btv3_resize256/bj/t2VSt3/L81_00671_783983.tif
val,/imgs/sh/t2/L81_892919_780503.jpg /imgs/sh/t3/L81_892919_780503.jpg /labels/sh/t2VSt3/L81_892919_780503.png /building_labels/sh/t2/L81_892919_780503.png /building_labels/sh/t3/L81_892919_780503.png /offset_st_resize256/sh/t2/L81_892919_780503.tif /offset_st_resize256/sh/t3/L81_892919_780503.tif /flow_btv3_resize256/sh/t2VSt3/L81_892919_780503.tif
train,/imgs/bj/t1/L81_00647_784215.jpg /imgs/bj/t3/L81_00647_784215.jpg /labels_unch0ch1ig255/bj/t1VSt3/L81_00647_784215.png /building_labels/bj/t1/L81_00647_784215.png /building_labels/bj/t3/L81_00647_784215.png /offset_st_resize256/bj/t1/L81_00647_784215.tif /offset_st_resize256/bj/t3/L81_00647_784215.tif /flow_btv3_resize256/bj/t1VSt3/L81_00647_784215.tif
train,/imgs/bj/t1/L81_00679_784103.jpg /imgs/bj/t2/L81_00679_784103.jpg /labels_unch0ch1ig255/bj/t1VSt2/L81_00679_784103.png /building_labels/bj/t1/L81_00679_784103.png /building_labels/bj/t2/L81_00679_784103.png /offset_st_resize256/bj/t1/L81_00679_784103.tif /offset_st_resize256/bj/t2/L81_00679_784103.tif /flow_btv3_resize256/bj/t1VSt2/L81_00679_784103.tif
train,/imgs/bj/t2/L81_00839_784031.jpg /imgs/bj/t3/L81_00839_784031.jpg /labels_unch0ch1ig255/bj/t2VSt3/L81_00839_784031.png /building_labels/bj/t2/L81_00839_784031.png /building_labels/bj/t3/L81_00839_784031.png /offset_st_resize256/bj/t2/L81_00839_784031.tif /offset_st_resize256/bj/t3/L81_00839_784031.tif /flow_btv3_resize256/bj/t2VSt3/L81_00839_784031.tif
test,/imgs/bj/t1/L81_00679_784119.jpg /imgs/bj/t3/L81_00679_784119.jpg /labels_unch0ch1ig255/bj/t1VSt3/L81_00679_784119.png /building_labels/bj/t1/L81_00679_784119.png /building_labels/bj/t3/L81_00679_784119.png
train,/imgs/bj/t1/L81_00831_784231.jpg /imgs/bj/t3/L81_00831_784231.jpg /labels_unch0ch1ig255/bj/t1VSt3/L81_00831_784231.png /building_labels/bj/t1/L81_00831_784231.png /building_labels/bj/t3/L81_00831_784231.png /offset_st_resize256/bj/t1/L81_00831_784231.tif /offset_st_resize256/bj/t3/L81_00831_784231.tif /flow_btv3_resize256/bj/t1VSt3/L81_00831_784231.tif
train,/imgs/bj/t1/L81_00935_783983.jpg /imgs/bj/t2/L81_00935_783983.jpg /labels_unch0ch1ig255/bj/t1VSt2/L81_00935_783983.png /building_labels/bj/t1/L81_00935_783983.png /building_labels/bj/t2/L81_00935_783983.png /offset_st_resize256/bj/t1/L81_00935_783983.tif /offset_st_resize256/bj/t2/L81_00935_783983.tif /flow_btv3_resize256/bj/t1VSt2/L81_00935_783983.tif
train,/imgs/sh/t1/L81_892847_780511.jpg /imgs/sh/t2/L81_892847_780511.jpg /labels_unch0ch1ig255/sh/t1VSt2/L81_892847_780511.png /building_labels/sh/t1/L81_892847_780511.png /building_labels/sh/t2/L81_892847_780511.png /offset_st_resize256/sh/t1/L81_892847_780511.tif /offset_st_resize256/sh/t2/L81_892847_780511.tif /flow_btv3_resize256/sh/t1VSt2/L81_892847_780511.tif
train,/imgs/bj/t1/L81_00863_784167.jpg /imgs/bj/t3/L81_00863_784167.jpg /labels_unch0ch1ig255/bj/t1VSt3/L81_00863_784167.png /building_labels/bj/t1/L81_00863_784167.png /building_labels/bj/t3/L81_00863_784167.png /offset_st_resize256/bj/t1/L81_00863_784167.tif /offset_st_resize256/bj/t3/L81_00863_784167.tif /flow_btv3_resize256/bj/t1VSt3/L81_00863_784167.tif
train,/imgs/bj/t1/L81_00647_784191.jpg /imgs/bj/t2/L81_00647_784191.jpg /labels_unch0ch1ig255/bj/t1VSt2/L81_00647_784191.png /building_labels/bj/t1/L81_00647_784191.png /building_labels/bj/t2/L81_00647_784191.png /offset_st_resize256/bj/t1/L81_00647_784191.tif /offset_st_resize256/bj/t2/L81_00647_784191.tif /flow_btv3_resize256/bj/t1VSt2/L81_00647_784191.tif
train,/imgs/sh/t1/L81_892919_780431.jpg /imgs/sh/t2/L81_892919_780431.jpg /labels_unch0ch1ig255/sh/t1VSt2/L81_892919_780431.png /building_labels/sh/t1/L81_892919_780431.png /building_labels/sh/t2/L81_892919_780431.png /offset_st_resize256/sh/t1/L81_892919_780431.tif /offset_st_resize256/sh/t2/L81_892919_780431.tif /flow_btv3_resize256/sh/t1VSt2/L81_892919_780431.tif
train,/imgs/bj/t1/L81_00663_783999.jpg /imgs/bj/t2/L81_00663_783999.jpg /labels_unch0ch1ig255/bj/t1VSt2/L81_00663_783999.png /building_labels/bj/t1/L81_00663_783999.png /building_labels/bj/t2/L81_00663_783999.png /offset_st_resize256/bj/t1/L81_00663_783999.tif /offset_st_resize256/bj/t2/L81_00663_783999.tif /flow_btv3_resize256/bj/t1VSt2/L81_00663_783999.tif
test,/imgs/bj/t1/L81_00839_784255.jpg /imgs/bj/t3/L81_00839_784255.jpg /labels_unch0ch1ig255/bj/t1VSt3/L81_00839_784255.png /building_labels/bj/t1/L81_00839_784255.png /building_labels/bj/t3/L81_00839_784255.png
train,/imgs/bj/t2/L81_00655_783991.jpg /imgs/bj/t3/L81_00655_783991.jpg /labels_unch0ch1ig255/bj/t2VSt3/L81_00655_783991.png /building_labels/bj/t2/L81_00655_783991.png /building_labels/bj/t3/L81_00655_783991.png /offset_st_resize256/bj/t2/L81_00655_783991.tif /offset_st_resize256/bj/t3/L81_00655_783991.tif /flow_btv3_resize256/bj/t2VSt3/L81_00655_783991.tif
train,/imgs/sh/t1/L81_892815_780519.jpg /imgs/sh/t3/L81_892815_780519.jpg /labels_unch0ch1ig255/sh/t1VSt3/L81_892815_780519.png /building_labels/sh/t1/L81_892815_780519.png /building_labels/sh/t3/L81_892815_780519.png /offset_st_resize256/sh/t1/L81_892815_780519.tif /offset_st_resize256/sh/t3/L81_892815_780519.tif /flow_btv3_resize256/sh/t1VSt3/L81_892815_780519.tif
test,/imgs/bj/t1/L81_00679_784151.jpg /imgs/bj/t3/L81_00679_784151.jpg /labels_unch0ch1ig255/bj/t1VSt3/L81_00679_784151.png /building_labels/bj/t1/L81_00679_784151.png /building_labels/bj/t3/L81_00679_784151.png
val,/imgs/bj/t2/L81_00895_783991.jpg /imgs/bj/t3/L81_00895_783991.jpg /labels/bj/t2VSt3/L81_00895_783991.png /building_labels/bj/t2/L81_00895_783991.png /building_labels/bj/t3/L81_00895_783991.png /offset_st_resize256/bj/t2/L81_00895_783991.tif /offset_st_resize256/bj/t3/L81_00895_783991.tif /flow_btv3_resize256/bj/t2VSt3/L81_00895_783991.tif
train,/imgs/sh/t1/L81_892879_780487.jpg /imgs/sh/t2/L81_892879_780487.jpg /labels_unch0ch1ig255/sh/t1VSt2/L81_892879_780487.png /building_labels/sh/t1/L81_892879_780487.png /building_labels/sh/t2/L81_892879_780487.png /offset_st_resize256/sh/t1/L81_892879_780487.tif /offset_st_resize256/sh/t2/L81_892879_780487.tif /flow_btv3_resize256/sh/t1VSt2/L81_892879_780487.tif
train,/imgs/bj/t1/L81_00935_784167.jpg /imgs/bj/t2/L81_00935_784167.jpg /labels_unch0ch1ig255/bj/t1VSt2/L81_00935_784167.png /building_labels/bj/t1/L81_00935_784167.png /building_labels/bj/t2/L81_00935_784167.png /offset_st_resize256/bj/t1/L81_00935_784167.tif /offset_st_resize256/bj/t2/L81_00935_784167.tif /flow_btv3_resize256/bj/t1VSt2/L81_00935_784167.tif
train,/imgs/bj/t1/L81_00647_784159.jpg /imgs/bj/t2/L81_00647_784159.jpg /labels_unch0ch1ig255/bj/t1VSt2/L81_00647_784159.png /building_labels/bj/t1/L81_00647_784159.png /building_labels/bj/t2/L81_00647_784159.png /offset_st_resize256/bj/t1/L81_00647_784159.tif /offset_st_resize256/bj/t2/L81_00647_784159.tif /flow_btv3_resize256/bj/t1VSt2/L81_00647_784159.tif
val,/imgs/bj/t2/L81_00671_784047.jpg /imgs/bj/t3/L81_00671_784047.jpg /labels/bj/t2VSt3/L81_00671_784047.png /building_labels/bj/t2/L81_00671_784047.png /building_labels/bj/t3/L81_00671_784047.png /offset_st_resize256/bj/t2/L81_00671_784047.tif /offset_st_resize256/bj/t3/L81_00671_784047.tif /flow_btv3_resize256/bj/t2VSt3/L81_00671_784047.tif
train,/imgs/sh/t1/L81_892903_780471.jpg /imgs/sh/t2/L81_892903_780471.jpg /labels_unch0ch1ig255/sh/t1VSt2/L81_892903_780471.png /building_labels/sh/t1/L81_892903_780471.png /building_labels/sh/t2/L81_892903_780471.png /offset_st_resize256/sh/t1/L81_892903_780471.tif /offset_st_resize256/sh/t2/L81_892903_780471.tif /flow_btv3_resize256/sh/t1VSt2/L81_892903_780471.tif
train,/imgs/sh/t2/L81_892855_780479.jpg /imgs/sh/t3/L81_892855_780479.jpg /labels_unch0ch1ig255/sh/t2VSt3/L81_892855_780479.png /building_labels/sh/t2/L81_892855_780479.png /building_labels/sh/t3/L81_892855_780479.png /offset_st_resize256/sh/t2/L81_892855_780479.tif /offset_st_resize256/sh/t3/L81_892855_780479.tif /flow_btv3_resize256/sh/t2VSt3/L81_892855_780479.tif
train,/imgs/bj/t1/L81_00647_784119.jpg /imgs/bj/t3/L81_00647_784119.jpg /labels_unch0ch1ig255/bj/t1VSt3/L81_00647_784119.png /building_labels/bj/t1/L81_00647_784119.png /building_labels/bj/t3/L81_00647_784119.png /offset_st_resize256/bj/t1/L81_00647_784119.tif /offset_st_resize256/bj/t3/L81_00647_784119.tif /flow_btv3_resize256/bj/t1VSt3/L81_00647_784119.tif
train,/imgs/bj/t1/L81_00647_784135.jpg /imgs/bj/t2/L81_00647_784135.jpg /labels_unch0ch1ig255/bj/t1VSt2/L81_00647_784135.png /building_labels/bj/t1/L81_00647_784135.png /building_labels/bj/t2/L81_00647_784135.png /offset_st_resize256/bj/t1/L81_00647_784135.tif /offset_st_resize256/bj/t2/L81_00647_784135.tif /flow_btv3_resize256/bj/t1VSt2/L81_00647_784135.tif
train,/imgs/bj/t1/L81_00855_784247.jpg /imgs/bj/t2/L81_00855_784247.jpg /labels_unch0ch1ig255/bj/t1VSt2/L81_00855_784247.png /building_labels/bj/t1/L81_00855_784247.png /building_labels/bj/t2/L81_00855_784247.png /offset_st_resize256/bj/t1/L81_00855_784247.tif /offset_st_resize256/bj/t2/L81_00855_784247.tif /flow_btv3_resize256/bj/t1VSt2/L81_00855_784247.tif
train,/imgs/bj/t1/L81_00847_784263.jpg /imgs/bj/t3/L81_00847_784263.jpg /labels_unch0ch1ig255/bj/t1VSt3/L81_00847_784263.png /building_labels/bj/t1/L81_00847_784263.png /building_labels/bj/t3/L81_00847_784263.png /offset_st_resize256/bj/t1/L81_00847_784263.tif /offset_st_resize256/bj/t3/L81_00847_784263.tif /flow_btv3_resize256/bj/t1VSt3/L81_00847_784263.tif
train,/imgs/sh/t1/L81_892871_780495.jpg /imgs/sh/t2/L81_892871_780495.jpg /labels_unch0ch1ig255/sh/t1VSt2/L81_892871_780495.png /building_labels/sh/t1/L81_892871_780495.png /building_labels/sh/t2/L81_892871_780495.png /offset_st_resize256/sh/t1/L81_892871_780495.tif /offset_st_resize256/sh/t2/L81_892871_780495.tif /flow_btv3_resize256/sh/t1VSt2/L81_892871_780495.tif
train,/imgs/sh/t1/L81_892815_780455.jpg /imgs/sh/t3/L81_892815_780455.jpg /labels_unch0ch1ig255/sh/t1VSt3/L81_892815_780455.png /building_labels/sh/t1/L81_892815_780455.png /building_labels/sh/t3/L81_892815_780455.png /offset_st_resize256/sh/t1/L81_892815_780455.tif /offset_st_resize256/sh/t3/L81_892815_780455.tif /flow_btv3_resize256/sh/t1VSt3/L81_892815_780455.tif
train,/imgs/bj/t2/L81_00711_784167.jpg /imgs/bj/t3/L81_00711_784167.jpg /labels_unch0ch1ig255/bj/t2VSt3/L81_00711_784167.png /building_labels/bj/t2/L81_00711_784167.png /building_labels/bj/t3/L81_00711_784167.png /offset_st_resize256/bj/t2/L81_00711_784167.tif /offset_st_resize256/bj/t3/L81_00711_784167.tif /flow_btv3_resize256/bj/t2VSt3/L81_00711_784167.tif
test,/imgs/bj/t2/L81_00647_784295.jpg /imgs/bj/t3/L81_00647_784295.jpg /labels_unch0ch1ig255/bj/t2VSt3/L81_00647_784295.png /building_labels/bj/t2/L81_00647_784295.png /building_labels/bj/t3/L81_00647_784295.png
train,/imgs/sh/t2/L81_892871_780527.jpg /imgs/sh/t3/L81_892871_780527.jpg /labels_unch0ch1ig255/sh/t2VSt3/L81_892871_780527.png /building_labels/sh/t2/L81_892871_780527.png /building_labels/sh/t3/L81_892871_780527.png /offset_st_resize256/sh/t2/L81_892871_780527.tif /offset_st_resize256/sh/t3/L81_892871_780527.tif /flow_btv3_resize256/sh/t2VSt3/L81_892871_780527.tif
test,/imgs/bj/t2/L81_00711_784151.jpg /imgs/bj/t3/L81_00711_784151.jpg /labels_unch0ch1ig255/bj/t2VSt3/L81_00711_784151.png /building_labels/bj/t2/L81_00711_784151.png /building_labels/bj/t3/L81_00711_784151.png
val,/imgs/bj/t1/L81_00671_784159.jpg /imgs/bj/t2/L81_00671_784159.jpg /labels/bj/t1VSt2/L81_00671_784159.png /building_labels/bj/t1/L81_00671_784159.png /building_labels/bj/t2/L81_00671_784159.png /offset_st_resize256/bj/t1/L81_00671_784159.tif /offset_st_resize256/bj/t2/L81_00671_784159.tif /flow_btv3_resize256/bj/t1VSt2/L81_00671_784159.tif
train,/imgs/sh/t2/L81_892863_780519.jpg /imgs/sh/t3/L81_892863_780519.jpg /labels_unch0ch1ig255/sh/t2VSt3/L81_892863_780519.png /building_labels/sh/t2/L81_892863_780519.png /building_labels/sh/t3/L81_892863_780519.png /offset_st_resize256/sh/t2/L81_892863_780519.tif /offset_st_resize256/sh/t3/L81_892863_780519.tif /flow_btv3_resize256/sh/t2VSt3/L81_892863_780519.tif
val,/imgs/sh/t1/L81_892927_780503.jpg /imgs/sh/t2/L81_892927_780503.jpg /labels/sh/t1VSt2/L81_892927_780503.png /building_labels/sh/t1/L81_892927_780503.png /building_labels/sh/t2/L81_892927_780503.png /offset_st_resize256/sh/t1/L81_892927_780503.tif /offset_st_resize256/sh/t2/L81_892927_780503.tif /flow_btv3_resize256/sh/t1VSt2/L81_892927_780503.tif
train,/imgs/bj/t1/L81_00847_784207.jpg /imgs/bj/t3/L81_00847_784207.jpg /labels_unch0ch1ig255/bj/t1VSt3/L81_00847_784207.png /building_labels/bj/t1/L81_00847_784207.png /building_labels/bj/t3/L81_00847_784207.png /offset_st_resize256/bj/t1/L81_00847_784207.tif /offset_st_resize256/bj/t3/L81_00847_784207.tif /flow_btv3_resize256/bj/t1VSt3/L81_00847_784207.tif
train,/imgs/bj/t1/L81_00927_784159.jpg /imgs/bj/t2/L81_00927_784159.jpg /labels_unch0ch1ig255/bj/t1VSt2/L81_00927_784159.png /building_labels/bj/t1/L81_00927_784159.png /building_labels/bj/t2/L81_00927_784159.png /offset_st_resize256/bj/t1/L81_00927_784159.tif /offset_st_resize256/bj/t2/L81_00927_784159.tif /flow_btv3_resize256/bj/t1VSt2/L81_00927_784159.tif
train,/imgs/bj/t2/L81_00655_784119.jpg /imgs/bj/t3/L81_00655_784119.jpg /labels_unch0ch1ig255/bj/t2VSt3/L81_00655_784119.png /building_labels/bj/t2/L81_00655_784119.png /building_labels/bj/t3/L81_00655_784119.png /offset_st_resize256/bj/t2/L81_00655_784119.tif /offset_st_resize256/bj/t3/L81_00655_784119.tif /flow_btv3_resize256/bj/t2VSt3/L81_00655_784119.tif
train,/imgs/bj/t2/L81_00639_784079.jpg /imgs/bj/t3/L81_00639_784079.jpg /labels_unch0ch1ig255/bj/t2VSt3/L81_00639_784079.png /building_labels/bj/t2/L81_00639_784079.png /building_labels/bj/t3/L81_00639_784079.png /offset_st_resize256/bj/t2/L81_00639_784079.tif /offset_st_resize256/bj/t3/L81_00639_784079.tif /flow_btv3_resize256/bj/t2VSt3/L81_00639_784079.tif
test,/imgs/sh/t1/L81_892871_780431.jpg /imgs/sh/t2/L81_892871_780431.jpg /labels_unch0ch1ig255/sh/t1VSt2/L81_892871_780431.png /building_labels/sh/t1/L81_892871_780431.png /building_labels/sh/t2/L81_892871_780431.png
train,/imgs/bj/t2/L81_00671_784247.jpg /imgs/bj/t3/L81_00671_784247.jpg /labels_unch0ch1ig255/bj/t2VSt3/L81_00671_784247.png /building_labels/bj/t2/L81_00671_784247.png /building_labels/bj/t3/L81_00671_784247.png /offset_st_resize256/bj/t2/L81_00671_784247.tif /offset_st_resize256/bj/t3/L81_00671_784247.tif /flow_btv3_resize256/bj/t2VSt3/L81_00671_784247.tif
train,/imgs/bj/t1/L81_00831_784279.jpg /imgs/bj/t3/L81_00831_784279.jpg /labels_unch0ch1ig255/bj/t1VSt3/L81_00831_784279.png /building_labels/bj/t1/L81_00831_784279.png /building_labels/bj/t3/L81_00831_784279.png /offset_st_resize256/bj/t1/L81_00831_784279.tif /offset_st_resize256/bj/t3/L81_00831_784279.tif /flow_btv3_resize256/bj/t1VSt3/L81_00831_784279.tif
train,/imgs/bj/t1/L81_00935_784159.jpg /imgs/bj/t2/L81_00935_784159.jpg /labels_unch0ch1ig255/bj/t1VSt2/L81_00935_784159.png /building_labels/bj/t1/L81_00935_784159.png /building_labels/bj/t2/L81_00935_784159.png /offset_st_resize256/bj/t1/L81_00935_784159.tif /offset_st_resize256/bj/t2/L81_00935_784159.tif /flow_btv3_resize256/bj/t1VSt2/L81_00935_784159.tif
train,/imgs/bj/t1/L81_00671_784255.jpg /imgs/bj/t2/L81_00671_784255.jpg /labels_unch0ch1ig255/bj/t1VSt2/L81_00671_784255.png /building_labels/bj/t1/L81_00671_784255.png /building_labels/bj/t2/L81_00671_784255.png /offset_st_resize256/bj/t1/L81_00671_784255.tif /offset_st_resize256/bj/t2/L81_00671_784255.tif /flow_btv3_resize256/bj/t1VSt2/L81_00671_784255.tif
train,/imgs/sh/t1/L81_892815_780503.jpg /imgs/sh/t2/L81_892815_780503.jpg /labels_unch0ch1ig255/sh/t1VSt2/L81_892815_780503.png /building_labels/sh/t1/L81_892815_780503.png /building_labels/sh/t2/L81_892815_780503.png /offset_st_resize256/sh/t1/L81_892815_780503.tif /offset_st_resize256/sh/t2/L81_892815_780503.tif /flow_btv3_resize256/sh/t1VSt2/L81_892815_780503.tif
train,/imgs/bj/t2/L81_00663_784111.jpg /imgs/bj/t3/L81_00663_784111.jpg /labels_unch0ch1ig255/bj/t2VSt3/L81_00663_784111.png /building_labels/bj/t2/L81_00663_784111.png /building_labels/bj/t3/L81_00663_784111.png /offset_st_resize256/bj/t2/L81_00663_784111.tif /offset_st_resize256/bj/t3/L81_00663_784111.tif /flow_btv3_resize256/bj/t2VSt3/L81_00663_784111.tif
test,/imgs/sh/t2/L81_892903_780479.jpg /imgs/sh/t3/L81_892903_780479.jpg /labels_unch0ch1ig255/sh/t2VSt3/L81_892903_780479.png /building_labels/sh/t2/L81_892903_780479.png /building_labels/sh/t3/L81_892903_780479.png
train,/imgs/bj/t1/L81_00647_784231.jpg /imgs/bj/t2/L81_00647_784231.jpg /labels_unch0ch1ig255/bj/t1VSt2/L81_00647_784231.png /building_labels/bj/t1/L81_00647_784231.png /building_labels/bj/t2/L81_00647_784231.png /offset_st_resize256/bj/t1/L81_00647_784231.tif /offset_st_resize256/bj/t2/L81_00647_784231.tif /flow_btv3_resize256/bj/t1VSt2/L81_00647_784231.tif
train,/imgs/sh/t1/L81_892863_780455.jpg /imgs/sh/t2/L81_892863_780455.jpg /labels_unch0ch1ig255/sh/t1VSt2/L81_892863_780455.png /building_labels/sh/t1/L81_892863_780455.png /building_labels/sh/t2/L81_892863_780455.png /offset_st_resize256/sh/t1/L81_892863_780455.tif /offset_st_resize256/sh/t2/L81_892863_780455.tif /flow_btv3_resize256/sh/t1VSt2/L81_892863_780455.tif
train,/imgs/bj/t1/L81_00671_784287.jpg /imgs/bj/t2/L81_00671_784287.jpg /labels_unch0ch1ig255/bj/t1VSt2/L81_00671_784287.png /building_labels/bj/t1/L81_00671_784287.png /building_labels/bj/t2/L81_00671_784287.png /offset_st_resize256/bj/t1/L81_00671_784287.tif /offset_st_resize256/bj/t2/L81_00671_784287.tif /flow_btv3_resize256/bj/t1VSt2/L81_00671_784287.tif
train,/imgs/bj/t1/L81_00863_784007.jpg /imgs/bj/t3/L81_00863_784007.jpg /labels_unch0ch1ig255/bj/t1VSt3/L81_00863_784007.png /building_labels/bj/t1/L81_00863_784007.png /building_labels/bj/t3/L81_00863_784007.png /offset_st_resize256/bj/t1/L81_00863_784007.tif /offset_st_resize256/bj/t3/L81_00863_784007.tif /flow_btv3_resize256/bj/t1VSt3/L81_00863_784007.tif
train,/imgs/sh/t1/L81_892831_780495.jpg /imgs/sh/t3/L81_892831_780495.jpg /labels_unch0ch1ig255/sh/t1VSt3/L81_892831_780495.png /building_labels/sh/t1/L81_892831_780495.png /building_labels/sh/t3/L81_892831_780495.png /offset_st_resize256/sh/t1/L81_892831_780495.tif /offset_st_resize256/sh/t3/L81_892831_780495.tif /flow_btv3_resize256/sh/t1VSt3/L81_892831_780495.tif
val,/imgs/bj/t1/L81_00663_784071.jpg /imgs/bj/t3/L81_00663_784071.jpg /labels/bj/t1VSt3/L81_00663_784071.png /building_labels/bj/t1/L81_00663_784071.png /building_labels/bj/t3/L81_00663_784071.png /offset_st_resize256/bj/t1/L81_00663_784071.tif /offset_st_resize256/bj/t3/L81_00663_784071.tif /flow_btv3_resize256/bj/t1VSt3/L81_00663_784071.tif
train,/imgs/sh/t2/L81_892783_780527.jpg /imgs/sh/t3/L81_892783_780527.jpg /labels_unch0ch1ig255/sh/t2VSt3/L81_892783_780527.png /building_labels/sh/t2/L81_892783_780527.png /building_labels/sh/t3/L81_892783_780527.png /offset_st_resize256/sh/t2/L81_892783_780527.tif /offset_st_resize256/sh/t3/L81_892783_780527.tif /flow_btv3_resize256/sh/t2VSt3/L81_892783_780527.tif
train,/imgs/bj/t2/L81_00671_784255.jpg /imgs/bj/t3/L81_00671_784255.jpg /labels_unch0ch1ig255/bj/t2VSt3/L81_00671_784255.png /building_labels/bj/t2/L81_00671_784255.png /building_labels/bj/t3/L81_00671_784255.png /offset_st_resize256/bj/t2/L81_00671_784255.tif /offset_st_resize256/bj/t3/L81_00671_784255.tif /flow_btv3_resize256/bj/t2VSt3/L81_00671_784255.tif
train,/imgs/bj/t2/L81_00671_784055.jpg /imgs/bj/t3/L81_00671_784055.jpg /labels_unch0ch1ig255/bj/t2VSt3/L81_00671_784055.png /building_labels/bj/t2/L81_00671_784055.png /building_labels/bj/t3/L81_00671_784055.png /offset_st_resize256/bj/t2/L81_00671_784055.tif /offset_st_resize256/bj/t3/L81_00671_784055.tif /flow_btv3_resize256/bj/t2VSt3/L81_00671_784055.tif
train,/imgs/bj/t2/L81_00839_784199.jpg /imgs/bj/t3/L81_00839_784199.jpg /labels_unch0ch1ig255/bj/t2VSt3/L81_00839_784199.png /building_labels/bj/t2/L81_00839_784199.png /building_labels/bj/t3/L81_00839_784199.png /offset_st_resize256/bj/t2/L81_00839_784199.tif /offset_st_resize256/bj/t3/L81_00839_784199.tif /flow_btv3_resize256/bj/t2VSt3/L81_00839_784199.tif
train,/imgs/bj/t2/L81_00679_784223.jpg /imgs/bj/t3/L81_00679_784223.jpg /labels_unch0ch1ig255/bj/t2VSt3/L81_00679_784223.png /building_labels/bj/t2/L81_00679_784223.png /building_labels/bj/t3/L81_00679_784223.png /offset_st_resize256/bj/t2/L81_00679_784223.tif /offset_st_resize256/bj/t3/L81_00679_784223.tif /flow_btv3_resize256/bj/t2VSt3/L81_00679_784223.tif
train,/imgs/sh/t1/L81_892871_780471.jpg /imgs/sh/t3/L81_892871_780471.jpg /labels_unch0ch1ig255/sh/t1VSt3/L81_892871_780471.png /building_labels/sh/t1/L81_892871_780471.png /building_labels/sh/t3/L81_892871_780471.png /offset_st_resize256/sh/t1/L81_892871_780471.tif /offset_st_resize256/sh/t3/L81_892871_780471.tif /flow_btv3_resize256/sh/t1VSt3/L81_892871_780471.tif
train,/imgs/bj/t2/L81_00663_784295.jpg /imgs/bj/t3/L81_00663_784295.jpg /labels_unch0ch1ig255/bj/t2VSt3/L81_00663_784295.png /building_labels/bj/t2/L81_00663_784295.png /building_labels/bj/t3/L81_00663_784295.png /offset_st_resize256/bj/t2/L81_00663_784295.tif /offset_st_resize256/bj/t3/L81_00663_784295.tif /flow_btv3_resize256/bj/t2VSt3/L81_00663_784295.tif
train,/imgs/sh/t1/L81_892919_780479.jpg /imgs/sh/t2/L81_892919_780479.jpg /labels_unch0ch1ig255/sh/t1VSt2/L81_892919_780479.png /building_labels/sh/t1/L81_892919_780479.png /building_labels/sh/t2/L81_892919_780479.png /offset_st_resize256/sh/t1/L81_892919_780479.tif /offset_st_resize256/sh/t2/L81_892919_780479.tif /flow_btv3_resize256/sh/t1VSt2/L81_892919_780479.tif
train,/imgs/sh/t1/L81_892911_780487.jpg /imgs/sh/t3/L81_892911_780487.jpg /labels_unch0ch1ig255/sh/t1VSt3/L81_892911_780487.png /building_labels/sh/t1/L81_892911_780487.png /building_labels/sh/t3/L81_892911_780487.png /offset_st_resize256/sh/t1/L81_892911_780487.tif /offset_st_resize256/sh/t3/L81_892911_780487.tif /flow_btv3_resize256/sh/t1VSt3/L81_892911_780487.tif
val,/imgs/sh/t2/L81_892871_780519.jpg /imgs/sh/t3/L81_892871_780519.jpg /labels/sh/t2VSt3/L81_892871_780519.png /building_labels/sh/t2/L81_892871_780519.png /building_labels/sh/t3/L81_892871_780519.png /offset_st_resize256/sh/t2/L81_892871_780519.tif /offset_st_resize256/sh/t3/L81_892871_780519.tif /flow_btv3_resize256/sh/t2VSt3/L81_892871_780519.tif
val,/imgs/bj/t1/L81_00647_784199.jpg /imgs/bj/t3/L81_00647_784199.jpg /labels/bj/t1VSt3/L81_00647_784199.png /building_labels/bj/t1/L81_00647_784199.png /building_labels/bj/t3/L81_00647_784199.png /offset_st_resize256/bj/t1/L81_00647_784199.tif /offset_st_resize256/bj/t3/L81_00647_784199.tif /flow_btv3_resize256/bj/t1VSt3/L81_00647_784199.tif
train,/imgs/bj/t1/L81_00831_784239.jpg /imgs/bj/t3/L81_00831_784239.jpg /labels_unch0ch1ig255/bj/t1VSt3/L81_00831_784239.png /building_labels/bj/t1/L81_00831_784239.png /building_labels/bj/t3/L81_00831_784239.png /offset_st_resize256/bj/t1/L81_00831_784239.tif /offset_st_resize256/bj/t3/L81_00831_784239.tif /flow_btv3_resize256/bj/t1VSt3/L81_00831_784239.tif
train,/imgs/sh/t1/L81_892863_780519.jpg /imgs/sh/t2/L81_892863_780519.jpg /labels_unch0ch1ig255/sh/t1VSt2/L81_892863_780519.png /building_labels/sh/t1/L81_892863_780519.png /building_labels/sh/t2/L81_892863_780519.png /offset_st_resize256/sh/t1/L81_892863_780519.tif /offset_st_resize256/sh/t2/L81_892863_780519.tif /flow_btv3_resize256/sh/t1VSt2/L81_892863_780519.tif
train,/imgs/bj/t1/L81_00639_784007.jpg /imgs/bj/t2/L81_00639_784007.jpg /labels_unch0ch1ig255/bj/t1VSt2/L81_00639_784007.png /building_labels/bj/t1/L81_00639_784007.png /building_labels/bj/t2/L81_00639_784007.png /offset_st_resize256/bj/t1/L81_00639_784007.tif /offset_st_resize256/bj/t2/L81_00639_784007.tif /flow_btv3_resize256/bj/t1VSt2/L81_00639_784007.tif
train,/imgs/bj/t1/L81_00839_784279.jpg /imgs/bj/t3/L81_00839_784279.jpg /labels_unch0ch1ig255/bj/t1VSt3/L81_00839_784279.png /building_labels/bj/t1/L81_00839_784279.png /building_labels/bj/t3/L81_00839_784279.png /offset_st_resize256/bj/t1/L81_00839_784279.tif /offset_st_resize256/bj/t3/L81_00839_784279.tif /flow_btv3_resize256/bj/t1VSt3/L81_00839_784279.tif
train,/imgs/sh/t1/L81_892791_780511.jpg /imgs/sh/t3/L81_892791_780511.jpg /labels_unch0ch1ig255/sh/t1VSt3/L81_892791_780511.png /building_labels/sh/t1/L81_892791_780511.png /building_labels/sh/t3/L81_892791_780511.png /offset_st_resize256/sh/t1/L81_892791_780511.tif /offset_st_resize256/sh/t3/L81_892791_780511.tif /flow_btv3_resize256/sh/t1VSt3/L81_892791_780511.tif
test,/imgs/bj/t1/L81_00679_784199.jpg /imgs/bj/t3/L81_00679_784199.jpg /labels_unch0ch1ig255/bj/t1VSt3/L81_00679_784199.png /building_labels/bj/t1/L81_00679_784199.png /building_labels/bj/t3/L81_00679_784199.png
val,/imgs/bj/t1/L81_00823_784167.jpg /imgs/bj/t2/L81_00823_784167.jpg /labels/bj/t1VSt2/L81_00823_784167.png /building_labels/bj/t1/L81_00823_784167.png /building_labels/bj/t2/L81_00823_784167.png /offset_st_resize256/bj/t1/L81_00823_784167.tif /offset_st_resize256/bj/t2/L81_00823_784167.tif /flow_btv3_resize256/bj/t1VSt2/L81_00823_784167.tif
train,/imgs/sh/t1/L81_892831_780439.jpg /imgs/sh/t3/L81_892831_780439.jpg /labels_unch0ch1ig255/sh/t1VSt3/L81_892831_780439.png /building_labels/sh/t1/L81_892831_780439.png /building_labels/sh/t3/L81_892831_780439.png /offset_st_resize256/sh/t1/L81_892831_780439.tif /offset_st_resize256/sh/t3/L81_892831_780439.tif /flow_btv3_resize256/sh/t1VSt3/L81_892831_780439.tif
train,/imgs/sh/t2/L81_892887_780463.jpg /imgs/sh/t3/L81_892887_780463.jpg /labels_unch0ch1ig255/sh/t2VSt3/L81_892887_780463.png /building_labels/sh/t2/L81_892887_780463.png /building_labels/sh/t3/L81_892887_780463.png /offset_st_resize256/sh/t2/L81_892887_780463.tif /offset_st_resize256/sh/t3/L81_892887_780463.tif /flow_btv3_resize256/sh/t2VSt3/L81_892887_780463.tif
train,/imgs/bj/t1/L81_00663_784287.jpg /imgs/bj/t3/L81_00663_784287.jpg /labels_unch0ch1ig255/bj/t1VSt3/L81_00663_784287.png /building_labels/bj/t1/L81_00663_784287.png /building_labels/bj/t3/L81_00663_784287.png /offset_st_resize256/bj/t1/L81_00663_784287.tif /offset_st_resize256/bj/t3/L81_00663_784287.tif /flow_btv3_resize256/bj/t1VSt3/L81_00663_784287.tif
train,/imgs/bj/t1/L81_00663_784247.jpg /imgs/bj/t3/L81_00663_784247.jpg /labels_unch0ch1ig255/bj/t1VSt3/L81_00663_784247.png /building_labels/bj/t1/L81_00663_784247.png /building_labels/bj/t3/L81_00663_784247.png /offset_st_resize256/bj/t1/L81_00663_784247.tif /offset_st_resize256/bj/t3/L81_00663_784247.tif /flow_btv3_resize256/bj/t1VSt3/L81_00663_784247.tif
train,/imgs/bj/t1/L81_00679_784247.jpg /imgs/bj/t3/L81_00679_784247.jpg /labels_unch0ch1ig255/bj/t1VSt3/L81_00679_784247.png /building_labels/bj/t1/L81_00679_784247.png /building_labels/bj/t3/L81_00679_784247.png /offset_st_resize256/bj/t1/L81_00679_784247.tif /offset_st_resize256/bj/t3/L81_00679_784247.tif /flow_btv3_resize256/bj/t1VSt3/L81_00679_784247.tif
val,/imgs/bj/t1/L81_00831_784071.jpg /imgs/bj/t2/L81_00831_784071.jpg /labels/bj/t1VSt2/L81_00831_784071.png /building_labels/bj/t1/L81_00831_784071.png /building_labels/bj/t2/L81_00831_784071.png /offset_st_resize256/bj/t1/L81_00831_784071.tif /offset_st_resize256/bj/t2/L81_00831_784071.tif /flow_btv3_resize256/bj/t1VSt2/L81_00831_784071.tif
test,/imgs/bj/t1/L81_00647_784295.jpg /imgs/bj/t2/L81_00647_784295.jpg /labels_unch0ch1ig255/bj/t1VSt2/L81_00647_784295.png /building_labels/bj/t1/L81_00647_784295.png /building_labels/bj/t2/L81_00647_784295.png
train,/imgs/bj/t1/L81_00671_783967.jpg /imgs/bj/t3/L81_00671_783967.jpg /labels_unch0ch1ig255/bj/t1VSt3/L81_00671_783967.png /building_labels/bj/t1/L81_00671_783967.png /building_labels/bj/t3/L81_00671_783967.png /offset_st_resize256/bj/t1/L81_00671_783967.tif /offset_st_resize256/bj/t3/L81_00671_783967.tif /flow_btv3_resize256/bj/t1VSt3/L81_00671_783967.tif
train,/imgs/bj/t1/L81_01111_783975.jpg /imgs/bj/t2/L81_01111_783975.jpg /labels_unch0ch1ig255/bj/t1VSt2/L81_01111_783975.png /building_labels/bj/t1/L81_01111_783975.png /building_labels/bj/t2/L81_01111_783975.png /offset_st_resize256/bj/t1/L81_01111_783975.tif /offset_st_resize256/bj/t2/L81_01111_783975.tif /flow_btv3_resize256/bj/t1VSt2/L81_01111_783975.tif
train,/imgs/bj/t2/L81_00663_784239.jpg /imgs/bj/t3/L81_00663_784239.jpg /labels_unch0ch1ig255/bj/t2VSt3/L81_00663_784239.png /building_labels/bj/t2/L81_00663_784239.png /building_labels/bj/t3/L81_00663_784239.png /offset_st_resize256/bj/t2/L81_00663_784239.tif /offset_st_resize256/bj/t3/L81_00663_784239.tif /flow_btv3_resize256/bj/t2VSt3/L81_00663_784239.tif
train,/imgs/bj/t1/L81_00647_784271.jpg /imgs/bj/t3/L81_00647_784271.jpg /labels_unch0ch1ig255/bj/t1VSt3/L81_00647_784271.png /building_labels/bj/t1/L81_00647_784271.png /building_labels/bj/t3/L81_00647_784271.png /offset_st_resize256/bj/t1/L81_00647_784271.tif /offset_st_resize256/bj/t3/L81_00647_784271.tif /flow_btv3_resize256/bj/t1VSt3/L81_00647_784271.tif
train,/imgs/bj/t1/L81_00639_783983.jpg /imgs/bj/t2/L81_00639_783983.jpg /labels_unch0ch1ig255/bj/t1VSt2/L81_00639_783983.png /building_labels/bj/t1/L81_00639_783983.png /building_labels/bj/t2/L81_00639_783983.png /offset_st_resize256/bj/t1/L81_00639_783983.tif /offset_st_resize256/bj/t2/L81_00639_783983.tif /flow_btv3_resize256/bj/t1VSt2/L81_00639_783983.tif
train,/imgs/bj/t2/L81_01111_783975.jpg /imgs/bj/t3/L81_01111_783975.jpg /labels_unch0ch1ig255/bj/t2VSt3/L81_01111_783975.png /building_labels/bj/t2/L81_01111_783975.png /building_labels/bj/t3/L81_01111_783975.png /offset_st_resize256/bj/t2/L81_01111_783975.tif /offset_st_resize256/bj/t3/L81_01111_783975.tif /flow_btv3_resize256/bj/t2VSt3/L81_01111_783975.tif
train,/imgs/bj/t1/L81_00663_784239.jpg /imgs/bj/t2/L81_00663_784239.jpg /labels_unch0ch1ig255/bj/t1VSt2/L81_00663_784239.png /building_labels/bj/t1/L81_00663_784239.png /building_labels/bj/t2/L81_00663_784239.png /offset_st_resize256/bj/t1/L81_00663_784239.tif /offset_st_resize256/bj/t2/L81_00663_784239.tif /flow_btv3_resize256/bj/t1VSt2/L81_00663_784239.tif
train,/imgs/bj/t1/L81_00671_784111.jpg /imgs/bj/t2/L81_00671_784111.jpg /labels_unch0ch1ig255/bj/t1VSt2/L81_00671_784111.png /building_labels/bj/t1/L81_00671_784111.png /building_labels/bj/t2/L81_00671_784111.png /offset_st_resize256/bj/t1/L81_00671_784111.tif /offset_st_resize256/bj/t2/L81_00671_784111.tif /flow_btv3_resize256/bj/t1VSt2/L81_00671_784111.tif
train,/imgs/bj/t2/L81_00687_783975.jpg /imgs/bj/t3/L81_00687_783975.jpg /labels_unch0ch1ig255/bj/t2VSt3/L81_00687_783975.png /building_labels/bj/t2/L81_00687_783975.png /building_labels/bj/t3/L81_00687_783975.png /offset_st_resize256/bj/t2/L81_00687_783975.tif /offset_st_resize256/bj/t3/L81_00687_783975.tif /flow_btv3_resize256/bj/t2VSt3/L81_00687_783975.tif
val,/imgs/bj/t2/L81_00671_784167.jpg /imgs/bj/t3/L81_00671_784167.jpg /labels/bj/t2VSt3/L81_00671_784167.png /building_labels/bj/t2/L81_00671_784167.png /building_labels/bj/t3/L81_00671_784167.png /offset_st_resize256/bj/t2/L81_00671_784167.tif /offset_st_resize256/bj/t3/L81_00671_784167.tif /flow_btv3_resize256/bj/t2VSt3/L81_00671_784167.tif
train,/imgs/bj/t1/L81_00647_784239.jpg /imgs/bj/t3/L81_00647_784239.jpg /labels_unch0ch1ig255/bj/t1VSt3/L81_00647_784239.png /building_labels/bj/t1/L81_00647_784239.png /building_labels/bj/t3/L81_00647_784239.png /offset_st_resize256/bj/t1/L81_00647_784239.tif /offset_st_resize256/bj/t3/L81_00647_784239.tif /flow_btv3_resize256/bj/t1VSt3/L81_00647_784239.tif
train,/imgs/sh/t1/L81_892855_780455.jpg /imgs/sh/t2/L81_892855_780455.jpg /labels_unch0ch1ig255/sh/t1VSt2/L81_892855_780455.png /building_labels/sh/t1/L81_892855_780455.png /building_labels/sh/t2/L81_892855_780455.png /offset_st_resize256/sh/t1/L81_892855_780455.tif /offset_st_resize256/sh/t2/L81_892855_780455.tif /flow_btv3_resize256/sh/t1VSt2/L81_892855_780455.tif
val,/imgs/bj/t1/L81_00647_784063.jpg /imgs/bj/t2/L81_00647_784063.jpg /labels/bj/t1VSt2/L81_00647_784063.png /building_labels/bj/t1/L81_00647_784063.png /building_labels/bj/t2/L81_00647_784063.png /offset_st_resize256/bj/t1/L81_00647_784063.tif /offset_st_resize256/bj/t2/L81_00647_784063.tif /flow_btv3_resize256/bj/t1VSt2/L81_00647_784063.tif
train,/imgs/bj/t2/L81_00823_784343.jpg /imgs/bj/t3/L81_00823_784343.jpg /labels_unch0ch1ig255/bj/t2VSt3/L81_00823_784343.png /building_labels/bj/t2/L81_00823_784343.png /building_labels/bj/t3/L81_00823_784343.png /offset_st_resize256/bj/t2/L81_00823_784343.tif /offset_st_resize256/bj/t3/L81_00823_784343.tif /flow_btv3_resize256/bj/t2VSt3/L81_00823_784343.tif
train,/imgs/bj/t1/L81_00671_784071.jpg /imgs/bj/t2/L81_00671_784071.jpg /labels_unch0ch1ig255/bj/t1VSt2/L81_00671_784071.png /building_labels/bj/t1/L81_00671_784071.png /building_labels/bj/t2/L81_00671_784071.png /offset_st_resize256/bj/t1/L81_00671_784071.tif /offset_st_resize256/bj/t2/L81_00671_784071.tif /flow_btv3_resize256/bj/t1VSt2/L81_00671_784071.tif
train,/imgs/bj/t1/L81_00679_784271.jpg /imgs/bj/t3/L81_00679_784271.jpg /labels_unch0ch1ig255/bj/t1VSt3/L81_00679_784271.png /building_labels/bj/t1/L81_00679_784271.png /building_labels/bj/t3/L81_00679_784271.png /offset_st_resize256/bj/t1/L81_00679_784271.tif /offset_st_resize256/bj/t3/L81_00679_784271.tif /flow_btv3_resize256/bj/t1VSt3/L81_00679_784271.tif
train,/imgs/bj/t1/L81_00647_784311.jpg /imgs/bj/t2/L81_00647_784311.jpg /labels_unch0ch1ig255/bj/t1VSt2/L81_00647_784311.png /building_labels/bj/t1/L81_00647_784311.png /building_labels/bj/t2/L81_00647_784311.png /offset_st_resize256/bj/t1/L81_00647_784311.tif /offset_st_resize256/bj/t2/L81_00647_784311.tif /flow_btv3_resize256/bj/t1VSt2/L81_00647_784311.tif
train,/imgs/bj/t1/L81_00879_784007.jpg /imgs/bj/t2/L81_00879_784007.jpg /labels_unch0ch1ig255/bj/t1VSt2/L81_00879_784007.png /building_labels/bj/t1/L81_00879_784007.png /building_labels/bj/t2/L81_00879_784007.png /offset_st_resize256/bj/t1/L81_00879_784007.tif /offset_st_resize256/bj/t2/L81_00879_784007.tif /flow_btv3_resize256/bj/t1VSt2/L81_00879_784007.tif
train,/imgs/bj/t1/L81_00647_784143.jpg /imgs/bj/t2/L81_00647_784143.jpg /labels_unch0ch1ig255/bj/t1VSt2/L81_00647_784143.png /building_labels/bj/t1/L81_00647_784143.png /building_labels/bj/t2/L81_00647_784143.png /offset_st_resize256/bj/t1/L81_00647_784143.tif /offset_st_resize256/bj/t2/L81_00647_784143.tif /flow_btv3_resize256/bj/t1VSt2/L81_00647_784143.tif
train,/imgs/bj/t2/L81_00639_784087.jpg /imgs/bj/t3/L81_00639_784087.jpg /labels_unch0ch1ig255/bj/t2VSt3/L81_00639_784087.png /building_labels/bj/t2/L81_00639_784087.png /building_labels/bj/t3/L81_00639_784087.png /offset_st_resize256/bj/t2/L81_00639_784087.tif /offset_st_resize256/bj/t3/L81_00639_784087.tif /flow_btv3_resize256/bj/t2VSt3/L81_00639_784087.tif
train,/imgs/bj/t2/L81_00671_784335.jpg /imgs/bj/t3/L81_00671_784335.jpg /labels_unch0ch1ig255/bj/t2VSt3/L81_00671_784335.png /building_labels/bj/t2/L81_00671_784335.png /building_labels/bj/t3/L81_00671_784335.png /offset_st_resize256/bj/t2/L81_00671_784335.tif /offset_st_resize256/bj/t3/L81_00671_784335.tif /flow_btv3_resize256/bj/t2VSt3/L81_00671_784335.tif
train,/imgs/bj/t1/L81_00831_784175.jpg /imgs/bj/t2/L81_00831_784175.jpg /labels_unch0ch1ig255/bj/t1VSt2/L81_00831_784175.png /building_labels/bj/t1/L81_00831_784175.png /building_labels/bj/t2/L81_00831_784175.png /offset_st_resize256/bj/t1/L81_00831_784175.tif /offset_st_resize256/bj/t2/L81_00831_784175.tif /flow_btv3_resize256/bj/t1VSt2/L81_00831_784175.tif
train,/imgs/bj/t1/L81_00815_784191.jpg /imgs/bj/t3/L81_00815_784191.jpg /labels_unch0ch1ig255/bj/t1VSt3/L81_00815_784191.png /building_labels/bj/t1/L81_00815_784191.png /building_labels/bj/t3/L81_00815_784191.png /offset_st_resize256/bj/t1/L81_00815_784191.tif /offset_st_resize256/bj/t3/L81_00815_784191.tif /flow_btv3_resize256/bj/t1VSt3/L81_00815_784191.tif
train,/imgs/sh/t1/L81_892879_780447.jpg /imgs/sh/t3/L81_892879_780447.jpg /labels_unch0ch1ig255/sh/t1VSt3/L81_892879_780447.png /building_labels/sh/t1/L81_892879_780447.png /building_labels/sh/t3/L81_892879_780447.png /offset_st_resize256/sh/t1/L81_892879_780447.tif /offset_st_resize256/sh/t3/L81_892879_780447.tif /flow_btv3_resize256/sh/t1VSt3/L81_892879_780447.tif
train,/imgs/sh/t1/L81_892863_780463.jpg /imgs/sh/t2/L81_892863_780463.jpg /labels_unch0ch1ig255/sh/t1VSt2/L81_892863_780463.png /building_labels/sh/t1/L81_892863_780463.png /building_labels/sh/t2/L81_892863_780463.png /offset_st_resize256/sh/t1/L81_892863_780463.tif /offset_st_resize256/sh/t2/L81_892863_780463.tif /flow_btv3_resize256/sh/t1VSt2/L81_892863_780463.tif
test,/imgs/bj/t1/L81_00823_784071.jpg /imgs/bj/t3/L81_00823_784071.jpg /labels_unch0ch1ig255/bj/t1VSt3/L81_00823_784071.png /building_labels/bj/t1/L81_00823_784071.png /building_labels/bj/t3/L81_00823_784071.png
train,/imgs/bj/t1/L81_00671_783983.jpg /imgs/bj/t2/L81_00671_783983.jpg /labels_unch0ch1ig255/bj/t1VSt2/L81_00671_783983.png /building_labels/bj/t1/L81_00671_783983.png /building_labels/bj/t2/L81_00671_783983.png /offset_st_resize256/bj/t1/L81_00671_783983.tif /offset_st_resize256/bj/t2/L81_00671_783983.tif /flow_btv3_resize256/bj/t1VSt2/L81_00671_783983.tif
train,/imgs/sh/t2/L81_892815_780455.jpg /imgs/sh/t3/L81_892815_780455.jpg /labels_unch0ch1ig255/sh/t2VSt3/L81_892815_780455.png /building_labels/sh/t2/L81_892815_780455.png /building_labels/sh/t3/L81_892815_780455.png /offset_st_resize256/sh/t2/L81_892815_780455.tif /offset_st_resize256/sh/t3/L81_892815_780455.tif /flow_btv3_resize256/sh/t2VSt3/L81_892815_780455.tif
train,/imgs/bj/t2/L81_00823_784207.jpg /imgs/bj/t3/L81_00823_784207.jpg /labels_unch0ch1ig255/bj/t2VSt3/L81_00823_784207.png /building_labels/bj/t2/L81_00823_784207.png /building_labels/bj/t3/L81_00823_784207.png /offset_st_resize256/bj/t2/L81_00823_784207.tif /offset_st_resize256/bj/t3/L81_00823_784207.tif /flow_btv3_resize256/bj/t2VSt3/L81_00823_784207.tif
test,/imgs/bj/t1/L81_00687_784271.jpg /imgs/bj/t2/L81_00687_784271.jpg /labels_unch0ch1ig255/bj/t1VSt2/L81_00687_784271.png /building_labels/bj/t1/L81_00687_784271.png /building_labels/bj/t2/L81_00687_784271.png
val,/imgs/sh/t2/L81_892903_780431.jpg /imgs/sh/t3/L81_892903_780431.jpg /labels/sh/t2VSt3/L81_892903_780431.png /building_labels/sh/t2/L81_892903_780431.png /building_labels/sh/t3/L81_892903_780431.png /offset_st_resize256/sh/t2/L81_892903_780431.tif /offset_st_resize256/sh/t3/L81_892903_780431.tif /flow_btv3_resize256/sh/t2VSt3/L81_892903_780431.tif
train,/imgs/bj/t2/L81_00655_784287.jpg /imgs/bj/t3/L81_00655_784287.jpg /labels_unch0ch1ig255/bj/t2VSt3/L81_00655_784287.png /building_labels/bj/t2/L81_00655_784287.png /building_labels/bj/t3/L81_00655_784287.png /offset_st_resize256/bj/t2/L81_00655_784287.tif /offset_st_resize256/bj/t3/L81_00655_784287.tif /flow_btv3_resize256/bj/t2VSt3/L81_00655_784287.tif
train,/imgs/sh/t2/L81_892823_780511.jpg /imgs/sh/t3/L81_892823_780511.jpg /labels_unch0ch1ig255/sh/t2VSt3/L81_892823_780511.png /building_labels/sh/t2/L81_892823_780511.png /building_labels/sh/t3/L81_892823_780511.png /offset_st_resize256/sh/t2/L81_892823_780511.tif /offset_st_resize256/sh/t3/L81_892823_780511.tif /flow_btv3_resize256/sh/t2VSt3/L81_892823_780511.tif
train,/imgs/bj/t1/L81_00823_784263.jpg /imgs/bj/t2/L81_00823_784263.jpg /labels_unch0ch1ig255/bj/t1VSt2/L81_00823_784263.png /building_labels/bj/t1/L81_00823_784263.png /building_labels/bj/t2/L81_00823_784263.png /offset_st_resize256/bj/t1/L81_00823_784263.tif /offset_st_resize256/bj/t2/L81_00823_784263.tif /flow_btv3_resize256/bj/t1VSt2/L81_00823_784263.tif
train,/imgs/bj/t1/L81_00687_784247.jpg /imgs/bj/t3/L81_00687_784247.jpg /labels_unch0ch1ig255/bj/t1VSt3/L81_00687_784247.png /building_labels/bj/t1/L81_00687_784247.png /building_labels/bj/t3/L81_00687_784247.png /offset_st_resize256/bj/t1/L81_00687_784247.tif /offset_st_resize256/bj/t3/L81_00687_784247.tif /flow_btv3_resize256/bj/t1VSt3/L81_00687_784247.tif
test,/imgs/bj/t2/L81_00815_784271.jpg /imgs/bj/t3/L81_00815_784271.jpg /labels_unch0ch1ig255/bj/t2VSt3/L81_00815_784271.png /building_labels/bj/t2/L81_00815_784271.png /building_labels/bj/t3/L81_00815_784271.png
val,/imgs/sh/t1/L81_892783_780519.jpg /imgs/sh/t2/L81_892783_780519.jpg /labels/sh/t1VSt2/L81_892783_780519.png /building_labels/sh/t1/L81_892783_780519.png /building_labels/sh/t2/L81_892783_780519.png /offset_st_resize256/sh/t1/L81_892783_780519.tif /offset_st_resize256/sh/t2/L81_892783_780519.tif /flow_btv3_resize256/sh/t1VSt2/L81_892783_780519.tif
train,/imgs/sh/t1/L81_892783_780471.jpg /imgs/sh/t3/L81_892783_780471.jpg /labels_unch0ch1ig255/sh/t1VSt3/L81_892783_780471.png /building_labels/sh/t1/L81_892783_780471.png /building_labels/sh/t3/L81_892783_780471.png /offset_st_resize256/sh/t1/L81_892783_780471.tif /offset_st_resize256/sh/t3/L81_892783_780471.tif /flow_btv3_resize256/sh/t1VSt3/L81_892783_780471.tif
train,/imgs/bj/t2/L81_00863_783975.jpg /imgs/bj/t3/L81_00863_783975.jpg /labels_unch0ch1ig255/bj/t2VSt3/L81_00863_783975.png /building_labels/bj/t2/L81_00863_783975.png /building_labels/bj/t3/L81_00863_783975.png /offset_st_resize256/bj/t2/L81_00863_783975.tif /offset_st_resize256/bj/t3/L81_00863_783975.tif /flow_btv3_resize256/bj/t2VSt3/L81_00863_783975.tif
train,/imgs/bj/t1/L81_00663_784103.jpg /imgs/bj/t3/L81_00663_784103.jpg /labels_unch0ch1ig255/bj/t1VSt3/L81_00663_784103.png /building_labels/bj/t1/L81_00663_784103.png /building_labels/bj/t3/L81_00663_784103.png /offset_st_resize256/bj/t1/L81_00663_784103.tif /offset_st_resize256/bj/t3/L81_00663_784103.tif /flow_btv3_resize256/bj/t1VSt3/L81_00663_784103.tif
train,/imgs/bj/t2/L81_00687_784071.jpg /imgs/bj/t3/L81_00687_784071.jpg /labels_unch0ch1ig255/bj/t2VSt3/L81_00687_784071.png /building_labels/bj/t2/L81_00687_784071.png /building_labels/bj/t3/L81_00687_784071.png /offset_st_resize256/bj/t2/L81_00687_784071.tif /offset_st_resize256/bj/t3/L81_00687_784071.tif /flow_btv3_resize256/bj/t2VSt3/L81_00687_784071.tif
train,/imgs/bj/t1/L81_00639_784239.jpg /imgs/bj/t3/L81_00639_784239.jpg /labels_unch0ch1ig255/bj/t1VSt3/L81_00639_784239.png /building_labels/bj/t1/L81_00639_784239.png /building_labels/bj/t3/L81_00639_784239.png /offset_st_resize256/bj/t1/L81_00639_784239.tif /offset_st_resize256/bj/t3/L81_00639_784239.tif /flow_btv3_resize256/bj/t1VSt3/L81_00639_784239.tif
train,/imgs/sh/t1/L81_892855_780527.jpg /imgs/sh/t2/L81_892855_780527.jpg /labels_unch0ch1ig255/sh/t1VSt2/L81_892855_780527.png /building_labels/sh/t1/L81_892855_780527.png /building_labels/sh/t2/L81_892855_780527.png /offset_st_resize256/sh/t1/L81_892855_780527.tif /offset_st_resize256/sh/t2/L81_892855_780527.tif /flow_btv3_resize256/sh/t1VSt2/L81_892855_780527.tif
train,/imgs/bj/t1/L81_00671_784271.jpg /imgs/bj/t3/L81_00671_784271.jpg /labels_unch0ch1ig255/bj/t1VSt3/L81_00671_784271.png /building_labels/bj/t1/L81_00671_784271.png /building_labels/bj/t3/L81_00671_784271.png /offset_st_resize256/bj/t1/L81_00671_784271.tif /offset_st_resize256/bj/t3/L81_00671_784271.tif /flow_btv3_resize256/bj/t1VSt3/L81_00671_784271.tif
train,/imgs/bj/t1/L81_00823_784039.jpg /imgs/bj/t2/L81_00823_784039.jpg /labels_unch0ch1ig255/bj/t1VSt2/L81_00823_784039.png /building_labels/bj/t1/L81_00823_784039.png /building_labels/bj/t2/L81_00823_784039.png /offset_st_resize256/bj/t1/L81_00823_784039.tif /offset_st_resize256/bj/t2/L81_00823_784039.tif /flow_btv3_resize256/bj/t1VSt2/L81_00823_784039.tif
train,/imgs/bj/t1/L81_00711_784183.jpg /imgs/bj/t2/L81_00711_784183.jpg /labels_unch0ch1ig255/bj/t1VSt2/L81_00711_784183.png /building_labels/bj/t1/L81_00711_784183.png /building_labels/bj/t2/L81_00711_784183.png /offset_st_resize256/bj/t1/L81_00711_784183.tif /offset_st_resize256/bj/t2/L81_00711_784183.tif /flow_btv3_resize256/bj/t1VSt2/L81_00711_784183.tif
train,/imgs/sh/t1/L81_892927_780455.jpg /imgs/sh/t3/L81_892927_780455.jpg /labels_unch0ch1ig255/sh/t1VSt3/L81_892927_780455.png /building_labels/sh/t1/L81_892927_780455.png /building_labels/sh/t3/L81_892927_780455.png /offset_st_resize256/sh/t1/L81_892927_780455.tif /offset_st_resize256/sh/t3/L81_892927_780455.tif /flow_btv3_resize256/sh/t1VSt3/L81_892927_780455.tif
train,/imgs/sh/t1/L81_892807_780471.jpg /imgs/sh/t2/L81_892807_780471.jpg /labels_unch0ch1ig255/sh/t1VSt2/L81_892807_780471.png /building_labels/sh/t1/L81_892807_780471.png /building_labels/sh/t2/L81_892807_780471.png /offset_st_resize256/sh/t1/L81_892807_780471.tif /offset_st_resize256/sh/t2/L81_892807_780471.tif /flow_btv3_resize256/sh/t1VSt2/L81_892807_780471.tif
train,/imgs/bj/t1/L81_00839_784223.jpg /imgs/bj/t3/L81_00839_784223.jpg /labels_unch0ch1ig255/bj/t1VSt3/L81_00839_784223.png /building_labels/bj/t1/L81_00839_784223.png /building_labels/bj/t3/L81_00839_784223.png /offset_st_resize256/bj/t1/L81_00839_784223.tif /offset_st_resize256/bj/t3/L81_00839_784223.tif /flow_btv3_resize256/bj/t1VSt3/L81_00839_784223.tif
train,/imgs/sh/t1/L81_892831_780463.jpg /imgs/sh/t2/L81_892831_780463.jpg /labels_unch0ch1ig255/sh/t1VSt2/L81_892831_780463.png /building_labels/sh/t1/L81_892831_780463.png /building_labels/sh/t2/L81_892831_780463.png /offset_st_resize256/sh/t1/L81_892831_780463.tif /offset_st_resize256/sh/t2/L81_892831_780463.tif /flow_btv3_resize256/sh/t1VSt2/L81_892831_780463.tif
train,/imgs/bj/t1/L81_00687_784207.jpg /imgs/bj/t3/L81_00687_784207.jpg /labels_unch0ch1ig255/bj/t1VSt3/L81_00687_784207.png /building_labels/bj/t1/L81_00687_784207.png /building_labels/bj/t3/L81_00687_784207.png /offset_st_resize256/bj/t1/L81_00687_784207.tif /offset_st_resize256/bj/t3/L81_00687_784207.tif /flow_btv3_resize256/bj/t1VSt3/L81_00687_784207.tif
train,/imgs/sh/t1/L81_892831_780479.jpg /imgs/sh/t3/L81_892831_780479.jpg /labels_unch0ch1ig255/sh/t1VSt3/L81_892831_780479.png /building_labels/sh/t1/L81_892831_780479.png /building_labels/sh/t3/L81_892831_780479.png /offset_st_resize256/sh/t1/L81_892831_780479.tif /offset_st_resize256/sh/t3/L81_892831_780479.tif /flow_btv3_resize256/sh/t1VSt3/L81_892831_780479.tif
train,/imgs/bj/t1/L81_00847_784263.jpg /imgs/bj/t2/L81_00847_784263.jpg /labels_unch0ch1ig255/bj/t1VSt2/L81_00847_784263.png /building_labels/bj/t1/L81_00847_784263.png /building_labels/bj/t2/L81_00847_784263.png /offset_st_resize256/bj/t1/L81_00847_784263.tif /offset_st_resize256/bj/t2/L81_00847_784263.tif /flow_btv3_resize256/bj/t1VSt2/L81_00847_784263.tif
train,/imgs/sh/t2/L81_892807_780519.jpg /imgs/sh/t3/L81_892807_780519.jpg /labels_unch0ch1ig255/sh/t2VSt3/L81_892807_780519.png /building_labels/sh/t2/L81_892807_780519.png /building_labels/sh/t3/L81_892807_780519.png /offset_st_resize256/sh/t2/L81_892807_780519.tif /offset_st_resize256/sh/t3/L81_892807_780519.tif /flow_btv3_resize256/sh/t2VSt3/L81_892807_780519.tif
train,/imgs/bj/t1/L81_00823_784207.jpg /imgs/bj/t2/L81_00823_784207.jpg /labels_unch0ch1ig255/bj/t1VSt2/L81_00823_784207.png /building_labels/bj/t1/L81_00823_784207.png /building_labels/bj/t2/L81_00823_784207.png /offset_st_resize256/bj/t1/L81_00823_784207.tif /offset_st_resize256/bj/t2/L81_00823_784207.tif /flow_btv3_resize256/bj/t1VSt2/L81_00823_784207.tif
train,/imgs/bj/t1/L81_00663_784303.jpg /imgs/bj/t3/L81_00663_784303.jpg /labels_unch0ch1ig255/bj/t1VSt3/L81_00663_784303.png /building_labels/bj/t1/L81_00663_784303.png /building_labels/bj/t3/L81_00663_784303.png /offset_st_resize256/bj/t1/L81_00663_784303.tif /offset_st_resize256/bj/t3/L81_00663_784303.tif /flow_btv3_resize256/bj/t1VSt3/L81_00663_784303.tif
train,/imgs/bj/t1/L81_00879_783983.jpg /imgs/bj/t2/L81_00879_783983.jpg /labels_unch0ch1ig255/bj/t1VSt2/L81_00879_783983.png /building_labels/bj/t1/L81_00879_783983.png /building_labels/bj/t2/L81_00879_783983.png /offset_st_resize256/bj/t1/L81_00879_783983.tif /offset_st_resize256/bj/t2/L81_00879_783983.tif /flow_btv3_resize256/bj/t1VSt2/L81_00879_783983.tif
val,/imgs/bj/t2/L81_00671_784159.jpg /imgs/bj/t3/L81_00671_784159.jpg /labels/bj/t2VSt3/L81_00671_784159.png /building_labels/bj/t2/L81_00671_784159.png /building_labels/bj/t3/L81_00671_784159.png /offset_st_resize256/bj/t2/L81_00671_784159.tif /offset_st_resize256/bj/t3/L81_00671_784159.tif /flow_btv3_resize256/bj/t2VSt3/L81_00671_784159.tif
train,/imgs/bj/t1/L81_00639_784063.jpg /imgs/bj/t2/L81_00639_784063.jpg /labels_unch0ch1ig255/bj/t1VSt2/L81_00639_784063.png /building_labels/bj/t1/L81_00639_784063.png /building_labels/bj/t2/L81_00639_784063.png /offset_st_resize256/bj/t1/L81_00639_784063.tif /offset_st_resize256/bj/t2/L81_00639_784063.tif /flow_btv3_resize256/bj/t1VSt2/L81_00639_784063.tif
train,/imgs/bj/t2/L81_00639_783991.jpg /imgs/bj/t3/L81_00639_783991.jpg /labels_unch0ch1ig255/bj/t2VSt3/L81_00639_783991.png /building_labels/bj/t2/L81_00639_783991.png /building_labels/bj/t3/L81_00639_783991.png /offset_st_resize256/bj/t2/L81_00639_783991.tif /offset_st_resize256/bj/t3/L81_00639_783991.tif /flow_btv3_resize256/bj/t2VSt3/L81_00639_783991.tif
train,/imgs/bj/t1/L81_00871_783991.jpg /imgs/bj/t3/L81_00871_783991.jpg /labels_unch0ch1ig255/bj/t1VSt3/L81_00871_783991.png /building_labels/bj/t1/L81_00871_783991.png /building_labels/bj/t3/L81_00871_783991.png /offset_st_resize256/bj/t1/L81_00871_783991.tif /offset_st_resize256/bj/t3/L81_00871_783991.tif /flow_btv3_resize256/bj/t1VSt3/L81_00871_783991.tif
train,/imgs/bj/t1/L81_00655_784007.jpg /imgs/bj/t2/L81_00655_784007.jpg /labels_unch0ch1ig255/bj/t1VSt2/L81_00655_784007.png /building_labels/bj/t1/L81_00655_784007.png /building_labels/bj/t2/L81_00655_784007.png /offset_st_resize256/bj/t1/L81_00655_784007.tif /offset_st_resize256/bj/t2/L81_00655_784007.tif /flow_btv3_resize256/bj/t1VSt2/L81_00655_784007.tif
train,/imgs/sh/t1/L81_892887_780487.jpg /imgs/sh/t3/L81_892887_780487.jpg /labels_unch0ch1ig255/sh/t1VSt3/L81_892887_780487.png /building_labels/sh/t1/L81_892887_780487.png /building_labels/sh/t3/L81_892887_780487.png /offset_st_resize256/sh/t1/L81_892887_780487.tif /offset_st_resize256/sh/t3/L81_892887_780487.tif /flow_btv3_resize256/sh/t1VSt3/L81_892887_780487.tif
train,/imgs/sh/t1/L81_892783_780455.jpg /imgs/sh/t2/L81_892783_780455.jpg /labels_unch0ch1ig255/sh/t1VSt2/L81_892783_780455.png /building_labels/sh/t1/L81_892783_780455.png /building_labels/sh/t2/L81_892783_780455.png /offset_st_resize256/sh/t1/L81_892783_780455.tif /offset_st_resize256/sh/t2/L81_892783_780455.tif /flow_btv3_resize256/sh/t1VSt2/L81_892783_780455.tif
train,/imgs/bj/t1/L81_00839_784095.jpg /imgs/bj/t3/L81_00839_784095.jpg /labels_unch0ch1ig255/bj/t1VSt3/L81_00839_784095.png /building_labels/bj/t1/L81_00839_784095.png /building_labels/bj/t3/L81_00839_784095.png /offset_st_resize256/bj/t1/L81_00839_784095.tif /offset_st_resize256/bj/t3/L81_00839_784095.tif /flow_btv3_resize256/bj/t1VSt3/L81_00839_784095.tif
train,/imgs/sh/t2/L81_892863_780511.jpg /imgs/sh/t3/L81_892863_780511.jpg /labels_unch0ch1ig255/sh/t2VSt3/L81_892863_780511.png /building_labels/sh/t2/L81_892863_780511.png /building_labels/sh/t3/L81_892863_780511.png /offset_st_resize256/sh/t2/L81_892863_780511.tif /offset_st_resize256/sh/t3/L81_892863_780511.tif /flow_btv3_resize256/sh/t2VSt3/L81_892863_780511.tif
train,/imgs/bj/t2/L81_00823_784279.jpg /imgs/bj/t3/L81_00823_784279.jpg /labels_unch0ch1ig255/bj/t2VSt3/L81_00823_784279.png /building_labels/bj/t2/L81_00823_784279.png /building_labels/bj/t3/L81_00823_784279.png /offset_st_resize256/bj/t2/L81_00823_784279.tif /offset_st_resize256/bj/t3/L81_00823_784279.tif /flow_btv3_resize256/bj/t2VSt3/L81_00823_784279.tif
val,/imgs/bj/t2/L81_00679_784039.jpg /imgs/bj/t3/L81_00679_784039.jpg /labels/bj/t2VSt3/L81_00679_784039.png /building_labels/bj/t2/L81_00679_784039.png /building_labels/bj/t3/L81_00679_784039.png /offset_st_resize256/bj/t2/L81_00679_784039.tif /offset_st_resize256/bj/t3/L81_00679_784039.tif /flow_btv3_resize256/bj/t2VSt3/L81_00679_784039.tif
train,/imgs/bj/t1/L81_00663_784319.jpg /imgs/bj/t3/L81_00663_784319.jpg /labels_unch0ch1ig255/bj/t1VSt3/L81_00663_784319.png /building_labels/bj/t1/L81_00663_784319.png /building_labels/bj/t3/L81_00663_784319.png /offset_st_resize256/bj/t1/L81_00663_784319.tif /offset_st_resize256/bj/t3/L81_00663_784319.tif /flow_btv3_resize256/bj/t1VSt3/L81_00663_784319.tif
train,/imgs/bj/t1/L81_00679_784175.jpg /imgs/bj/t3/L81_00679_784175.jpg /labels_unch0ch1ig255/bj/t1VSt3/L81_00679_784175.png /building_labels/bj/t1/L81_00679_784175.png /building_labels/bj/t3/L81_00679_784175.png /offset_st_resize256/bj/t1/L81_00679_784175.tif /offset_st_resize256/bj/t3/L81_00679_784175.tif /flow_btv3_resize256/bj/t1VSt3/L81_00679_784175.tif
train,/imgs/bj/t1/L81_00671_784151.jpg /imgs/bj/t2/L81_00671_784151.jpg /labels_unch0ch1ig255/bj/t1VSt2/L81_00671_784151.png /building_labels/bj/t1/L81_00671_784151.png /building_labels/bj/t2/L81_00671_784151.png /offset_st_resize256/bj/t1/L81_00671_784151.tif /offset_st_resize256/bj/t2/L81_00671_784151.tif /flow_btv3_resize256/bj/t1VSt2/L81_00671_784151.tif
train,/imgs/sh/t1/L81_892895_780527.jpg /imgs/sh/t2/L81_892895_780527.jpg /labels_unch0ch1ig255/sh/t1VSt2/L81_892895_780527.png /building_labels/sh/t1/L81_892895_780527.png /building_labels/sh/t2/L81_892895_780527.png /offset_st_resize256/sh/t1/L81_892895_780527.tif /offset_st_resize256/sh/t2/L81_892895_780527.tif /flow_btv3_resize256/sh/t1VSt2/L81_892895_780527.tif
train,/imgs/bj/t1/L81_00911_784271.jpg /imgs/bj/t2/L81_00911_784271.jpg /labels_unch0ch1ig255/bj/t1VSt2/L81_00911_784271.png /building_labels/bj/t1/L81_00911_784271.png /building_labels/bj/t2/L81_00911_784271.png /offset_st_resize256/bj/t1/L81_00911_784271.tif /offset_st_resize256/bj/t2/L81_00911_784271.tif /flow_btv3_resize256/bj/t1VSt2/L81_00911_784271.tif
train,/imgs/sh/t1/L81_892839_780495.jpg /imgs/sh/t2/L81_892839_780495.jpg /labels_unch0ch1ig255/sh/t1VSt2/L81_892839_780495.png /building_labels/sh/t1/L81_892839_780495.png /building_labels/sh/t2/L81_892839_780495.png /offset_st_resize256/sh/t1/L81_892839_780495.tif /offset_st_resize256/sh/t2/L81_892839_780495.tif /flow_btv3_resize256/sh/t1VSt2/L81_892839_780495.tif
val,/imgs/bj/t1/L81_00647_784063.jpg /imgs/bj/t3/L81_00647_784063.jpg /labels/bj/t1VSt3/L81_00647_784063.png /building_labels/bj/t1/L81_00647_784063.png /building_labels/bj/t3/L81_00647_784063.png /offset_st_resize256/bj/t1/L81_00647_784063.tif /offset_st_resize256/bj/t3/L81_00647_784063.tif /flow_btv3_resize256/bj/t1VSt3/L81_00647_784063.tif
train,/imgs/bj/t1/L81_00839_784215.jpg /imgs/bj/t2/L81_00839_784215.jpg /labels_unch0ch1ig255/bj/t1VSt2/L81_00839_784215.png /building_labels/bj/t1/L81_00839_784215.png /building_labels/bj/t2/L81_00839_784215.png /offset_st_resize256/bj/t1/L81_00839_784215.tif /offset_st_resize256/bj/t2/L81_00839_784215.tif /flow_btv3_resize256/bj/t1VSt2/L81_00839_784215.tif
train,/imgs/sh/t1/L81_892927_780431.jpg /imgs/sh/t3/L81_892927_780431.jpg /labels_unch0ch1ig255/sh/t1VSt3/L81_892927_780431.png /building_labels/sh/t1/L81_892927_780431.png /building_labels/sh/t3/L81_892927_780431.png /offset_st_resize256/sh/t1/L81_892927_780431.tif /offset_st_resize256/sh/t3/L81_892927_780431.tif /flow_btv3_resize256/sh/t1VSt3/L81_892927_780431.tif
train,/imgs/bj/t2/L81_00711_784191.jpg /imgs/bj/t3/L81_00711_784191.jpg /labels_unch0ch1ig255/bj/t2VSt3/L81_00711_784191.png /building_labels/bj/t2/L81_00711_784191.png /building_labels/bj/t3/L81_00711_784191.png /offset_st_resize256/bj/t2/L81_00711_784191.tif /offset_st_resize256/bj/t3/L81_00711_784191.tif /flow_btv3_resize256/bj/t2VSt3/L81_00711_784191.tif
train,/imgs/bj/t1/L81_00655_783967.jpg /imgs/bj/t2/L81_00655_783967.jpg /labels_unch0ch1ig255/bj/t1VSt2/L81_00655_783967.png /building_labels/bj/t1/L81_00655_783967.png /building_labels/bj/t2/L81_00655_783967.png /offset_st_resize256/bj/t1/L81_00655_783967.tif /offset_st_resize256/bj/t2/L81_00655_783967.tif /flow_btv3_resize256/bj/t1VSt2/L81_00655_783967.tif
train,/imgs/bj/t1/L81_01111_783975.jpg /imgs/bj/t3/L81_01111_783975.jpg /labels_unch0ch1ig255/bj/t1VSt3/L81_01111_783975.png /building_labels/bj/t1/L81_01111_783975.png /building_labels/bj/t3/L81_01111_783975.png /offset_st_resize256/bj/t1/L81_01111_783975.tif /offset_st_resize256/bj/t3/L81_01111_783975.tif /flow_btv3_resize256/bj/t1VSt3/L81_01111_783975.tif
train,/imgs/sh/t1/L81_892863_780431.jpg /imgs/sh/t2/L81_892863_780431.jpg /labels_unch0ch1ig255/sh/t1VSt2/L81_892863_780431.png /building_labels/sh/t1/L81_892863_780431.png /building_labels/sh/t2/L81_892863_780431.png /offset_st_resize256/sh/t1/L81_892863_780431.tif /offset_st_resize256/sh/t2/L81_892863_780431.tif /flow_btv3_resize256/sh/t1VSt2/L81_892863_780431.tif
train,/imgs/bj/t1/L81_00855_784255.jpg /imgs/bj/t2/L81_00855_784255.jpg /labels_unch0ch1ig255/bj/t1VSt2/L81_00855_784255.png /building_labels/bj/t1/L81_00855_784255.png /building_labels/bj/t2/L81_00855_784255.png /offset_st_resize256/bj/t1/L81_00855_784255.tif /offset_st_resize256/bj/t2/L81_00855_784255.tif /flow_btv3_resize256/bj/t1VSt2/L81_00855_784255.tif
val,/imgs/bj/t2/L81_00679_784071.jpg /imgs/bj/t3/L81_00679_784071.jpg /labels/bj/t2VSt3/L81_00679_784071.png /building_labels/bj/t2/L81_00679_784071.png /building_labels/bj/t3/L81_00679_784071.png /offset_st_resize256/bj/t2/L81_00679_784071.tif /offset_st_resize256/bj/t3/L81_00679_784071.tif /flow_btv3_resize256/bj/t2VSt3/L81_00679_784071.tif
val,/imgs/sh/t1/L81_892807_780495.jpg /imgs/sh/t2/L81_892807_780495.jpg /labels/sh/t1VSt2/L81_892807_780495.png /building_labels/sh/t1/L81_892807_780495.png /building_labels/sh/t2/L81_892807_780495.png /offset_st_resize256/sh/t1/L81_892807_780495.tif /offset_st_resize256/sh/t2/L81_892807_780495.tif /flow_btv3_resize256/sh/t1VSt2/L81_892807_780495.tif
test,/imgs/bj/t2/L81_00655_784199.jpg /imgs/bj/t3/L81_00655_784199.jpg /labels_unch0ch1ig255/bj/t2VSt3/L81_00655_784199.png /building_labels/bj/t2/L81_00655_784199.png /building_labels/bj/t3/L81_00655_784199.png
train,/imgs/bj/t1/L81_00895_784255.jpg /imgs/bj/t2/L81_00895_784255.jpg /labels_unch0ch1ig255/bj/t1VSt2/L81_00895_784255.png /building_labels/bj/t1/L81_00895_784255.png /building_labels/bj/t2/L81_00895_784255.png /offset_st_resize256/bj/t1/L81_00895_784255.tif /offset_st_resize256/bj/t2/L81_00895_784255.tif /flow_btv3_resize256/bj/t1VSt2/L81_00895_784255.tif
test,/imgs/bj/t1/L81_00655_784199.jpg /imgs/bj/t3/L81_00655_784199.jpg /labels_unch0ch1ig255/bj/t1VSt3/L81_00655_784199.png /building_labels/bj/t1/L81_00655_784199.png /building_labels/bj/t3/L81_00655_784199.png
train,/imgs/sh/t1/L81_892799_780487.jpg /imgs/sh/t2/L81_892799_780487.jpg /labels_unch0ch1ig255/sh/t1VSt2/L81_892799_780487.png /building_labels/sh/t1/L81_892799_780487.png /building_labels/sh/t2/L81_892799_780487.png /offset_st_resize256/sh/t1/L81_892799_780487.tif /offset_st_resize256/sh/t2/L81_892799_780487.tif /flow_btv3_resize256/sh/t1VSt2/L81_892799_780487.tif
train,/imgs/sh/t1/L81_892919_780455.jpg /imgs/sh/t2/L81_892919_780455.jpg /labels_unch0ch1ig255/sh/t1VSt2/L81_892919_780455.png /building_labels/sh/t1/L81_892919_780455.png /building_labels/sh/t2/L81_892919_780455.png /offset_st_resize256/sh/t1/L81_892919_780455.tif /offset_st_resize256/sh/t2/L81_892919_780455.tif /flow_btv3_resize256/sh/t1VSt2/L81_892919_780455.tif
train,/imgs/bj/t2/L81_00663_784095.jpg /imgs/bj/t3/L81_00663_784095.jpg /labels_unch0ch1ig255/bj/t2VSt3/L81_00663_784095.png /building_labels/bj/t2/L81_00663_784095.png /building_labels/bj/t3/L81_00663_784095.png /offset_st_resize256/bj/t2/L81_00663_784095.tif /offset_st_resize256/bj/t3/L81_00663_784095.tif /flow_btv3_resize256/bj/t2VSt3/L81_00663_784095.tif
train,/imgs/sh/t1/L81_892879_780463.jpg /imgs/sh/t2/L81_892879_780463.jpg /labels_unch0ch1ig255/sh/t1VSt2/L81_892879_780463.png /building_labels/sh/t1/L81_892879_780463.png /building_labels/sh/t2/L81_892879_780463.png /offset_st_resize256/sh/t1/L81_892879_780463.tif /offset_st_resize256/sh/t2/L81_892879_780463.tif /flow_btv3_resize256/sh/t1VSt2/L81_892879_780463.tif
val,/imgs/sh/t1/L81_892839_780447.jpg /imgs/sh/t3/L81_892839_780447.jpg /labels/sh/t1VSt3/L81_892839_780447.png /building_labels/sh/t1/L81_892839_780447.png /building_labels/sh/t3/L81_892839_780447.png /offset_st_resize256/sh/t1/L81_892839_780447.tif /offset_st_resize256/sh/t3/L81_892839_780447.tif /flow_btv3_resize256/sh/t1VSt3/L81_892839_780447.tif
train,/imgs/bj/t1/L81_00863_783999.jpg /imgs/bj/t3/L81_00863_783999.jpg /labels_unch0ch1ig255/bj/t1VSt3/L81_00863_783999.png /building_labels/bj/t1/L81_00863_783999.png /building_labels/bj/t3/L81_00863_783999.png /offset_st_resize256/bj/t1/L81_00863_783999.tif /offset_st_resize256/bj/t3/L81_00863_783999.tif /flow_btv3_resize256/bj/t1VSt3/L81_00863_783999.tif
train,/imgs/bj/t2/L81_00863_784191.jpg /imgs/bj/t3/L81_00863_784191.jpg /labels_unch0ch1ig255/bj/t2VSt3/L81_00863_784191.png /building_labels/bj/t2/L81_00863_784191.png /building_labels/bj/t3/L81_00863_784191.png /offset_st_resize256/bj/t2/L81_00863_784191.tif /offset_st_resize256/bj/t3/L81_00863_784191.tif /flow_btv3_resize256/bj/t2VSt3/L81_00863_784191.tif
train,/imgs/bj/t1/L81_00663_784159.jpg /imgs/bj/t3/L81_00663_784159.jpg /labels_unch0ch1ig255/bj/t1VSt3/L81_00663_784159.png /building_labels/bj/t1/L81_00663_784159.png /building_labels/bj/t3/L81_00663_784159.png /offset_st_resize256/bj/t1/L81_00663_784159.tif /offset_st_resize256/bj/t3/L81_00663_784159.tif /flow_btv3_resize256/bj/t1VSt3/L81_00663_784159.tif
train,/imgs/sh/t2/L81_892927_780431.jpg /imgs/sh/t3/L81_892927_780431.jpg /labels_unch0ch1ig255/sh/t2VSt3/L81_892927_780431.png /building_labels/sh/t2/L81_892927_780431.png /building_labels/sh/t3/L81_892927_780431.png /offset_st_resize256/sh/t2/L81_892927_780431.tif /offset_st_resize256/sh/t3/L81_892927_780431.tif /flow_btv3_resize256/sh/t2VSt3/L81_892927_780431.tif
train,/imgs/bj/t1/L81_00711_784095.jpg /imgs/bj/t3/L81_00711_784095.jpg /labels_unch0ch1ig255/bj/t1VSt3/L81_00711_784095.png /building_labels/bj/t1/L81_00711_784095.png /building_labels/bj/t3/L81_00711_784095.png /offset_st_resize256/bj/t1/L81_00711_784095.tif /offset_st_resize256/bj/t3/L81_00711_784095.tif /flow_btv3_resize256/bj/t1VSt3/L81_00711_784095.tif
test,/imgs/sh/t2/L81_892927_780495.jpg /imgs/sh/t3/L81_892927_780495.jpg /labels_unch0ch1ig255/sh/t2VSt3/L81_892927_780495.png /building_labels/sh/t2/L81_892927_780495.png /building_labels/sh/t3/L81_892927_780495.png
train,/imgs/bj/t1/L81_00655_784255.jpg /imgs/bj/t3/L81_00655_784255.jpg /labels_unch0ch1ig255/bj/t1VSt3/L81_00655_784255.png /building_labels/bj/t1/L81_00655_784255.png /building_labels/bj/t3/L81_00655_784255.png /offset_st_resize256/bj/t1/L81_00655_784255.tif /offset_st_resize256/bj/t3/L81_00655_784255.tif /flow_btv3_resize256/bj/t1VSt3/L81_00655_784255.tif
train,/imgs/bj/t1/L81_00655_784023.jpg /imgs/bj/t3/L81_00655_784023.jpg /labels_unch0ch1ig255/bj/t1VSt3/L81_00655_784023.png /building_labels/bj/t1/L81_00655_784023.png /building_labels/bj/t3/L81_00655_784023.png /offset_st_resize256/bj/t1/L81_00655_784023.tif /offset_st_resize256/bj/t3/L81_00655_784023.tif /flow_btv3_resize256/bj/t1VSt3/L81_00655_784023.tif
train,/imgs/bj/t1/L81_00847_784255.jpg /imgs/bj/t3/L81_00847_784255.jpg /labels_unch0ch1ig255/bj/t1VSt3/L81_00847_784255.png /building_labels/bj/t1/L81_00847_784255.png /building_labels/bj/t3/L81_00847_784255.png /offset_st_resize256/bj/t1/L81_00847_784255.tif /offset_st_resize256/bj/t3/L81_00847_784255.tif /flow_btv3_resize256/bj/t1VSt3/L81_00847_784255.tif
train,/imgs/bj/t1/L81_00951_784303.jpg /imgs/bj/t2/L81_00951_784303.jpg /labels_unch0ch1ig255/bj/t1VSt2/L81_00951_784303.png /building_labels/bj/t1/L81_00951_784303.png /building_labels/bj/t2/L81_00951_784303.png /offset_st_resize256/bj/t1/L81_00951_784303.tif /offset_st_resize256/bj/t2/L81_00951_784303.tif /flow_btv3_resize256/bj/t1VSt2/L81_00951_784303.tif
train,/imgs/bj/t1/L81_00975_784295.jpg /imgs/bj/t2/L81_00975_784295.jpg /labels_unch0ch1ig255/bj/t1VSt2/L81_00975_784295.png /building_labels/bj/t1/L81_00975_784295.png /building_labels/bj/t2/L81_00975_784295.png /offset_st_resize256/bj/t1/L81_00975_784295.tif /offset_st_resize256/bj/t2/L81_00975_784295.tif /flow_btv3_resize256/bj/t1VSt2/L81_00975_784295.tif
train,/imgs/bj/t2/L81_00711_784135.jpg /imgs/bj/t3/L81_00711_784135.jpg /labels_unch0ch1ig255/bj/t2VSt3/L81_00711_784135.png /building_labels/bj/t2/L81_00711_784135.png /building_labels/bj/t3/L81_00711_784135.png /offset_st_resize256/bj/t2/L81_00711_784135.tif /offset_st_resize256/bj/t3/L81_00711_784135.tif /flow_btv3_resize256/bj/t2VSt3/L81_00711_784135.tif
train,/imgs/bj/t2/L81_00679_784191.jpg /imgs/bj/t3/L81_00679_784191.jpg /labels_unch0ch1ig255/bj/t2VSt3/L81_00679_784191.png /building_labels/bj/t2/L81_00679_784191.png /building_labels/bj/t3/L81_00679_784191.png /offset_st_resize256/bj/t2/L81_00679_784191.tif /offset_st_resize256/bj/t3/L81_00679_784191.tif /flow_btv3_resize256/bj/t2VSt3/L81_00679_784191.tif
test,/imgs/bj/t1/L81_00647_784175.jpg /imgs/bj/t3/L81_00647_784175.jpg /labels_unch0ch1ig255/bj/t1VSt3/L81_00647_784175.png /building_labels/bj/t1/L81_00647_784175.png /building_labels/bj/t3/L81_00647_784175.png
train,/imgs/sh/t1/L81_892839_780431.jpg /imgs/sh/t3/L81_892839_780431.jpg /labels_unch0ch1ig255/sh/t1VSt3/L81_892839_780431.png /building_labels/sh/t1/L81_892839_780431.png /building_labels/sh/t3/L81_892839_780431.png /offset_st_resize256/sh/t1/L81_892839_780431.tif /offset_st_resize256/sh/t3/L81_892839_780431.tif /flow_btv3_resize256/sh/t1VSt3/L81_892839_780431.tif
train,/imgs/sh/t2/L81_892815_780431.jpg /imgs/sh/t3/L81_892815_780431.jpg /labels_unch0ch1ig255/sh/t2VSt3/L81_892815_780431.png /building_labels/sh/t2/L81_892815_780431.png /building_labels/sh/t3/L81_892815_780431.png /offset_st_resize256/sh/t2/L81_892815_780431.tif /offset_st_resize256/sh/t3/L81_892815_780431.tif /flow_btv3_resize256/sh/t2VSt3/L81_892815_780431.tif
test,/imgs/bj/t1/L81_00831_784199.jpg /imgs/bj/t2/L81_00831_784199.jpg /labels_unch0ch1ig255/bj/t1VSt2/L81_00831_784199.png /building_labels/bj/t1/L81_00831_784199.png /building_labels/bj/t2/L81_00831_784199.png
train,/imgs/bj/t2/L81_00655_784215.jpg /imgs/bj/t3/L81_00655_784215.jpg /labels_unch0ch1ig255/bj/t2VSt3/L81_00655_784215.png /building_labels/bj/t2/L81_00655_784215.png /building_labels/bj/t3/L81_00655_784215.png /offset_st_resize256/bj/t2/L81_00655_784215.tif /offset_st_resize256/bj/t3/L81_00655_784215.tif /flow_btv3_resize256/bj/t2VSt3/L81_00655_784215.tif
train,/imgs/sh/t1/L81_892839_780487.jpg /imgs/sh/t2/L81_892839_780487.jpg /labels_unch0ch1ig255/sh/t1VSt2/L81_892839_780487.png /building_labels/sh/t1/L81_892839_780487.png /building_labels/sh/t2/L81_892839_780487.png /offset_st_resize256/sh/t1/L81_892839_780487.tif /offset_st_resize256/sh/t2/L81_892839_780487.tif /flow_btv3_resize256/sh/t1VSt2/L81_892839_780487.tif
train,/imgs/bj/t1/L81_00647_783983.jpg /imgs/bj/t2/L81_00647_783983.jpg /labels_unch0ch1ig255/bj/t1VSt2/L81_00647_783983.png /building_labels/bj/t1/L81_00647_783983.png /building_labels/bj/t2/L81_00647_783983.png /offset_st_resize256/bj/t1/L81_00647_783983.tif /offset_st_resize256/bj/t2/L81_00647_783983.tif /flow_btv3_resize256/bj/t1VSt2/L81_00647_783983.tif
val,/imgs/bj/t1/L81_00711_784215.jpg /imgs/bj/t3/L81_00711_784215.jpg /labels/bj/t1VSt3/L81_00711_784215.png /building_labels/bj/t1/L81_00711_784215.png /building_labels/bj/t3/L81_00711_784215.png /offset_st_resize256/bj/t1/L81_00711_784215.tif /offset_st_resize256/bj/t3/L81_00711_784215.tif /flow_btv3_resize256/bj/t1VSt3/L81_00711_784215.tif
train,/imgs/sh/t1/L81_892895_780471.jpg /imgs/sh/t3/L81_892895_780471.jpg /labels_unch0ch1ig255/sh/t1VSt3/L81_892895_780471.png /building_labels/sh/t1/L81_892895_780471.png /building_labels/sh/t3/L81_892895_780471.png /offset_st_resize256/sh/t1/L81_892895_780471.tif /offset_st_resize256/sh/t3/L81_892895_780471.tif /flow_btv3_resize256/sh/t1VSt3/L81_892895_780471.tif
train,/imgs/sh/t1/L81_892919_780439.jpg /imgs/sh/t3/L81_892919_780439.jpg /labels_unch0ch1ig255/sh/t1VSt3/L81_892919_780439.png /building_labels/sh/t1/L81_892919_780439.png /building_labels/sh/t3/L81_892919_780439.png /offset_st_resize256/sh/t1/L81_892919_780439.tif /offset_st_resize256/sh/t3/L81_892919_780439.tif /flow_btv3_resize256/sh/t1VSt3/L81_892919_780439.tif
train,/imgs/sh/t2/L81_892791_780423.jpg /imgs/sh/t3/L81_892791_780423.jpg /labels_unch0ch1ig255/sh/t2VSt3/L81_892791_780423.png /building_labels/sh/t2/L81_892791_780423.png /building_labels/sh/t3/L81_892791_780423.png /offset_st_resize256/sh/t2/L81_892791_780423.tif /offset_st_resize256/sh/t3/L81_892791_780423.tif /flow_btv3_resize256/sh/t2VSt3/L81_892791_780423.tif
train,/imgs/bj/t1/L81_00655_784143.jpg /imgs/bj/t2/L81_00655_784143.jpg /labels_unch0ch1ig255/bj/t1VSt2/L81_00655_784143.png /building_labels/bj/t1/L81_00655_784143.png /building_labels/bj/t2/L81_00655_784143.png /offset_st_resize256/bj/t1/L81_00655_784143.tif /offset_st_resize256/bj/t2/L81_00655_784143.tif /flow_btv3_resize256/bj/t1VSt2/L81_00655_784143.tif
train,/imgs/bj/t1/L81_00847_784247.jpg /imgs/bj/t2/L81_00847_784247.jpg /labels_unch0ch1ig255/bj/t1VSt2/L81_00847_784247.png /building_labels/bj/t1/L81_00847_784247.png /building_labels/bj/t2/L81_00847_784247.png /offset_st_resize256/bj/t1/L81_00847_784247.tif /offset_st_resize256/bj/t2/L81_00847_784247.tif /flow_btv3_resize256/bj/t1VSt2/L81_00847_784247.tif
train,/imgs/sh/t1/L81_892791_780463.jpg /imgs/sh/t3/L81_892791_780463.jpg /labels_unch0ch1ig255/sh/t1VSt3/L81_892791_780463.png /building_labels/sh/t1/L81_892791_780463.png /building_labels/sh/t3/L81_892791_780463.png /offset_st_resize256/sh/t1/L81_892791_780463.tif /offset_st_resize256/sh/t3/L81_892791_780463.tif /flow_btv3_resize256/sh/t1VSt3/L81_892791_780463.tif
train,/imgs/bj/t2/L81_00671_784231.jpg /imgs/bj/t3/L81_00671_784231.jpg /labels_unch0ch1ig255/bj/t2VSt3/L81_00671_784231.png /building_labels/bj/t2/L81_00671_784231.png /building_labels/bj/t3/L81_00671_784231.png /offset_st_resize256/bj/t2/L81_00671_784231.tif /offset_st_resize256/bj/t3/L81_00671_784231.tif /flow_btv3_resize256/bj/t2VSt3/L81_00671_784231.tif
train,/imgs/bj/t1/L81_00831_784031.jpg /imgs/bj/t2/L81_00831_784031.jpg /labels_unch0ch1ig255/bj/t1VSt2/L81_00831_784031.png /building_labels/bj/t1/L81_00831_784031.png /building_labels/bj/t2/L81_00831_784031.png /offset_st_resize256/bj/t1/L81_00831_784031.tif /offset_st_resize256/bj/t2/L81_00831_784031.tif /flow_btv3_resize256/bj/t1VSt2/L81_00831_784031.tif
train,/imgs/bj/t1/L81_00911_783983.jpg /imgs/bj/t2/L81_00911_783983.jpg /labels_unch0ch1ig255/bj/t1VSt2/L81_00911_783983.png /building_labels/bj/t1/L81_00911_783983.png /building_labels/bj/t2/L81_00911_783983.png /offset_st_resize256/bj/t1/L81_00911_783983.tif /offset_st_resize256/bj/t2/L81_00911_783983.tif /flow_btv3_resize256/bj/t1VSt2/L81_00911_783983.tif
train,/imgs/bj/t2/L81_00823_784295.jpg /imgs/bj/t3/L81_00823_784295.jpg /labels_unch0ch1ig255/bj/t2VSt3/L81_00823_784295.png /building_labels/bj/t2/L81_00823_784295.png /building_labels/bj/t3/L81_00823_784295.png /offset_st_resize256/bj/t2/L81_00823_784295.tif /offset_st_resize256/bj/t3/L81_00823_784295.tif /flow_btv3_resize256/bj/t2VSt3/L81_00823_784295.tif
train,/imgs/sh/t2/L81_892807_780423.jpg /imgs/sh/t3/L81_892807_780423.jpg /labels_unch0ch1ig255/sh/t2VSt3/L81_892807_780423.png /building_labels/sh/t2/L81_892807_780423.png /building_labels/sh/t3/L81_892807_780423.png /offset_st_resize256/sh/t2/L81_892807_780423.tif /offset_st_resize256/sh/t3/L81_892807_780423.tif /flow_btv3_resize256/sh/t2VSt3/L81_892807_780423.tif
train,/imgs/bj/t1/L81_00679_784191.jpg /imgs/bj/t2/L81_00679_784191.jpg /labels_unch0ch1ig255/bj/t1VSt2/L81_00679_784191.png /building_labels/bj/t1/L81_00679_784191.png /building_labels/bj/t2/L81_00679_784191.png /offset_st_resize256/bj/t1/L81_00679_784191.tif /offset_st_resize256/bj/t2/L81_00679_784191.tif /flow_btv3_resize256/bj/t1VSt2/L81_00679_784191.tif
val,/imgs/sh/t2/L81_892791_780519.jpg /imgs/sh/t3/L81_892791_780519.jpg /labels/sh/t2VSt3/L81_892791_780519.png /building_labels/sh/t2/L81_892791_780519.png /building_labels/sh/t3/L81_892791_780519.png /offset_st_resize256/sh/t2/L81_892791_780519.tif /offset_st_resize256/sh/t3/L81_892791_780519.tif /flow_btv3_resize256/sh/t2VSt3/L81_892791_780519.tif
train,/imgs/bj/t1/L81_00863_784167.jpg /imgs/bj/t2/L81_00863_784167.jpg /labels_unch0ch1ig255/bj/t1VSt2/L81_00863_784167.png /building_labels/bj/t1/L81_00863_784167.png /building_labels/bj/t2/L81_00863_784167.png /offset_st_resize256/bj/t1/L81_00863_784167.tif /offset_st_resize256/bj/t2/L81_00863_784167.tif /flow_btv3_resize256/bj/t1VSt2/L81_00863_784167.tif
train,/imgs/bj/t1/L81_00679_784239.jpg /imgs/bj/t2/L81_00679_784239.jpg /labels_unch0ch1ig255/bj/t1VSt2/L81_00679_784239.png /building_labels/bj/t1/L81_00679_784239.png /building_labels/bj/t2/L81_00679_784239.png /offset_st_resize256/bj/t1/L81_00679_784239.tif /offset_st_resize256/bj/t2/L81_00679_784239.tif /flow_btv3_resize256/bj/t1VSt2/L81_00679_784239.tif
test,/imgs/bj/t2/L81_00679_784167.jpg /imgs/bj/t3/L81_00679_784167.jpg /labels_unch0ch1ig255/bj/t2VSt3/L81_00679_784167.png /building_labels/bj/t2/L81_00679_784167.png /building_labels/bj/t3/L81_00679_784167.png
train,/imgs/bj/t1/L81_00639_784231.jpg /imgs/bj/t3/L81_00639_784231.jpg /labels_unch0ch1ig255/bj/t1VSt3/L81_00639_784231.png /building_labels/bj/t1/L81_00639_784231.png /building_labels/bj/t3/L81_00639_784231.png /offset_st_resize256/bj/t1/L81_00639_784231.tif /offset_st_resize256/bj/t3/L81_00639_784231.tif /flow_btv3_resize256/bj/t1VSt3/L81_00639_784231.tif
train,/imgs/sh/t1/L81_892855_780495.jpg /imgs/sh/t2/L81_892855_780495.jpg /labels_unch0ch1ig255/sh/t1VSt2/L81_892855_780495.png /building_labels/sh/t1/L81_892855_780495.png /building_labels/sh/t2/L81_892855_780495.png /offset_st_resize256/sh/t1/L81_892855_780495.tif /offset_st_resize256/sh/t2/L81_892855_780495.tif /flow_btv3_resize256/sh/t1VSt2/L81_892855_780495.tif
train,/imgs/bj/t2/L81_00671_784215.jpg /imgs/bj/t3/L81_00671_784215.jpg /labels_unch0ch1ig255/bj/t2VSt3/L81_00671_784215.png /building_labels/bj/t2/L81_00671_784215.png /building_labels/bj/t3/L81_00671_784215.png /offset_st_resize256/bj/t2/L81_00671_784215.tif /offset_st_resize256/bj/t3/L81_00671_784215.tif /flow_btv3_resize256/bj/t2VSt3/L81_00671_784215.tif
train,/imgs/sh/t1/L81_892871_780439.jpg /imgs/sh/t2/L81_892871_780439.jpg /labels_unch0ch1ig255/sh/t1VSt2/L81_892871_780439.png /building_labels/sh/t1/L81_892871_780439.png /building_labels/sh/t2/L81_892871_780439.png /offset_st_resize256/sh/t1/L81_892871_780439.tif /offset_st_resize256/sh/t2/L81_892871_780439.tif /flow_btv3_resize256/sh/t1VSt2/L81_892871_780439.tif
train,/imgs/bj/t1/L81_00711_784159.jpg /imgs/bj/t3/L81_00711_784159.jpg /labels_unch0ch1ig255/bj/t1VSt3/L81_00711_784159.png /building_labels/bj/t1/L81_00711_784159.png /building_labels/bj/t3/L81_00711_784159.png /offset_st_resize256/bj/t1/L81_00711_784159.tif /offset_st_resize256/bj/t3/L81_00711_784159.tif /flow_btv3_resize256/bj/t1VSt3/L81_00711_784159.tif
train,/imgs/bj/t2/L81_00871_784263.jpg /imgs/bj/t3/L81_00871_784263.jpg /labels_unch0ch1ig255/bj/t2VSt3/L81_00871_784263.png /building_labels/bj/t2/L81_00871_784263.png /building_labels/bj/t3/L81_00871_784263.png /offset_st_resize256/bj/t2/L81_00871_784263.tif /offset_st_resize256/bj/t3/L81_00871_784263.tif /flow_btv3_resize256/bj/t2VSt3/L81_00871_784263.tif
train,/imgs/sh/t1/L81_892887_780439.jpg /imgs/sh/t3/L81_892887_780439.jpg /labels_unch0ch1ig255/sh/t1VSt3/L81_892887_780439.png /building_labels/sh/t1/L81_892887_780439.png /building_labels/sh/t3/L81_892887_780439.png /offset_st_resize256/sh/t1/L81_892887_780439.tif /offset_st_resize256/sh/t3/L81_892887_780439.tif /flow_btv3_resize256/sh/t1VSt3/L81_892887_780439.tif
val,/imgs/bj/t1/L81_00679_784095.jpg /imgs/bj/t2/L81_00679_784095.jpg /labels/bj/t1VSt2/L81_00679_784095.png /building_labels/bj/t1/L81_00679_784095.png /building_labels/bj/t2/L81_00679_784095.png /offset_st_resize256/bj/t1/L81_00679_784095.tif /offset_st_resize256/bj/t2/L81_00679_784095.tif /flow_btv3_resize256/bj/t1VSt2/L81_00679_784095.tif
train,/imgs/sh/t2/L81_892831_780471.jpg /imgs/sh/t3/L81_892831_780471.jpg /labels_unch0ch1ig255/sh/t2VSt3/L81_892831_780471.png /building_labels/sh/t2/L81_892831_780471.png /building_labels/sh/t3/L81_892831_780471.png /offset_st_resize256/sh/t2/L81_892831_780471.tif /offset_st_resize256/sh/t3/L81_892831_780471.tif /flow_btv3_resize256/sh/t2VSt3/L81_892831_780471.tif
train,/imgs/bj/t1/L81_00639_784271.jpg /imgs/bj/t2/L81_00639_784271.jpg /labels_unch0ch1ig255/bj/t1VSt2/L81_00639_784271.png /building_labels/bj/t1/L81_00639_784271.png /building_labels/bj/t2/L81_00639_784271.png /offset_st_resize256/bj/t1/L81_00639_784271.tif /offset_st_resize256/bj/t2/L81_00639_784271.tif /flow_btv3_resize256/bj/t1VSt2/L81_00639_784271.tif
train,/imgs/sh/t2/L81_892823_780495.jpg /imgs/sh/t3/L81_892823_780495.jpg /labels_unch0ch1ig255/sh/t2VSt3/L81_892823_780495.png /building_labels/sh/t2/L81_892823_780495.png /building_labels/sh/t3/L81_892823_780495.png /offset_st_resize256/sh/t2/L81_892823_780495.tif /offset_st_resize256/sh/t3/L81_892823_780495.tif /flow_btv3_resize256/sh/t2VSt3/L81_892823_780495.tif
val,/imgs/sh/t1/L81_892871_780519.jpg /imgs/sh/t2/L81_892871_780519.jpg /labels/sh/t1VSt2/L81_892871_780519.png /building_labels/sh/t1/L81_892871_780519.png /building_labels/sh/t2/L81_892871_780519.png /offset_st_resize256/sh/t1/L81_892871_780519.tif /offset_st_resize256/sh/t2/L81_892871_780519.tif /flow_btv3_resize256/sh/t1VSt2/L81_892871_780519.tif
train,/imgs/bj/t2/L81_00831_784167.jpg /imgs/bj/t3/L81_00831_784167.jpg /labels_unch0ch1ig255/bj/t2VSt3/L81_00831_784167.png /building_labels/bj/t2/L81_00831_784167.png /building_labels/bj/t3/L81_00831_784167.png /offset_st_resize256/bj/t2/L81_00831_784167.tif /offset_st_resize256/bj/t3/L81_00831_784167.tif /flow_btv3_resize256/bj/t2VSt3/L81_00831_784167.tif
train,/imgs/sh/t1/L81_892863_780431.jpg /imgs/sh/t3/L81_892863_780431.jpg /labels_unch0ch1ig255/sh/t1VSt3/L81_892863_780431.png /building_labels/sh/t1/L81_892863_780431.png /building_labels/sh/t3/L81_892863_780431.png /offset_st_resize256/sh/t1/L81_892863_780431.tif /offset_st_resize256/sh/t3/L81_892863_780431.tif /flow_btv3_resize256/sh/t1VSt3/L81_892863_780431.tif
train,/imgs/bj/t1/L81_00671_784063.jpg /imgs/bj/t2/L81_00671_784063.jpg /labels_unch0ch1ig255/bj/t1VSt2/L81_00671_784063.png /building_labels/bj/t1/L81_00671_784063.png /building_labels/bj/t2/L81_00671_784063.png /offset_st_resize256/bj/t1/L81_00671_784063.tif /offset_st_resize256/bj/t2/L81_00671_784063.tif /flow_btv3_resize256/bj/t1VSt2/L81_00671_784063.tif
val,/imgs/sh/t2/L81_892895_780511.jpg /imgs/sh/t3/L81_892895_780511.jpg /labels/sh/t2VSt3/L81_892895_780511.png /building_labels/sh/t2/L81_892895_780511.png /building_labels/sh/t3/L81_892895_780511.png /offset_st_resize256/sh/t2/L81_892895_780511.tif /offset_st_resize256/sh/t3/L81_892895_780511.tif /flow_btv3_resize256/sh/t2VSt3/L81_892895_780511.tif
train,/imgs/bj/t2/L81_00671_784127.jpg /imgs/bj/t3/L81_00671_784127.jpg /labels_unch0ch1ig255/bj/t2VSt3/L81_00671_784127.png /building_labels/bj/t2/L81_00671_784127.png /building_labels/bj/t3/L81_00671_784127.png /offset_st_resize256/bj/t2/L81_00671_784127.tif /offset_st_resize256/bj/t3/L81_00671_784127.tif /flow_btv3_resize256/bj/t2VSt3/L81_00671_784127.tif
train,/imgs/bj/t1/L81_00887_783999.jpg /imgs/bj/t3/L81_00887_783999.jpg /labels_unch0ch1ig255/bj/t1VSt3/L81_00887_783999.png /building_labels/bj/t1/L81_00887_783999.png /building_labels/bj/t3/L81_00887_783999.png /offset_st_resize256/bj/t1/L81_00887_783999.tif /offset_st_resize256/bj/t3/L81_00887_783999.tif /flow_btv3_resize256/bj/t1VSt3/L81_00887_783999.tif
test,/imgs/bj/t2/L81_00687_784271.jpg /imgs/bj/t3/L81_00687_784271.jpg /labels_unch0ch1ig255/bj/t2VSt3/L81_00687_784271.png /building_labels/bj/t2/L81_00687_784271.png /building_labels/bj/t3/L81_00687_784271.png
test,/imgs/sh/t2/L81_892887_780503.jpg /imgs/sh/t3/L81_892887_780503.jpg /labels_unch0ch1ig255/sh/t2VSt3/L81_892887_780503.png /building_labels/sh/t2/L81_892887_780503.png /building_labels/sh/t3/L81_892887_780503.png
train,/imgs/bj/t1/L81_00839_784103.jpg /imgs/bj/t2/L81_00839_784103.jpg /labels_unch0ch1ig255/bj/t1VSt2/L81_00839_784103.png /building_labels/bj/t1/L81_00839_784103.png /building_labels/bj/t2/L81_00839_784103.png /offset_st_resize256/bj/t1/L81_00839_784103.tif /offset_st_resize256/bj/t2/L81_00839_784103.tif /flow_btv3_resize256/bj/t1VSt2/L81_00839_784103.tif
test,/imgs/bj/t1/L81_00663_784127.jpg /imgs/bj/t2/L81_00663_784127.jpg /labels_unch0ch1ig255/bj/t1VSt2/L81_00663_784127.png /building_labels/bj/t1/L81_00663_784127.png /building_labels/bj/t2/L81_00663_784127.png
val,/imgs/sh/t2/L81_892919_780447.jpg /imgs/sh/t3/L81_892919_780447.jpg /labels/sh/t2VSt3/L81_892919_780447.png /building_labels/sh/t2/L81_892919_780447.png /building_labels/sh/t3/L81_892919_780447.png /offset_st_resize256/sh/t2/L81_892919_780447.tif /offset_st_resize256/sh/t3/L81_892919_780447.tif /flow_btv3_resize256/sh/t2VSt3/L81_892919_780447.tif
train,/imgs/bj/t1/L81_00655_784247.jpg /imgs/bj/t2/L81_00655_784247.jpg /labels_unch0ch1ig255/bj/t1VSt2/L81_00655_784247.png /building_labels/bj/t1/L81_00655_784247.png /building_labels/bj/t2/L81_00655_784247.png /offset_st_resize256/bj/t1/L81_00655_784247.tif /offset_st_resize256/bj/t2/L81_00655_784247.tif /flow_btv3_resize256/bj/t1VSt2/L81_00655_784247.tif
test,/imgs/sh/t1/L81_892887_780527.jpg /imgs/sh/t3/L81_892887_780527.jpg /labels_unch0ch1ig255/sh/t1VSt3/L81_892887_780527.png /building_labels/sh/t1/L81_892887_780527.png /building_labels/sh/t3/L81_892887_780527.png
train,/imgs/sh/t1/L81_892895_780431.jpg /imgs/sh/t3/L81_892895_780431.jpg /labels_unch0ch1ig255/sh/t1VSt3/L81_892895_780431.png /building_labels/sh/t1/L81_892895_780431.png /building_labels/sh/t3/L81_892895_780431.png /offset_st_resize256/sh/t1/L81_892895_780431.tif /offset_st_resize256/sh/t3/L81_892895_780431.tif /flow_btv3_resize256/sh/t1VSt3/L81_892895_780431.tif
train,/imgs/sh/t1/L81_892839_780503.jpg /imgs/sh/t2/L81_892839_780503.jpg /labels_unch0ch1ig255/sh/t1VSt2/L81_892839_780503.png /building_labels/sh/t1/L81_892839_780503.png /building_labels/sh/t2/L81_892839_780503.png /offset_st_resize256/sh/t1/L81_892839_780503.tif /offset_st_resize256/sh/t2/L81_892839_780503.tif /flow_btv3_resize256/sh/t1VSt2/L81_892839_780503.tif
test,/imgs/bj/t1/L81_00671_784263.jpg /imgs/bj/t3/L81_00671_784263.jpg /labels_unch0ch1ig255/bj/t1VSt3/L81_00671_784263.png /building_labels/bj/t1/L81_00671_784263.png /building_labels/bj/t3/L81_00671_784263.png
train,/imgs/bj/t1/L81_00711_784079.jpg /imgs/bj/t2/L81_00711_784079.jpg /labels_unch0ch1ig255/bj/t1VSt2/L81_00711_784079.png /building_labels/bj/t1/L81_00711_784079.png /building_labels/bj/t2/L81_00711_784079.png /offset_st_resize256/bj/t1/L81_00711_784079.tif /offset_st_resize256/bj/t2/L81_00711_784079.tif /flow_btv3_resize256/bj/t1VSt2/L81_00711_784079.tif
train,/imgs/bj/t2/L81_00639_784207.jpg /imgs/bj/t3/L81_00639_784207.jpg /labels_unch0ch1ig255/bj/t2VSt3/L81_00639_784207.png /building_labels/bj/t2/L81_00639_784207.png /building_labels/bj/t3/L81_00639_784207.png /offset_st_resize256/bj/t2/L81_00639_784207.tif /offset_st_resize256/bj/t3/L81_00639_784207.tif /flow_btv3_resize256/bj/t2VSt3/L81_00639_784207.tif
train,/imgs/bj/t2/L81_00991_784143.jpg /imgs/bj/t3/L81_00991_784143.jpg /labels_unch0ch1ig255/bj/t2VSt3/L81_00991_784143.png /building_labels/bj/t2/L81_00991_784143.png /building_labels/bj/t3/L81_00991_784143.png /offset_st_resize256/bj/t2/L81_00991_784143.tif /offset_st_resize256/bj/t3/L81_00991_784143.tif /flow_btv3_resize256/bj/t2VSt3/L81_00991_784143.tif
train,/imgs/sh/t1/L81_892911_780511.jpg /imgs/sh/t2/L81_892911_780511.jpg /labels_unch0ch1ig255/sh/t1VSt2/L81_892911_780511.png /building_labels/sh/t1/L81_892911_780511.png /building_labels/sh/t2/L81_892911_780511.png /offset_st_resize256/sh/t1/L81_892911_780511.tif /offset_st_resize256/sh/t2/L81_892911_780511.tif /flow_btv3_resize256/sh/t1VSt2/L81_892911_780511.tif
train,/imgs/bj/t1/L81_00679_784223.jpg /imgs/bj/t3/L81_00679_784223.jpg /labels_unch0ch1ig255/bj/t1VSt3/L81_00679_784223.png /building_labels/bj/t1/L81_00679_784223.png /building_labels/bj/t3/L81_00679_784223.png /offset_st_resize256/bj/t1/L81_00679_784223.tif /offset_st_resize256/bj/t3/L81_00679_784223.tif /flow_btv3_resize256/bj/t1VSt3/L81_00679_784223.tif
train,/imgs/bj/t2/L81_00831_784039.jpg /imgs/bj/t3/L81_00831_784039.jpg /labels_unch0ch1ig255/bj/t2VSt3/L81_00831_784039.png /building_labels/bj/t2/L81_00831_784039.png /building_labels/bj/t3/L81_00831_784039.png /offset_st_resize256/bj/t2/L81_00831_784039.tif /offset_st_resize256/bj/t3/L81_00831_784039.tif /flow_btv3_resize256/bj/t2VSt3/L81_00831_784039.tif
train,/imgs/sh/t1/L81_892823_780495.jpg /imgs/sh/t2/L81_892823_780495.jpg /labels_unch0ch1ig255/sh/t1VSt2/L81_892823_780495.png /building_labels/sh/t1/L81_892823_780495.png /building_labels/sh/t2/L81_892823_780495.png /offset_st_resize256/sh/t1/L81_892823_780495.tif /offset_st_resize256/sh/t2/L81_892823_780495.tif /flow_btv3_resize256/sh/t1VSt2/L81_892823_780495.tif
train,/imgs/bj/t1/L81_00639_784239.jpg /imgs/bj/t2/L81_00639_784239.jpg /labels_unch0ch1ig255/bj/t1VSt2/L81_00639_784239.png /building_labels/bj/t1/L81_00639_784239.png /building_labels/bj/t2/L81_00639_784239.png /offset_st_resize256/bj/t1/L81_00639_784239.tif /offset_st_resize256/bj/t2/L81_00639_784239.tif /flow_btv3_resize256/bj/t1VSt2/L81_00639_784239.tif
train,/imgs/bj/t1/L81_00951_784287.jpg /imgs/bj/t3/L81_00951_784287.jpg /labels_unch0ch1ig255/bj/t1VSt3/L81_00951_784287.png /building_labels/bj/t1/L81_00951_784287.png /building_labels/bj/t3/L81_00951_784287.png /offset_st_resize256/bj/t1/L81_00951_784287.tif /offset_st_resize256/bj/t3/L81_00951_784287.tif /flow_btv3_resize256/bj/t1VSt3/L81_00951_784287.tif
test,/imgs/sh/t1/L81_892895_780439.jpg /imgs/sh/t3/L81_892895_780439.jpg /labels_unch0ch1ig255/sh/t1VSt3/L81_892895_780439.png /building_labels/sh/t1/L81_892895_780439.png /building_labels/sh/t3/L81_892895_780439.png
train,/imgs/bj/t1/L81_00687_784071.jpg /imgs/bj/t3/L81_00687_784071.jpg /labels_unch0ch1ig255/bj/t1VSt3/L81_00687_784071.png /building_labels/bj/t1/L81_00687_784071.png /building_labels/bj/t3/L81_00687_784071.png /offset_st_resize256/bj/t1/L81_00687_784071.tif /offset_st_resize256/bj/t3/L81_00687_784071.tif /flow_btv3_resize256/bj/t1VSt3/L81_00687_784071.tif
train,/imgs/sh/t1/L81_892799_780479.jpg /imgs/sh/t2/L81_892799_780479.jpg /labels_unch0ch1ig255/sh/t1VSt2/L81_892799_780479.png /building_labels/sh/t1/L81_892799_780479.png /building_labels/sh/t2/L81_892799_780479.png /offset_st_resize256/sh/t1/L81_892799_780479.tif /offset_st_resize256/sh/t2/L81_892799_780479.tif /flow_btv3_resize256/sh/t1VSt2/L81_892799_780479.tif
train,/imgs/bj/t1/L81_00871_784263.jpg /imgs/bj/t2/L81_00871_784263.jpg /labels_unch0ch1ig255/bj/t1VSt2/L81_00871_784263.png /building_labels/bj/t1/L81_00871_784263.png /building_labels/bj/t2/L81_00871_784263.png /offset_st_resize256/bj/t1/L81_00871_784263.tif /offset_st_resize256/bj/t2/L81_00871_784263.tif /flow_btv3_resize256/bj/t1VSt2/L81_00871_784263.tif
train,/imgs/bj/t1/L81_00655_784191.jpg /imgs/bj/t3/L81_00655_784191.jpg /labels_unch0ch1ig255/bj/t1VSt3/L81_00655_784191.png /building_labels/bj/t1/L81_00655_784191.png /building_labels/bj/t3/L81_00655_784191.png /offset_st_resize256/bj/t1/L81_00655_784191.tif /offset_st_resize256/bj/t3/L81_00655_784191.tif /flow_btv3_resize256/bj/t1VSt3/L81_00655_784191.tif
test,/imgs/bj/t1/L81_00967_784279.jpg /imgs/bj/t2/L81_00967_784279.jpg /labels_unch0ch1ig255/bj/t1VSt2/L81_00967_784279.png /building_labels/bj/t1/L81_00967_784279.png /building_labels/bj/t2/L81_00967_784279.png
train,/imgs/bj/t1/L81_00687_784287.jpg /imgs/bj/t2/L81_00687_784287.jpg /labels_unch0ch1ig255/bj/t1VSt2/L81_00687_784287.png /building_labels/bj/t1/L81_00687_784287.png /building_labels/bj/t2/L81_00687_784287.png /offset_st_resize256/bj/t1/L81_00687_784287.tif /offset_st_resize256/bj/t2/L81_00687_784287.tif /flow_btv3_resize256/bj/t1VSt2/L81_00687_784287.tif
val,/imgs/bj/t1/L81_00871_783999.jpg /imgs/bj/t3/L81_00871_783999.jpg /labels/bj/t1VSt3/L81_00871_783999.png /building_labels/bj/t1/L81_00871_783999.png /building_labels/bj/t3/L81_00871_783999.png /offset_st_resize256/bj/t1/L81_00871_783999.tif /offset_st_resize256/bj/t3/L81_00871_783999.tif /flow_btv3_resize256/bj/t1VSt3/L81_00871_783999.tif
val,/imgs/bj/t1/L81_00679_784279.jpg /imgs/bj/t2/L81_00679_784279.jpg /labels/bj/t1VSt2/L81_00679_784279.png /building_labels/bj/t1/L81_00679_784279.png /building_labels/bj/t2/L81_00679_784279.png /offset_st_resize256/bj/t1/L81_00679_784279.tif /offset_st_resize256/bj/t2/L81_00679_784279.tif /flow_btv3_resize256/bj/t1VSt2/L81_00679_784279.tif
train,/imgs/sh/t1/L81_892879_780511.jpg /imgs/sh/t3/L81_892879_780511.jpg /labels_unch0ch1ig255/sh/t1VSt3/L81_892879_780511.png /building_labels/sh/t1/L81_892879_780511.png /building_labels/sh/t3/L81_892879_780511.png /offset_st_resize256/sh/t1/L81_892879_780511.tif /offset_st_resize256/sh/t3/L81_892879_780511.tif /flow_btv3_resize256/sh/t1VSt3/L81_892879_780511.tif
train,/imgs/sh/t1/L81_892847_780479.jpg /imgs/sh/t2/L81_892847_780479.jpg /labels_unch0ch1ig255/sh/t1VSt2/L81_892847_780479.png /building_labels/sh/t1/L81_892847_780479.png /building_labels/sh/t2/L81_892847_780479.png /offset_st_resize256/sh/t1/L81_892847_780479.tif /offset_st_resize256/sh/t2/L81_892847_780479.tif /flow_btv3_resize256/sh/t1VSt2/L81_892847_780479.tif
train,/imgs/bj/t1/L81_00687_784095.jpg /imgs/bj/t2/L81_00687_784095.jpg /labels_unch0ch1ig255/bj/t1VSt2/L81_00687_784095.png /building_labels/bj/t1/L81_00687_784095.png /building_labels/bj/t2/L81_00687_784095.png /offset_st_resize256/bj/t1/L81_00687_784095.tif /offset_st_resize256/bj/t2/L81_00687_784095.tif /flow_btv3_resize256/bj/t1VSt2/L81_00687_784095.tif
train,/imgs/bj/t1/L81_00871_783927.jpg /imgs/bj/t3/L81_00871_783927.jpg /labels_unch0ch1ig255/bj/t1VSt3/L81_00871_783927.png /building_labels/bj/t1/L81_00871_783927.png /building_labels/bj/t3/L81_00871_783927.png /offset_st_resize256/bj/t1/L81_00871_783927.tif /offset_st_resize256/bj/t3/L81_00871_783927.tif /flow_btv3_resize256/bj/t1VSt3/L81_00871_783927.tif
train,/imgs/bj/t1/L81_00679_784007.jpg /imgs/bj/t2/L81_00679_784007.jpg /labels_unch0ch1ig255/bj/t1VSt2/L81_00679_784007.png /building_labels/bj/t1/L81_00679_784007.png /building_labels/bj/t2/L81_00679_784007.png /offset_st_resize256/bj/t1/L81_00679_784007.tif /offset_st_resize256/bj/t2/L81_00679_784007.tif /flow_btv3_resize256/bj/t1VSt2/L81_00679_784007.tif
train,/imgs/sh/t1/L81_892799_780439.jpg /imgs/sh/t3/L81_892799_780439.jpg /labels_unch0ch1ig255/sh/t1VSt3/L81_892799_780439.png /building_labels/sh/t1/L81_892799_780439.png /building_labels/sh/t3/L81_892799_780439.png /offset_st_resize256/sh/t1/L81_892799_780439.tif /offset_st_resize256/sh/t3/L81_892799_780439.tif /flow_btv3_resize256/sh/t1VSt3/L81_892799_780439.tif
train,/imgs/bj/t1/L81_00839_784031.jpg /imgs/bj/t3/L81_00839_784031.jpg /labels_unch0ch1ig255/bj/t1VSt3/L81_00839_784031.png /building_labels/bj/t1/L81_00839_784031.png /building_labels/bj/t3/L81_00839_784031.png /offset_st_resize256/bj/t1/L81_00839_784031.tif /offset_st_resize256/bj/t3/L81_00839_784031.tif /flow_btv3_resize256/bj/t1VSt3/L81_00839_784031.tif
train,/imgs/bj/t2/L81_00847_784055.jpg /imgs/bj/t3/L81_00847_784055.jpg /labels_unch0ch1ig255/bj/t2VSt3/L81_00847_784055.png /building_labels/bj/t2/L81_00847_784055.png /building_labels/bj/t3/L81_00847_784055.png /offset_st_resize256/bj/t2/L81_00847_784055.tif /offset_st_resize256/bj/t3/L81_00847_784055.tif /flow_btv3_resize256/bj/t2VSt3/L81_00847_784055.tif
train,/imgs/bj/t1/L81_00839_784183.jpg /imgs/bj/t2/L81_00839_784183.jpg /labels_unch0ch1ig255/bj/t1VSt2/L81_00839_784183.png /building_labels/bj/t1/L81_00839_784183.png /building_labels/bj/t2/L81_00839_784183.png /offset_st_resize256/bj/t1/L81_00839_784183.tif /offset_st_resize256/bj/t2/L81_00839_784183.tif /flow_btv3_resize256/bj/t1VSt2/L81_00839_784183.tif
train,/imgs/bj/t2/L81_00639_784103.jpg /imgs/bj/t3/L81_00639_784103.jpg /labels_unch0ch1ig255/bj/t2VSt3/L81_00639_784103.png /building_labels/bj/t2/L81_00639_784103.png /building_labels/bj/t3/L81_00639_784103.png /offset_st_resize256/bj/t2/L81_00639_784103.tif /offset_st_resize256/bj/t3/L81_00639_784103.tif /flow_btv3_resize256/bj/t2VSt3/L81_00639_784103.tif
train,/imgs/bj/t2/L81_00823_784223.jpg /imgs/bj/t3/L81_00823_784223.jpg /labels_unch0ch1ig255/bj/t2VSt3/L81_00823_784223.png /building_labels/bj/t2/L81_00823_784223.png /building_labels/bj/t3/L81_00823_784223.png /offset_st_resize256/bj/t2/L81_00823_784223.tif /offset_st_resize256/bj/t3/L81_00823_784223.tif /flow_btv3_resize256/bj/t2VSt3/L81_00823_784223.tif
train,/imgs/bj/t1/L81_00823_784335.jpg /imgs/bj/t2/L81_00823_784335.jpg /labels_unch0ch1ig255/bj/t1VSt2/L81_00823_784335.png /building_labels/bj/t1/L81_00823_784335.png /building_labels/bj/t2/L81_00823_784335.png /offset_st_resize256/bj/t1/L81_00823_784335.tif /offset_st_resize256/bj/t2/L81_00823_784335.tif /flow_btv3_resize256/bj/t1VSt2/L81_00823_784335.tif
train,/imgs/sh/t1/L81_892895_780503.jpg /imgs/sh/t3/L81_892895_780503.jpg /labels_unch0ch1ig255/sh/t1VSt3/L81_892895_780503.png /building_labels/sh/t1/L81_892895_780503.png /building_labels/sh/t3/L81_892895_780503.png /offset_st_resize256/sh/t1/L81_892895_780503.tif /offset_st_resize256/sh/t3/L81_892895_780503.tif /flow_btv3_resize256/sh/t1VSt3/L81_892895_780503.tif
train,/imgs/bj/t1/L81_00663_784239.jpg /imgs/bj/t3/L81_00663_784239.jpg /labels_unch0ch1ig255/bj/t1VSt3/L81_00663_784239.png /building_labels/bj/t1/L81_00663_784239.png /building_labels/bj/t3/L81_00663_784239.png /offset_st_resize256/bj/t1/L81_00663_784239.tif /offset_st_resize256/bj/t3/L81_00663_784239.tif /flow_btv3_resize256/bj/t1VSt3/L81_00663_784239.tif
train,/imgs/bj/t1/L81_00655_784175.jpg /imgs/bj/t2/L81_00655_784175.jpg /labels_unch0ch1ig255/bj/t1VSt2/L81_00655_784175.png /building_labels/bj/t1/L81_00655_784175.png /building_labels/bj/t2/L81_00655_784175.png /offset_st_resize256/bj/t1/L81_00655_784175.tif /offset_st_resize256/bj/t2/L81_00655_784175.tif /flow_btv3_resize256/bj/t1VSt2/L81_00655_784175.tif
train,/imgs/bj/t2/L81_00655_783959.jpg /imgs/bj/t3/L81_00655_783959.jpg /labels_unch0ch1ig255/bj/t2VSt3/L81_00655_783959.png /building_labels/bj/t2/L81_00655_783959.png /building_labels/bj/t3/L81_00655_783959.png /offset_st_resize256/bj/t2/L81_00655_783959.tif /offset_st_resize256/bj/t3/L81_00655_783959.tif /flow_btv3_resize256/bj/t2VSt3/L81_00655_783959.tif
train,/imgs/bj/t2/L81_00887_783983.jpg /imgs/bj/t3/L81_00887_783983.jpg /labels_unch0ch1ig255/bj/t2VSt3/L81_00887_783983.png /building_labels/bj/t2/L81_00887_783983.png /building_labels/bj/t3/L81_00887_783983.png /offset_st_resize256/bj/t2/L81_00887_783983.tif /offset_st_resize256/bj/t3/L81_00887_783983.tif /flow_btv3_resize256/bj/t2VSt3/L81_00887_783983.tif
train,/imgs/bj/t1/L81_00639_784295.jpg /imgs/bj/t2/L81_00639_784295.jpg /labels_unch0ch1ig255/bj/t1VSt2/L81_00639_784295.png /building_labels/bj/t1/L81_00639_784295.png /building_labels/bj/t2/L81_00639_784295.png /offset_st_resize256/bj/t1/L81_00639_784295.tif /offset_st_resize256/bj/t2/L81_00639_784295.tif /flow_btv3_resize256/bj/t1VSt2/L81_00639_784295.tif
train,/imgs/bj/t2/L81_00679_784087.jpg /imgs/bj/t3/L81_00679_784087.jpg /labels_unch0ch1ig255/bj/t2VSt3/L81_00679_784087.png /building_labels/bj/t2/L81_00679_784087.png /building_labels/bj/t3/L81_00679_784087.png /offset_st_resize256/bj/t2/L81_00679_784087.tif /offset_st_resize256/bj/t3/L81_00679_784087.tif /flow_btv3_resize256/bj/t2VSt3/L81_00679_784087.tif
train,/imgs/bj/t2/L81_00679_784311.jpg /imgs/bj/t3/L81_00679_784311.jpg /labels_unch0ch1ig255/bj/t2VSt3/L81_00679_784311.png /building_labels/bj/t2/L81_00679_784311.png /building_labels/bj/t3/L81_00679_784311.png /offset_st_resize256/bj/t2/L81_00679_784311.tif /offset_st_resize256/bj/t3/L81_00679_784311.tif /flow_btv3_resize256/bj/t2VSt3/L81_00679_784311.tif
train,/imgs/bj/t1/L81_00639_784167.jpg /imgs/bj/t2/L81_00639_784167.jpg /labels_unch0ch1ig255/bj/t1VSt2/L81_00639_784167.png /building_labels/bj/t1/L81_00639_784167.png /building_labels/bj/t2/L81_00639_784167.png /offset_st_resize256/bj/t1/L81_00639_784167.tif /offset_st_resize256/bj/t2/L81_00639_784167.tif /flow_btv3_resize256/bj/t1VSt2/L81_00639_784167.tif
train,/imgs/bj/t2/L81_00951_784303.jpg /imgs/bj/t3/L81_00951_784303.jpg /labels_unch0ch1ig255/bj/t2VSt3/L81_00951_784303.png /building_labels/bj/t2/L81_00951_784303.png /building_labels/bj/t3/L81_00951_784303.png /offset_st_resize256/bj/t2/L81_00951_784303.tif /offset_st_resize256/bj/t3/L81_00951_784303.tif /flow_btv3_resize256/bj/t2VSt3/L81_00951_784303.tif
train,/imgs/bj/t2/L81_00679_784175.jpg /imgs/bj/t3/L81_00679_784175.jpg /labels_unch0ch1ig255/bj/t2VSt3/L81_00679_784175.png /building_labels/bj/t2/L81_00679_784175.png /building_labels/bj/t3/L81_00679_784175.png /offset_st_resize256/bj/t2/L81_00679_784175.tif /offset_st_resize256/bj/t3/L81_00679_784175.tif /flow_btv3_resize256/bj/t2VSt3/L81_00679_784175.tif
train,/imgs/bj/t1/L81_00639_783959.jpg /imgs/bj/t2/L81_00639_783959.jpg /labels_unch0ch1ig255/bj/t1VSt2/L81_00639_783959.png /building_labels/bj/t1/L81_00639_783959.png /building_labels/bj/t2/L81_00639_783959.png /offset_st_resize256/bj/t1/L81_00639_783959.tif /offset_st_resize256/bj/t2/L81_00639_783959.tif /flow_btv3_resize256/bj/t1VSt2/L81_00639_783959.tif
train,/imgs/bj/t1/L81_00655_784191.jpg /imgs/bj/t2/L81_00655_784191.jpg /labels_unch0ch1ig255/bj/t1VSt2/L81_00655_784191.png /building_labels/bj/t1/L81_00655_784191.png /building_labels/bj/t2/L81_00655_784191.png /offset_st_resize256/bj/t1/L81_00655_784191.tif /offset_st_resize256/bj/t2/L81_00655_784191.tif /flow_btv3_resize256/bj/t1VSt2/L81_00655_784191.tif
train,/imgs/bj/t1/L81_00663_783991.jpg /imgs/bj/t3/L81_00663_783991.jpg /labels_unch0ch1ig255/bj/t1VSt3/L81_00663_783991.png /building_labels/bj/t1/L81_00663_783991.png /building_labels/bj/t3/L81_00663_783991.png /offset_st_resize256/bj/t1/L81_00663_783991.tif /offset_st_resize256/bj/t3/L81_00663_783991.tif /flow_btv3_resize256/bj/t1VSt3/L81_00663_783991.tif
train,/imgs/bj/t2/L81_00639_784311.jpg /imgs/bj/t3/L81_00639_784311.jpg /labels_unch0ch1ig255/bj/t2VSt3/L81_00639_784311.png /building_labels/bj/t2/L81_00639_784311.png /building_labels/bj/t3/L81_00639_784311.png /offset_st_resize256/bj/t2/L81_00639_784311.tif /offset_st_resize256/bj/t3/L81_00639_784311.tif /flow_btv3_resize256/bj/t2VSt3/L81_00639_784311.tif
train,/imgs/bj/t2/L81_00679_784255.jpg /imgs/bj/t3/L81_00679_784255.jpg /labels_unch0ch1ig255/bj/t2VSt3/L81_00679_784255.png /building_labels/bj/t2/L81_00679_784255.png /building_labels/bj/t3/L81_00679_784255.png /offset_st_resize256/bj/t2/L81_00679_784255.tif /offset_st_resize256/bj/t3/L81_00679_784255.tif /flow_btv3_resize256/bj/t2VSt3/L81_00679_784255.tif
train,/imgs/bj/t1/L81_00639_784079.jpg /imgs/bj/t3/L81_00639_784079.jpg /labels_unch0ch1ig255/bj/t1VSt3/L81_00639_784079.png /building_labels/bj/t1/L81_00639_784079.png /building_labels/bj/t3/L81_00639_784079.png /offset_st_resize256/bj/t1/L81_00639_784079.tif /offset_st_resize256/bj/t3/L81_00639_784079.tif /flow_btv3_resize256/bj/t1VSt3/L81_00639_784079.tif
test,/imgs/sh/t2/L81_892855_780463.jpg /imgs/sh/t3/L81_892855_780463.jpg /labels_unch0ch1ig255/sh/t2VSt3/L81_892855_780463.png /building_labels/sh/t2/L81_892855_780463.png /building_labels/sh/t3/L81_892855_780463.png
train,/imgs/bj/t1/L81_00671_784271.jpg /imgs/bj/t2/L81_00671_784271.jpg /labels_unch0ch1ig255/bj/t1VSt2/L81_00671_784271.png /building_labels/bj/t1/L81_00671_784271.png /building_labels/bj/t2/L81_00671_784271.png /offset_st_resize256/bj/t1/L81_00671_784271.tif /offset_st_resize256/bj/t2/L81_00671_784271.tif /flow_btv3_resize256/bj/t1VSt2/L81_00671_784271.tif
train,/imgs/bj/t2/L81_00839_784207.jpg /imgs/bj/t3/L81_00839_784207.jpg /labels_unch0ch1ig255/bj/t2VSt3/L81_00839_784207.png /building_labels/bj/t2/L81_00839_784207.png /building_labels/bj/t3/L81_00839_784207.png /offset_st_resize256/bj/t2/L81_00839_784207.tif /offset_st_resize256/bj/t3/L81_00839_784207.tif /flow_btv3_resize256/bj/t2VSt3/L81_00839_784207.tif
train,/imgs/bj/t1/L81_00663_784255.jpg /imgs/bj/t3/L81_00663_784255.jpg /labels_unch0ch1ig255/bj/t1VSt3/L81_00663_784255.png /building_labels/bj/t1/L81_00663_784255.png /building_labels/bj/t3/L81_00663_784255.png /offset_st_resize256/bj/t1/L81_00663_784255.tif /offset_st_resize256/bj/t3/L81_00663_784255.tif /flow_btv3_resize256/bj/t1VSt3/L81_00663_784255.tif
train,/imgs/bj/t1/L81_00671_784015.jpg /imgs/bj/t2/L81_00671_784015.jpg /labels_unch0ch1ig255/bj/t1VSt2/L81_00671_784015.png /building_labels/bj/t1/L81_00671_784015.png /building_labels/bj/t2/L81_00671_784015.png /offset_st_resize256/bj/t1/L81_00671_784015.tif /offset_st_resize256/bj/t2/L81_00671_784015.tif /flow_btv3_resize256/bj/t1VSt2/L81_00671_784015.tif
train,/imgs/sh/t1/L81_892831_780511.jpg /imgs/sh/t3/L81_892831_780511.jpg /labels_unch0ch1ig255/sh/t1VSt3/L81_892831_780511.png /building_labels/sh/t1/L81_892831_780511.png /building_labels/sh/t3/L81_892831_780511.png /offset_st_resize256/sh/t1/L81_892831_780511.tif /offset_st_resize256/sh/t3/L81_892831_780511.tif /flow_btv3_resize256/sh/t1VSt3/L81_892831_780511.tif
train,/imgs/bj/t2/L81_00679_784143.jpg /imgs/bj/t3/L81_00679_784143.jpg /labels_unch0ch1ig255/bj/t2VSt3/L81_00679_784143.png /building_labels/bj/t2/L81_00679_784143.png /building_labels/bj/t3/L81_00679_784143.png /offset_st_resize256/bj/t2/L81_00679_784143.tif /offset_st_resize256/bj/t3/L81_00679_784143.tif /flow_btv3_resize256/bj/t2VSt3/L81_00679_784143.tif
train,/imgs/bj/t2/L81_00815_784343.jpg /imgs/bj/t3/L81_00815_784343.jpg /labels_unch0ch1ig255/bj/t2VSt3/L81_00815_784343.png /building_labels/bj/t2/L81_00815_784343.png /building_labels/bj/t3/L81_00815_784343.png /offset_st_resize256/bj/t2/L81_00815_784343.tif /offset_st_resize256/bj/t3/L81_00815_784343.tif /flow_btv3_resize256/bj/t2VSt3/L81_00815_784343.tif
train,/imgs/bj/t1/L81_00863_783967.jpg /imgs/bj/t3/L81_00863_783967.jpg /labels_unch0ch1ig255/bj/t1VSt3/L81_00863_783967.png /building_labels/bj/t1/L81_00863_783967.png /building_labels/bj/t3/L81_00863_783967.png /offset_st_resize256/bj/t1/L81_00863_783967.tif /offset_st_resize256/bj/t3/L81_00863_783967.tif /flow_btv3_resize256/bj/t1VSt3/L81_00863_783967.tif
train,/imgs/sh/t1/L81_892823_780479.jpg /imgs/sh/t2/L81_892823_780479.jpg /labels_unch0ch1ig255/sh/t1VSt2/L81_892823_780479.png /building_labels/sh/t1/L81_892823_780479.png /building_labels/sh/t2/L81_892823_780479.png /offset_st_resize256/sh/t1/L81_892823_780479.tif /offset_st_resize256/sh/t2/L81_892823_780479.tif /flow_btv3_resize256/sh/t1VSt2/L81_892823_780479.tif
train,/imgs/sh/t1/L81_892879_780423.jpg /imgs/sh/t3/L81_892879_780423.jpg /labels_unch0ch1ig255/sh/t1VSt3/L81_892879_780423.png /building_labels/sh/t1/L81_892879_780423.png /building_labels/sh/t3/L81_892879_780423.png /offset_st_resize256/sh/t1/L81_892879_780423.tif /offset_st_resize256/sh/t3/L81_892879_780423.tif /flow_btv3_resize256/sh/t1VSt3/L81_892879_780423.tif
train,/imgs/sh/t1/L81_892839_780479.jpg /imgs/sh/t2/L81_892839_780479.jpg /labels_unch0ch1ig255/sh/t1VSt2/L81_892839_780479.png /building_labels/sh/t1/L81_892839_780479.png /building_labels/sh/t2/L81_892839_780479.png /offset_st_resize256/sh/t1/L81_892839_780479.tif /offset_st_resize256/sh/t2/L81_892839_780479.tif /flow_btv3_resize256/sh/t1VSt2/L81_892839_780479.tif
train,/imgs/bj/t1/L81_00671_784103.jpg /imgs/bj/t2/L81_00671_784103.jpg /labels_unch0ch1ig255/bj/t1VSt2/L81_00671_784103.png /building_labels/bj/t1/L81_00671_784103.png /building_labels/bj/t2/L81_00671_784103.png /offset_st_resize256/bj/t1/L81_00671_784103.tif /offset_st_resize256/bj/t2/L81_00671_784103.tif /flow_btv3_resize256/bj/t1VSt2/L81_00671_784103.tif
train,/imgs/sh/t1/L81_892823_780527.jpg /imgs/sh/t3/L81_892823_780527.jpg /labels_unch0ch1ig255/sh/t1VSt3/L81_892823_780527.png /building_labels/sh/t1/L81_892823_780527.png /building_labels/sh/t3/L81_892823_780527.png /offset_st_resize256/sh/t1/L81_892823_780527.tif /offset_st_resize256/sh/t3/L81_892823_780527.tif /flow_btv3_resize256/sh/t1VSt3/L81_892823_780527.tif
train,/imgs/bj/t1/L81_00831_784247.jpg /imgs/bj/t3/L81_00831_784247.jpg /labels_unch0ch1ig255/bj/t1VSt3/L81_00831_784247.png /building_labels/bj/t1/L81_00831_784247.png /building_labels/bj/t3/L81_00831_784247.png /offset_st_resize256/bj/t1/L81_00831_784247.tif /offset_st_resize256/bj/t3/L81_00831_784247.tif /flow_btv3_resize256/bj/t1VSt3/L81_00831_784247.tif
train,/imgs/sh/t1/L81_892879_780487.jpg /imgs/sh/t3/L81_892879_780487.jpg /labels_unch0ch1ig255/sh/t1VSt3/L81_892879_780487.png /building_labels/sh/t1/L81_892879_780487.png /building_labels/sh/t3/L81_892879_780487.png /offset_st_resize256/sh/t1/L81_892879_780487.tif /offset_st_resize256/sh/t3/L81_892879_780487.tif /flow_btv3_resize256/sh/t1VSt3/L81_892879_780487.tif
train,/imgs/sh/t2/L81_892919_780527.jpg /imgs/sh/t3/L81_892919_780527.jpg /labels_unch0ch1ig255/sh/t2VSt3/L81_892919_780527.png /building_labels/sh/t2/L81_892919_780527.png /building_labels/sh/t3/L81_892919_780527.png /offset_st_resize256/sh/t2/L81_892919_780527.tif /offset_st_resize256/sh/t3/L81_892919_780527.tif /flow_btv3_resize256/sh/t2VSt3/L81_892919_780527.tif
train,/imgs/bj/t1/L81_00711_784135.jpg /imgs/bj/t2/L81_00711_784135.jpg /labels_unch0ch1ig255/bj/t1VSt2/L81_00711_784135.png /building_labels/bj/t1/L81_00711_784135.png /building_labels/bj/t2/L81_00711_784135.png /offset_st_resize256/bj/t1/L81_00711_784135.tif /offset_st_resize256/bj/t2/L81_00711_784135.tif /flow_btv3_resize256/bj/t1VSt2/L81_00711_784135.tif
train,/imgs/bj/t1/L81_00687_784215.jpg /imgs/bj/t2/L81_00687_784215.jpg /labels_unch0ch1ig255/bj/t1VSt2/L81_00687_784215.png /building_labels/bj/t1/L81_00687_784215.png /building_labels/bj/t2/L81_00687_784215.png /offset_st_resize256/bj/t1/L81_00687_784215.tif /offset_st_resize256/bj/t2/L81_00687_784215.tif /flow_btv3_resize256/bj/t1VSt2/L81_00687_784215.tif
train,/imgs/bj/t2/L81_00647_784303.jpg /imgs/bj/t3/L81_00647_784303.jpg /labels_unch0ch1ig255/bj/t2VSt3/L81_00647_784303.png /building_labels/bj/t2/L81_00647_784303.png /building_labels/bj/t3/L81_00647_784303.png /offset_st_resize256/bj/t2/L81_00647_784303.tif /offset_st_resize256/bj/t3/L81_00647_784303.tif /flow_btv3_resize256/bj/t2VSt3/L81_00647_784303.tif
train,/imgs/bj/t1/L81_00671_784231.jpg /imgs/bj/t2/L81_00671_784231.jpg /labels_unch0ch1ig255/bj/t1VSt2/L81_00671_784231.png /building_labels/bj/t1/L81_00671_784231.png /building_labels/bj/t2/L81_00671_784231.png /offset_st_resize256/bj/t1/L81_00671_784231.tif /offset_st_resize256/bj/t2/L81_00671_784231.tif /flow_btv3_resize256/bj/t1VSt2/L81_00671_784231.tif
train,/imgs/sh/t2/L81_892823_780423.jpg /imgs/sh/t3/L81_892823_780423.jpg /labels_unch0ch1ig255/sh/t2VSt3/L81_892823_780423.png /building_labels/sh/t2/L81_892823_780423.png /building_labels/sh/t3/L81_892823_780423.png /offset_st_resize256/sh/t2/L81_892823_780423.tif /offset_st_resize256/sh/t3/L81_892823_780423.tif /flow_btv3_resize256/sh/t2VSt3/L81_892823_780423.tif
train,/imgs/bj/t2/L81_00647_784159.jpg /imgs/bj/t3/L81_00647_784159.jpg /labels_unch0ch1ig255/bj/t2VSt3/L81_00647_784159.png /building_labels/bj/t2/L81_00647_784159.png /building_labels/bj/t3/L81_00647_784159.png /offset_st_resize256/bj/t2/L81_00647_784159.tif /offset_st_resize256/bj/t3/L81_00647_784159.tif /flow_btv3_resize256/bj/t2VSt3/L81_00647_784159.tif
train,/imgs/bj/t2/L81_00647_784279.jpg /imgs/bj/t3/L81_00647_784279.jpg /labels_unch0ch1ig255/bj/t2VSt3/L81_00647_784279.png /building_labels/bj/t2/L81_00647_784279.png /building_labels/bj/t3/L81_00647_784279.png /offset_st_resize256/bj/t2/L81_00647_784279.tif /offset_st_resize256/bj/t3/L81_00647_784279.tif /flow_btv3_resize256/bj/t2VSt3/L81_00647_784279.tif
train,/imgs/bj/t1/L81_00855_784239.jpg /imgs/bj/t3/L81_00855_784239.jpg /labels_unch0ch1ig255/bj/t1VSt3/L81_00855_784239.png /building_labels/bj/t1/L81_00855_784239.png /building_labels/bj/t3/L81_00855_784239.png /offset_st_resize256/bj/t1/L81_00855_784239.tif /offset_st_resize256/bj/t3/L81_00855_784239.tif /flow_btv3_resize256/bj/t1VSt3/L81_00855_784239.tif
train,/imgs/sh/t1/L81_892863_780511.jpg /imgs/sh/t3/L81_892863_780511.jpg /labels_unch0ch1ig255/sh/t1VSt3/L81_892863_780511.png /building_labels/sh/t1/L81_892863_780511.png /building_labels/sh/t3/L81_892863_780511.png /offset_st_resize256/sh/t1/L81_892863_780511.tif /offset_st_resize256/sh/t3/L81_892863_780511.tif /flow_btv3_resize256/sh/t1VSt3/L81_892863_780511.tif
train,/imgs/sh/t2/L81_892839_780439.jpg /imgs/sh/t3/L81_892839_780439.jpg /labels_unch0ch1ig255/sh/t2VSt3/L81_892839_780439.png /building_labels/sh/t2/L81_892839_780439.png /building_labels/sh/t3/L81_892839_780439.png /offset_st_resize256/sh/t2/L81_892839_780439.tif /offset_st_resize256/sh/t3/L81_892839_780439.tif /flow_btv3_resize256/sh/t2VSt3/L81_892839_780439.tif
train,/imgs/bj/t2/L81_00687_784159.jpg /imgs/bj/t3/L81_00687_784159.jpg /labels_unch0ch1ig255/bj/t2VSt3/L81_00687_784159.png /building_labels/bj/t2/L81_00687_784159.png /building_labels/bj/t3/L81_00687_784159.png /offset_st_resize256/bj/t2/L81_00687_784159.tif /offset_st_resize256/bj/t3/L81_00687_784159.tif /flow_btv3_resize256/bj/t2VSt3/L81_00687_784159.tif
train,/imgs/bj/t1/L81_00655_784207.jpg /imgs/bj/t2/L81_00655_784207.jpg /labels_unch0ch1ig255/bj/t1VSt2/L81_00655_784207.png /building_labels/bj/t1/L81_00655_784207.png /building_labels/bj/t2/L81_00655_784207.png /offset_st_resize256/bj/t1/L81_00655_784207.tif /offset_st_resize256/bj/t2/L81_00655_784207.tif /flow_btv3_resize256/bj/t1VSt2/L81_00655_784207.tif
train,/imgs/sh/t1/L81_892783_780423.jpg /imgs/sh/t2/L81_892783_780423.jpg /labels_unch0ch1ig255/sh/t1VSt2/L81_892783_780423.png /building_labels/sh/t1/L81_892783_780423.png /building_labels/sh/t2/L81_892783_780423.png /offset_st_resize256/sh/t1/L81_892783_780423.tif /offset_st_resize256/sh/t2/L81_892783_780423.tif /flow_btv3_resize256/sh/t1VSt2/L81_892783_780423.tif
train,/imgs/bj/t1/L81_00855_784071.jpg /imgs/bj/t2/L81_00855_784071.jpg /labels_unch0ch1ig255/bj/t1VSt2/L81_00855_784071.png /building_labels/bj/t1/L81_00855_784071.png /building_labels/bj/t2/L81_00855_784071.png /offset_st_resize256/bj/t1/L81_00855_784071.tif /offset_st_resize256/bj/t2/L81_00855_784071.tif /flow_btv3_resize256/bj/t1VSt2/L81_00855_784071.tif
train,/imgs/bj/t2/L81_00647_784215.jpg /imgs/bj/t3/L81_00647_784215.jpg /labels_unch0ch1ig255/bj/t2VSt3/L81_00647_784215.png /building_labels/bj/t2/L81_00647_784215.png /building_labels/bj/t3/L81_00647_784215.png /offset_st_resize256/bj/t2/L81_00647_784215.tif /offset_st_resize256/bj/t3/L81_00647_784215.tif /flow_btv3_resize256/bj/t2VSt3/L81_00647_784215.tif
train,/imgs/bj/t1/L81_00655_784119.jpg /imgs/bj/t3/L81_00655_784119.jpg /labels_unch0ch1ig255/bj/t1VSt3/L81_00655_784119.png /building_labels/bj/t1/L81_00655_784119.png /building_labels/bj/t3/L81_00655_784119.png /offset_st_resize256/bj/t1/L81_00655_784119.tif /offset_st_resize256/bj/t3/L81_00655_784119.tif /flow_btv3_resize256/bj/t1VSt3/L81_00655_784119.tif
train,/imgs/sh/t1/L81_892823_780447.jpg /imgs/sh/t3/L81_892823_780447.jpg /labels_unch0ch1ig255/sh/t1VSt3/L81_892823_780447.png /building_labels/sh/t1/L81_892823_780447.png /building_labels/sh/t3/L81_892823_780447.png /offset_st_resize256/sh/t1/L81_892823_780447.tif /offset_st_resize256/sh/t3/L81_892823_780447.tif /flow_btv3_resize256/sh/t1VSt3/L81_892823_780447.tif
train,/imgs/bj/t1/L81_00831_784351.jpg /imgs/bj/t3/L81_00831_784351.jpg /labels_unch0ch1ig255/bj/t1VSt3/L81_00831_784351.png /building_labels/bj/t1/L81_00831_784351.png /building_labels/bj/t3/L81_00831_784351.png /offset_st_resize256/bj/t1/L81_00831_784351.tif /offset_st_resize256/bj/t3/L81_00831_784351.tif /flow_btv3_resize256/bj/t1VSt3/L81_00831_784351.tif
train,/imgs/bj/t1/L81_00687_784143.jpg /imgs/bj/t3/L81_00687_784143.jpg /labels_unch0ch1ig255/bj/t1VSt3/L81_00687_784143.png /building_labels/bj/t1/L81_00687_784143.png /building_labels/bj/t3/L81_00687_784143.png /offset_st_resize256/bj/t1/L81_00687_784143.tif /offset_st_resize256/bj/t3/L81_00687_784143.tif /flow_btv3_resize256/bj/t1VSt3/L81_00687_784143.tif
train,/imgs/bj/t1/L81_00671_784143.jpg /imgs/bj/t2/L81_00671_784143.jpg /labels_unch0ch1ig255/bj/t1VSt2/L81_00671_784143.png /building_labels/bj/t1/L81_00671_784143.png /building_labels/bj/t2/L81_00671_784143.png /offset_st_resize256/bj/t1/L81_00671_784143.tif /offset_st_resize256/bj/t2/L81_00671_784143.tif /flow_btv3_resize256/bj/t1VSt2/L81_00671_784143.tif
train,/imgs/bj/t1/L81_00679_784135.jpg /imgs/bj/t2/L81_00679_784135.jpg /labels_unch0ch1ig255/bj/t1VSt2/L81_00679_784135.png /building_labels/bj/t1/L81_00679_784135.png /building_labels/bj/t2/L81_00679_784135.png /offset_st_resize256/bj/t1/L81_00679_784135.tif /offset_st_resize256/bj/t2/L81_00679_784135.tif /flow_btv3_resize256/bj/t1VSt2/L81_00679_784135.tif
train,/imgs/bj/t1/L81_00831_784143.jpg /imgs/bj/t3/L81_00831_784143.jpg /labels_unch0ch1ig255/bj/t1VSt3/L81_00831_784143.png /building_labels/bj/t1/L81_00831_784143.png /building_labels/bj/t3/L81_00831_784143.png /offset_st_resize256/bj/t1/L81_00831_784143.tif /offset_st_resize256/bj/t3/L81_00831_784143.tif /flow_btv3_resize256/bj/t1VSt3/L81_00831_784143.tif
train,/imgs/bj/t1/L81_00863_784311.jpg /imgs/bj/t3/L81_00863_784311.jpg /labels_unch0ch1ig255/bj/t1VSt3/L81_00863_784311.png /building_labels/bj/t1/L81_00863_784311.png /building_labels/bj/t3/L81_00863_784311.png /offset_st_resize256/bj/t1/L81_00863_784311.tif /offset_st_resize256/bj/t3/L81_00863_784311.tif /flow_btv3_resize256/bj/t1VSt3/L81_00863_784311.tif
train,/imgs/bj/t2/L81_00671_784175.jpg /imgs/bj/t3/L81_00671_784175.jpg /labels_unch0ch1ig255/bj/t2VSt3/L81_00671_784175.png /building_labels/bj/t2/L81_00671_784175.png /building_labels/bj/t3/L81_00671_784175.png /offset_st_resize256/bj/t2/L81_00671_784175.tif /offset_st_resize256/bj/t3/L81_00671_784175.tif /flow_btv3_resize256/bj/t2VSt3/L81_00671_784175.tif
train,/imgs/bj/t2/L81_00863_783967.jpg /imgs/bj/t3/L81_00863_783967.jpg /labels_unch0ch1ig255/bj/t2VSt3/L81_00863_783967.png /building_labels/bj/t2/L81_00863_783967.png /building_labels/bj/t3/L81_00863_783967.png /offset_st_resize256/bj/t2/L81_00863_783967.tif /offset_st_resize256/bj/t3/L81_00863_783967.tif /flow_btv3_resize256/bj/t2VSt3/L81_00863_783967.tif
train,/imgs/bj/t1/L81_00655_783983.jpg /imgs/bj/t2/L81_00655_783983.jpg /labels_unch0ch1ig255/bj/t1VSt2/L81_00655_783983.png /building_labels/bj/t1/L81_00655_783983.png /building_labels/bj/t2/L81_00655_783983.png /offset_st_resize256/bj/t1/L81_00655_783983.tif /offset_st_resize256/bj/t2/L81_00655_783983.tif /flow_btv3_resize256/bj/t1VSt2/L81_00655_783983.tif
train,/imgs/bj/t1/L81_00711_784127.jpg /imgs/bj/t3/L81_00711_784127.jpg /labels_unch0ch1ig255/bj/t1VSt3/L81_00711_784127.png /building_labels/bj/t1/L81_00711_784127.png /building_labels/bj/t3/L81_00711_784127.png /offset_st_resize256/bj/t1/L81_00711_784127.tif /offset_st_resize256/bj/t3/L81_00711_784127.tif /flow_btv3_resize256/bj/t1VSt3/L81_00711_784127.tif
train,/imgs/bj/t1/L81_00671_784135.jpg /imgs/bj/t3/L81_00671_784135.jpg /labels_unch0ch1ig255/bj/t1VSt3/L81_00671_784135.png /building_labels/bj/t1/L81_00671_784135.png /building_labels/bj/t3/L81_00671_784135.png /offset_st_resize256/bj/t1/L81_00671_784135.tif /offset_st_resize256/bj/t3/L81_00671_784135.tif /flow_btv3_resize256/bj/t1VSt3/L81_00671_784135.tif
train,/imgs/bj/t1/L81_00679_784271.jpg /imgs/bj/t2/L81_00679_784271.jpg /labels_unch0ch1ig255/bj/t1VSt2/L81_00679_784271.png /building_labels/bj/t1/L81_00679_784271.png /building_labels/bj/t2/L81_00679_784271.png /offset_st_resize256/bj/t1/L81_00679_784271.tif /offset_st_resize256/bj/t2/L81_00679_784271.tif /flow_btv3_resize256/bj/t1VSt2/L81_00679_784271.tif
train,/imgs/bj/t1/L81_00831_784039.jpg /imgs/bj/t2/L81_00831_784039.jpg /labels_unch0ch1ig255/bj/t1VSt2/L81_00831_784039.png /building_labels/bj/t1/L81_00831_784039.png /building_labels/bj/t2/L81_00831_784039.png /offset_st_resize256/bj/t1/L81_00831_784039.tif /offset_st_resize256/bj/t2/L81_00831_784039.tif /flow_btv3_resize256/bj/t1VSt2/L81_00831_784039.tif
train,/imgs/bj/t2/L81_00831_784279.jpg /imgs/bj/t3/L81_00831_784279.jpg /labels_unch0ch1ig255/bj/t2VSt3/L81_00831_784279.png /building_labels/bj/t2/L81_00831_784279.png /building_labels/bj/t3/L81_00831_784279.png /offset_st_resize256/bj/t2/L81_00831_784279.tif /offset_st_resize256/bj/t3/L81_00831_784279.tif /flow_btv3_resize256/bj/t2VSt3/L81_00831_784279.tif
train,/imgs/bj/t1/L81_00991_784143.jpg /imgs/bj/t3/L81_00991_784143.jpg /labels_unch0ch1ig255/bj/t1VSt3/L81_00991_784143.png /building_labels/bj/t1/L81_00991_784143.png /building_labels/bj/t3/L81_00991_784143.png /offset_st_resize256/bj/t1/L81_00991_784143.tif /offset_st_resize256/bj/t3/L81_00991_784143.tif /flow_btv3_resize256/bj/t1VSt3/L81_00991_784143.tif
train,/imgs/sh/t2/L81_892783_780503.jpg /imgs/sh/t3/L81_892783_780503.jpg /labels_unch0ch1ig255/sh/t2VSt3/L81_892783_780503.png /building_labels/sh/t2/L81_892783_780503.png /building_labels/sh/t3/L81_892783_780503.png /offset_st_resize256/sh/t2/L81_892783_780503.tif /offset_st_resize256/sh/t3/L81_892783_780503.tif /flow_btv3_resize256/sh/t2VSt3/L81_892783_780503.tif
train,/imgs/sh/t1/L81_892807_780471.jpg /imgs/sh/t3/L81_892807_780471.jpg /labels_unch0ch1ig255/sh/t1VSt3/L81_892807_780471.png /building_labels/sh/t1/L81_892807_780471.png /building_labels/sh/t3/L81_892807_780471.png /offset_st_resize256/sh/t1/L81_892807_780471.tif /offset_st_resize256/sh/t3/L81_892807_780471.tif /flow_btv3_resize256/sh/t1VSt3/L81_892807_780471.tif
val,/imgs/sh/t1/L81_892911_780431.jpg /imgs/sh/t3/L81_892911_780431.jpg /labels/sh/t1VSt3/L81_892911_780431.png /building_labels/sh/t1/L81_892911_780431.png /building_labels/sh/t3/L81_892911_780431.png /offset_st_resize256/sh/t1/L81_892911_780431.tif /offset_st_resize256/sh/t3/L81_892911_780431.tif /flow_btv3_resize256/sh/t1VSt3/L81_892911_780431.tif
train,/imgs/sh/t1/L81_892847_780423.jpg /imgs/sh/t2/L81_892847_780423.jpg /labels_unch0ch1ig255/sh/t1VSt2/L81_892847_780423.png /building_labels/sh/t1/L81_892847_780423.png /building_labels/sh/t2/L81_892847_780423.png /offset_st_resize256/sh/t1/L81_892847_780423.tif /offset_st_resize256/sh/t2/L81_892847_780423.tif /flow_btv3_resize256/sh/t1VSt2/L81_892847_780423.tif
train,/imgs/bj/t1/L81_00671_784239.jpg /imgs/bj/t3/L81_00671_784239.jpg /labels_unch0ch1ig255/bj/t1VSt3/L81_00671_784239.png /building_labels/bj/t1/L81_00671_784239.png /building_labels/bj/t3/L81_00671_784239.png /offset_st_resize256/bj/t1/L81_00671_784239.tif /offset_st_resize256/bj/t3/L81_00671_784239.tif /flow_btv3_resize256/bj/t1VSt3/L81_00671_784239.tif
train,/imgs/bj/t1/L81_00663_784159.jpg /imgs/bj/t2/L81_00663_784159.jpg /labels_unch0ch1ig255/bj/t1VSt2/L81_00663_784159.png /building_labels/bj/t1/L81_00663_784159.png /building_labels/bj/t2/L81_00663_784159.png /offset_st_resize256/bj/t1/L81_00663_784159.tif /offset_st_resize256/bj/t2/L81_00663_784159.tif /flow_btv3_resize256/bj/t1VSt2/L81_00663_784159.tif
train,/imgs/bj/t1/L81_00663_784119.jpg /imgs/bj/t3/L81_00663_784119.jpg /labels_unch0ch1ig255/bj/t1VSt3/L81_00663_784119.png /building_labels/bj/t1/L81_00663_784119.png /building_labels/bj/t3/L81_00663_784119.png /offset_st_resize256/bj/t1/L81_00663_784119.tif /offset_st_resize256/bj/t3/L81_00663_784119.tif /flow_btv3_resize256/bj/t1VSt3/L81_00663_784119.tif
train,/imgs/bj/t1/L81_00831_784295.jpg /imgs/bj/t3/L81_00831_784295.jpg /labels_unch0ch1ig255/bj/t1VSt3/L81_00831_784295.png /building_labels/bj/t1/L81_00831_784295.png /building_labels/bj/t3/L81_00831_784295.png /offset_st_resize256/bj/t1/L81_00831_784295.tif /offset_st_resize256/bj/t3/L81_00831_784295.tif /flow_btv3_resize256/bj/t1VSt3/L81_00831_784295.tif
train,/imgs/sh/t2/L81_892911_780463.jpg /imgs/sh/t3/L81_892911_780463.jpg /labels_unch0ch1ig255/sh/t2VSt3/L81_892911_780463.png /building_labels/sh/t2/L81_892911_780463.png /building_labels/sh/t3/L81_892911_780463.png /offset_st_resize256/sh/t2/L81_892911_780463.tif /offset_st_resize256/sh/t3/L81_892911_780463.tif /flow_btv3_resize256/sh/t2VSt3/L81_892911_780463.tif
train,/imgs/bj/t1/L81_00839_784287.jpg /imgs/bj/t2/L81_00839_784287.jpg /labels_unch0ch1ig255/bj/t1VSt2/L81_00839_784287.png /building_labels/bj/t1/L81_00839_784287.png /building_labels/bj/t2/L81_00839_784287.png /offset_st_resize256/bj/t1/L81_00839_784287.tif /offset_st_resize256/bj/t2/L81_00839_784287.tif /flow_btv3_resize256/bj/t1VSt2/L81_00839_784287.tif
train,/imgs/bj/t1/L81_00671_784319.jpg /imgs/bj/t3/L81_00671_784319.jpg /labels_unch0ch1ig255/bj/t1VSt3/L81_00671_784319.png /building_labels/bj/t1/L81_00671_784319.png /building_labels/bj/t3/L81_00671_784319.png /offset_st_resize256/bj/t1/L81_00671_784319.tif /offset_st_resize256/bj/t3/L81_00671_784319.tif /flow_btv3_resize256/bj/t1VSt3/L81_00671_784319.tif
train,/imgs/bj/t1/L81_00663_784287.jpg /imgs/bj/t2/L81_00663_784287.jpg /labels_unch0ch1ig255/bj/t1VSt2/L81_00663_784287.png /building_labels/bj/t1/L81_00663_784287.png /building_labels/bj/t2/L81_00663_784287.png /offset_st_resize256/bj/t1/L81_00663_784287.tif /offset_st_resize256/bj/t2/L81_00663_784287.tif /flow_btv3_resize256/bj/t1VSt2/L81_00663_784287.tif
train,/imgs/bj/t2/L81_00711_784127.jpg /imgs/bj/t3/L81_00711_784127.jpg /labels_unch0ch1ig255/bj/t2VSt3/L81_00711_784127.png /building_labels/bj/t2/L81_00711_784127.png /building_labels/bj/t3/L81_00711_784127.png /offset_st_resize256/bj/t2/L81_00711_784127.tif /offset_st_resize256/bj/t3/L81_00711_784127.tif /flow_btv3_resize256/bj/t2VSt3/L81_00711_784127.tif
train,/imgs/bj/t2/L81_00655_784167.jpg /imgs/bj/t3/L81_00655_784167.jpg /labels_unch0ch1ig255/bj/t2VSt3/L81_00655_784167.png /building_labels/bj/t2/L81_00655_784167.png /building_labels/bj/t3/L81_00655_784167.png /offset_st_resize256/bj/t2/L81_00655_784167.tif /offset_st_resize256/bj/t3/L81_00655_784167.tif /flow_btv3_resize256/bj/t2VSt3/L81_00655_784167.tif
train,/imgs/bj/t1/L81_00687_784223.jpg /imgs/bj/t3/L81_00687_784223.jpg /labels_unch0ch1ig255/bj/t1VSt3/L81_00687_784223.png /building_labels/bj/t1/L81_00687_784223.png /building_labels/bj/t3/L81_00687_784223.png /offset_st_resize256/bj/t1/L81_00687_784223.tif /offset_st_resize256/bj/t3/L81_00687_784223.tif /flow_btv3_resize256/bj/t1VSt3/L81_00687_784223.tif
test,/imgs/bj/t2/L81_00879_784247.jpg /imgs/bj/t3/L81_00879_784247.jpg /labels_unch0ch1ig255/bj/t2VSt3/L81_00879_784247.png /building_labels/bj/t2/L81_00879_784247.png /building_labels/bj/t3/L81_00879_784247.png
test,/imgs/bj/t1/L81_00823_784071.jpg /imgs/bj/t2/L81_00823_784071.jpg /labels_unch0ch1ig255/bj/t1VSt2/L81_00823_784071.png /building_labels/bj/t1/L81_00823_784071.png /building_labels/bj/t2/L81_00823_784071.png
train,/imgs/bj/t1/L81_00663_784135.jpg /imgs/bj/t2/L81_00663_784135.jpg /labels_unch0ch1ig255/bj/t1VSt2/L81_00663_784135.png /building_labels/bj/t1/L81_00663_784135.png /building_labels/bj/t2/L81_00663_784135.png /offset_st_resize256/bj/t1/L81_00663_784135.tif /offset_st_resize256/bj/t2/L81_00663_784135.tif /flow_btv3_resize256/bj/t1VSt2/L81_00663_784135.tif
train,/imgs/bj/t1/L81_00671_784039.jpg /imgs/bj/t3/L81_00671_784039.jpg /labels_unch0ch1ig255/bj/t1VSt3/L81_00671_784039.png /building_labels/bj/t1/L81_00671_784039.png /building_labels/bj/t3/L81_00671_784039.png /offset_st_resize256/bj/t1/L81_00671_784039.tif /offset_st_resize256/bj/t3/L81_00671_784039.tif /flow_btv3_resize256/bj/t1VSt3/L81_00671_784039.tif
test,/imgs/bj/t1/L81_00855_784191.jpg /imgs/bj/t3/L81_00855_784191.jpg /labels_unch0ch1ig255/bj/t1VSt3/L81_00855_784191.png /building_labels/bj/t1/L81_00855_784191.png /building_labels/bj/t3/L81_00855_784191.png
train,/imgs/sh/t2/L81_892855_780495.jpg /imgs/sh/t3/L81_892855_780495.jpg /labels_unch0ch1ig255/sh/t2VSt3/L81_892855_780495.png /building_labels/sh/t2/L81_892855_780495.png /building_labels/sh/t3/L81_892855_780495.png /offset_st_resize256/sh/t2/L81_892855_780495.tif /offset_st_resize256/sh/t3/L81_892855_780495.tif /flow_btv3_resize256/sh/t2VSt3/L81_892855_780495.tif
train,/imgs/sh/t2/L81_892839_780511.jpg /imgs/sh/t3/L81_892839_780511.jpg /labels_unch0ch1ig255/sh/t2VSt3/L81_892839_780511.png /building_labels/sh/t2/L81_892839_780511.png /building_labels/sh/t3/L81_892839_780511.png /offset_st_resize256/sh/t2/L81_892839_780511.tif /offset_st_resize256/sh/t3/L81_892839_780511.tif /flow_btv3_resize256/sh/t2VSt3/L81_892839_780511.tif
train,/imgs/sh/t1/L81_892911_780511.jpg /imgs/sh/t3/L81_892911_780511.jpg /labels_unch0ch1ig255/sh/t1VSt3/L81_892911_780511.png /building_labels/sh/t1/L81_892911_780511.png /building_labels/sh/t3/L81_892911_780511.png /offset_st_resize256/sh/t1/L81_892911_780511.tif /offset_st_resize256/sh/t3/L81_892911_780511.tif /flow_btv3_resize256/sh/t1VSt3/L81_892911_780511.tif
train,/imgs/bj/t1/L81_00863_784159.jpg /imgs/bj/t3/L81_00863_784159.jpg /labels_unch0ch1ig255/bj/t1VSt3/L81_00863_784159.png /building_labels/bj/t1/L81_00863_784159.png /building_labels/bj/t3/L81_00863_784159.png /offset_st_resize256/bj/t1/L81_00863_784159.tif /offset_st_resize256/bj/t3/L81_00863_784159.tif /flow_btv3_resize256/bj/t1VSt3/L81_00863_784159.tif
train,/imgs/bj/t1/L81_00847_784199.jpg /imgs/bj/t3/L81_00847_784199.jpg /labels_unch0ch1ig255/bj/t1VSt3/L81_00847_784199.png /building_labels/bj/t1/L81_00847_784199.png /building_labels/bj/t3/L81_00847_784199.png /offset_st_resize256/bj/t1/L81_00847_784199.tif /offset_st_resize256/bj/t3/L81_00847_784199.tif /flow_btv3_resize256/bj/t1VSt3/L81_00847_784199.tif
train,/imgs/bj/t1/L81_00679_784247.jpg /imgs/bj/t2/L81_00679_784247.jpg /labels_unch0ch1ig255/bj/t1VSt2/L81_00679_784247.png /building_labels/bj/t1/L81_00679_784247.png /building_labels/bj/t2/L81_00679_784247.png /offset_st_resize256/bj/t1/L81_00679_784247.tif /offset_st_resize256/bj/t2/L81_00679_784247.tif /flow_btv3_resize256/bj/t1VSt2/L81_00679_784247.tif
train,/imgs/sh/t1/L81_892911_780479.jpg /imgs/sh/t2/L81_892911_780479.jpg /labels_unch0ch1ig255/sh/t1VSt2/L81_892911_780479.png /building_labels/sh/t1/L81_892911_780479.png /building_labels/sh/t2/L81_892911_780479.png /offset_st_resize256/sh/t1/L81_892911_780479.tif /offset_st_resize256/sh/t2/L81_892911_780479.tif /flow_btv3_resize256/sh/t1VSt2/L81_892911_780479.tif
train,/imgs/bj/t1/L81_00831_784087.jpg /imgs/bj/t2/L81_00831_784087.jpg /labels_unch0ch1ig255/bj/t1VSt2/L81_00831_784087.png /building_labels/bj/t1/L81_00831_784087.png /building_labels/bj/t2/L81_00831_784087.png /offset_st_resize256/bj/t1/L81_00831_784087.tif /offset_st_resize256/bj/t2/L81_00831_784087.tif /flow_btv3_resize256/bj/t1VSt2/L81_00831_784087.tif
train,/imgs/bj/t1/L81_00919_784271.jpg /imgs/bj/t2/L81_00919_784271.jpg /labels_unch0ch1ig255/bj/t1VSt2/L81_00919_784271.png /building_labels/bj/t1/L81_00919_784271.png /building_labels/bj/t2/L81_00919_784271.png /offset_st_resize256/bj/t1/L81_00919_784271.tif /offset_st_resize256/bj/t2/L81_00919_784271.tif /flow_btv3_resize256/bj/t1VSt2/L81_00919_784271.tif
train,/imgs/sh/t1/L81_892839_780423.jpg /imgs/sh/t3/L81_892839_780423.jpg /labels_unch0ch1ig255/sh/t1VSt3/L81_892839_780423.png /building_labels/sh/t1/L81_892839_780423.png /building_labels/sh/t3/L81_892839_780423.png /offset_st_resize256/sh/t1/L81_892839_780423.tif /offset_st_resize256/sh/t3/L81_892839_780423.tif /flow_btv3_resize256/sh/t1VSt3/L81_892839_780423.tif
train,/imgs/sh/t1/L81_892831_780431.jpg /imgs/sh/t2/L81_892831_780431.jpg /labels_unch0ch1ig255/sh/t1VSt2/L81_892831_780431.png /building_labels/sh/t1/L81_892831_780431.png /building_labels/sh/t2/L81_892831_780431.png /offset_st_resize256/sh/t1/L81_892831_780431.tif /offset_st_resize256/sh/t2/L81_892831_780431.tif /flow_btv3_resize256/sh/t1VSt2/L81_892831_780431.tif
train,/imgs/bj/t2/L81_00663_784151.jpg /imgs/bj/t3/L81_00663_784151.jpg /labels_unch0ch1ig255/bj/t2VSt3/L81_00663_784151.png /building_labels/bj/t2/L81_00663_784151.png /building_labels/bj/t3/L81_00663_784151.png /offset_st_resize256/bj/t2/L81_00663_784151.tif /offset_st_resize256/bj/t3/L81_00663_784151.tif /flow_btv3_resize256/bj/t2VSt3/L81_00663_784151.tif
train,/imgs/bj/t2/L81_00647_784239.jpg /imgs/bj/t3/L81_00647_784239.jpg /labels_unch0ch1ig255/bj/t2VSt3/L81_00647_784239.png /building_labels/bj/t2/L81_00647_784239.png /building_labels/bj/t3/L81_00647_784239.png /offset_st_resize256/bj/t2/L81_00647_784239.tif /offset_st_resize256/bj/t3/L81_00647_784239.tif /flow_btv3_resize256/bj/t2VSt3/L81_00647_784239.tif
train,/imgs/sh/t1/L81_892807_780431.jpg /imgs/sh/t3/L81_892807_780431.jpg /labels_unch0ch1ig255/sh/t1VSt3/L81_892807_780431.png /building_labels/sh/t1/L81_892807_780431.png /building_labels/sh/t3/L81_892807_780431.png /offset_st_resize256/sh/t1/L81_892807_780431.tif /offset_st_resize256/sh/t3/L81_892807_780431.tif /flow_btv3_resize256/sh/t1VSt3/L81_892807_780431.tif
train,/imgs/bj/t2/L81_00639_784191.jpg /imgs/bj/t3/L81_00639_784191.jpg /labels_unch0ch1ig255/bj/t2VSt3/L81_00639_784191.png /building_labels/bj/t2/L81_00639_784191.png /building_labels/bj/t3/L81_00639_784191.png /offset_st_resize256/bj/t2/L81_00639_784191.tif /offset_st_resize256/bj/t3/L81_00639_784191.tif /flow_btv3_resize256/bj/t2VSt3/L81_00639_784191.tif
val,/imgs/sh/t1/L81_892895_780511.jpg /imgs/sh/t3/L81_892895_780511.jpg /labels/sh/t1VSt3/L81_892895_780511.png /building_labels/sh/t1/L81_892895_780511.png /building_labels/sh/t3/L81_892895_780511.png /offset_st_resize256/sh/t1/L81_892895_780511.tif /offset_st_resize256/sh/t3/L81_892895_780511.tif /flow_btv3_resize256/sh/t1VSt3/L81_892895_780511.tif
train,/imgs/sh/t1/L81_892919_780471.jpg /imgs/sh/t3/L81_892919_780471.jpg /labels_unch0ch1ig255/sh/t1VSt3/L81_892919_780471.png /building_labels/sh/t1/L81_892919_780471.png /building_labels/sh/t3/L81_892919_780471.png /offset_st_resize256/sh/t1/L81_892919_780471.tif /offset_st_resize256/sh/t3/L81_892919_780471.tif /flow_btv3_resize256/sh/t1VSt3/L81_892919_780471.tif
train,/imgs/sh/t2/L81_892903_780487.jpg /imgs/sh/t3/L81_892903_780487.jpg /labels_unch0ch1ig255/sh/t2VSt3/L81_892903_780487.png /building_labels/sh/t2/L81_892903_780487.png /building_labels/sh/t3/L81_892903_780487.png /offset_st_resize256/sh/t2/L81_892903_780487.tif /offset_st_resize256/sh/t3/L81_892903_780487.tif /flow_btv3_resize256/sh/t2VSt3/L81_892903_780487.tif
train,/imgs/bj/t2/L81_00855_784071.jpg /imgs/bj/t3/L81_00855_784071.jpg /labels_unch0ch1ig255/bj/t2VSt3/L81_00855_784071.png /building_labels/bj/t2/L81_00855_784071.png /building_labels/bj/t3/L81_00855_784071.png /offset_st_resize256/bj/t2/L81_00855_784071.tif /offset_st_resize256/bj/t3/L81_00855_784071.tif /flow_btv3_resize256/bj/t2VSt3/L81_00855_784071.tif
test,/imgs/bj/t2/L81_00831_784079.jpg /imgs/bj/t3/L81_00831_784079.jpg /labels_unch0ch1ig255/bj/t2VSt3/L81_00831_784079.png /building_labels/bj/t2/L81_00831_784079.png /building_labels/bj/t3/L81_00831_784079.png
train,/imgs/bj/t1/L81_00687_784183.jpg /imgs/bj/t3/L81_00687_784183.jpg /labels_unch0ch1ig255/bj/t1VSt3/L81_00687_784183.png /building_labels/bj/t1/L81_00687_784183.png /building_labels/bj/t3/L81_00687_784183.png /offset_st_resize256/bj/t1/L81_00687_784183.tif /offset_st_resize256/bj/t3/L81_00687_784183.tif /flow_btv3_resize256/bj/t1VSt3/L81_00687_784183.tif
train,/imgs/bj/t2/L81_00847_784063.jpg /imgs/bj/t3/L81_00847_784063.jpg /labels_unch0ch1ig255/bj/t2VSt3/L81_00847_784063.png /building_labels/bj/t2/L81_00847_784063.png /building_labels/bj/t3/L81_00847_784063.png /offset_st_resize256/bj/t2/L81_00847_784063.tif /offset_st_resize256/bj/t3/L81_00847_784063.tif /flow_btv3_resize256/bj/t2VSt3/L81_00847_784063.tif
train,/imgs/bj/t1/L81_00839_784239.jpg /imgs/bj/t2/L81_00839_784239.jpg /labels_unch0ch1ig255/bj/t1VSt2/L81_00839_784239.png /building_labels/bj/t1/L81_00839_784239.png /building_labels/bj/t2/L81_00839_784239.png /offset_st_resize256/bj/t1/L81_00839_784239.tif /offset_st_resize256/bj/t2/L81_00839_784239.tif /flow_btv3_resize256/bj/t1VSt2/L81_00839_784239.tif
train,/imgs/bj/t2/L81_00839_784271.jpg /imgs/bj/t3/L81_00839_784271.jpg /labels_unch0ch1ig255/bj/t2VSt3/L81_00839_784271.png /building_labels/bj/t2/L81_00839_784271.png /building_labels/bj/t3/L81_00839_784271.png /offset_st_resize256/bj/t2/L81_00839_784271.tif /offset_st_resize256/bj/t3/L81_00839_784271.tif /flow_btv3_resize256/bj/t2VSt3/L81_00839_784271.tif
train,/imgs/bj/t1/L81_00815_784223.jpg /imgs/bj/t3/L81_00815_784223.jpg /labels_unch0ch1ig255/bj/t1VSt3/L81_00815_784223.png /building_labels/bj/t1/L81_00815_784223.png /building_labels/bj/t3/L81_00815_784223.png /offset_st_resize256/bj/t1/L81_00815_784223.tif /offset_st_resize256/bj/t3/L81_00815_784223.tif /flow_btv3_resize256/bj/t1VSt3/L81_00815_784223.tif
train,/imgs/bj/t1/L81_00639_784263.jpg /imgs/bj/t2/L81_00639_784263.jpg /labels_unch0ch1ig255/bj/t1VSt2/L81_00639_784263.png /building_labels/bj/t1/L81_00639_784263.png /building_labels/bj/t2/L81_00639_784263.png /offset_st_resize256/bj/t1/L81_00639_784263.tif /offset_st_resize256/bj/t2/L81_00639_784263.tif /flow_btv3_resize256/bj/t1VSt2/L81_00639_784263.tif
val,/imgs/bj/t1/L81_00823_784031.jpg /imgs/bj/t2/L81_00823_784031.jpg /labels/bj/t1VSt2/L81_00823_784031.png /building_labels/bj/t1/L81_00823_784031.png /building_labels/bj/t2/L81_00823_784031.png /offset_st_resize256/bj/t1/L81_00823_784031.tif /offset_st_resize256/bj/t2/L81_00823_784031.tif /flow_btv3_resize256/bj/t1VSt2/L81_00823_784031.tif
val,/imgs/bj/t1/L81_00687_784055.jpg /imgs/bj/t3/L81_00687_784055.jpg /labels/bj/t1VSt3/L81_00687_784055.png /building_labels/bj/t1/L81_00687_784055.png /building_labels/bj/t3/L81_00687_784055.png /offset_st_resize256/bj/t1/L81_00687_784055.tif /offset_st_resize256/bj/t3/L81_00687_784055.tif /flow_btv3_resize256/bj/t1VSt3/L81_00687_784055.tif
train,/imgs/sh/t1/L81_892815_780447.jpg /imgs/sh/t3/L81_892815_780447.jpg /labels_unch0ch1ig255/sh/t1VSt3/L81_892815_780447.png /building_labels/sh/t1/L81_892815_780447.png /building_labels/sh/t3/L81_892815_780447.png /offset_st_resize256/sh/t1/L81_892815_780447.tif /offset_st_resize256/sh/t3/L81_892815_780447.tif /flow_btv3_resize256/sh/t1VSt3/L81_892815_780447.tif
val,/imgs/bj/t1/L81_00879_783991.jpg /imgs/bj/t2/L81_00879_783991.jpg /labels/bj/t1VSt2/L81_00879_783991.png /building_labels/bj/t1/L81_00879_783991.png /building_labels/bj/t2/L81_00879_783991.png /offset_st_resize256/bj/t1/L81_00879_783991.tif /offset_st_resize256/bj/t2/L81_00879_783991.tif /flow_btv3_resize256/bj/t1VSt2/L81_00879_783991.tif
train,/imgs/bj/t1/L81_00663_783975.jpg /imgs/bj/t3/L81_00663_783975.jpg /labels_unch0ch1ig255/bj/t1VSt3/L81_00663_783975.png /building_labels/bj/t1/L81_00663_783975.png /building_labels/bj/t3/L81_00663_783975.png /offset_st_resize256/bj/t1/L81_00663_783975.tif /offset_st_resize256/bj/t3/L81_00663_783975.tif /flow_btv3_resize256/bj/t1VSt3/L81_00663_783975.tif
test,/imgs/sh/t2/L81_892919_780423.jpg /imgs/sh/t3/L81_892919_780423.jpg /labels_unch0ch1ig255/sh/t2VSt3/L81_892919_780423.png /building_labels/sh/t2/L81_892919_780423.png /building_labels/sh/t3/L81_892919_780423.png
train,/imgs/bj/t1/L81_00671_784031.jpg /imgs/bj/t2/L81_00671_784031.jpg /labels_unch0ch1ig255/bj/t1VSt2/L81_00671_784031.png /building_labels/bj/t1/L81_00671_784031.png /building_labels/bj/t2/L81_00671_784031.png /offset_st_resize256/bj/t1/L81_00671_784031.tif /offset_st_resize256/bj/t2/L81_00671_784031.tif /flow_btv3_resize256/bj/t1VSt2/L81_00671_784031.tif
train,/imgs/bj/t1/L81_00887_784007.jpg /imgs/bj/t3/L81_00887_784007.jpg /labels_unch0ch1ig255/bj/t1VSt3/L81_00887_784007.png /building_labels/bj/t1/L81_00887_784007.png /building_labels/bj/t3/L81_00887_784007.png /offset_st_resize256/bj/t1/L81_00887_784007.tif /offset_st_resize256/bj/t3/L81_00887_784007.tif /flow_btv3_resize256/bj/t1VSt3/L81_00887_784007.tif
test,/imgs/bj/t1/L81_00687_784271.jpg /imgs/bj/t3/L81_00687_784271.jpg /labels_unch0ch1ig255/bj/t1VSt3/L81_00687_784271.png /building_labels/bj/t1/L81_00687_784271.png /building_labels/bj/t3/L81_00687_784271.png
test,/imgs/bj/t2/L81_00871_784199.jpg /imgs/bj/t3/L81_00871_784199.jpg /labels_unch0ch1ig255/bj/t2VSt3/L81_00871_784199.png /building_labels/bj/t2/L81_00871_784199.png /building_labels/bj/t3/L81_00871_784199.png
train,/imgs/sh/t1/L81_892839_780423.jpg /imgs/sh/t2/L81_892839_780423.jpg /labels_unch0ch1ig255/sh/t1VSt2/L81_892839_780423.png /building_labels/sh/t1/L81_892839_780423.png /building_labels/sh/t2/L81_892839_780423.png /offset_st_resize256/sh/t1/L81_892839_780423.tif /offset_st_resize256/sh/t2/L81_892839_780423.tif /flow_btv3_resize256/sh/t1VSt2/L81_892839_780423.tif
train,/imgs/bj/t1/L81_00679_784327.jpg /imgs/bj/t2/L81_00679_784327.jpg /labels_unch0ch1ig255/bj/t1VSt2/L81_00679_784327.png /building_labels/bj/t1/L81_00679_784327.png /building_labels/bj/t2/L81_00679_784327.png /offset_st_resize256/bj/t1/L81_00679_784327.tif /offset_st_resize256/bj/t2/L81_00679_784327.tif /flow_btv3_resize256/bj/t1VSt2/L81_00679_784327.tif
test,/imgs/bj/t1/L81_00663_784207.jpg /imgs/bj/t2/L81_00663_784207.jpg /labels_unch0ch1ig255/bj/t1VSt2/L81_00663_784207.png /building_labels/bj/t1/L81_00663_784207.png /building_labels/bj/t2/L81_00663_784207.png
train,/imgs/sh/t2/L81_892903_780447.jpg /imgs/sh/t3/L81_892903_780447.jpg /labels_unch0ch1ig255/sh/t2VSt3/L81_892903_780447.png /building_labels/sh/t2/L81_892903_780447.png /building_labels/sh/t3/L81_892903_780447.png /offset_st_resize256/sh/t2/L81_892903_780447.tif /offset_st_resize256/sh/t3/L81_892903_780447.tif /flow_btv3_resize256/sh/t2VSt3/L81_892903_780447.tif
train,/imgs/bj/t2/L81_00687_784047.jpg /imgs/bj/t3/L81_00687_784047.jpg /labels_unch0ch1ig255/bj/t2VSt3/L81_00687_784047.png /building_labels/bj/t2/L81_00687_784047.png /building_labels/bj/t3/L81_00687_784047.png /offset_st_resize256/bj/t2/L81_00687_784047.tif /offset_st_resize256/bj/t3/L81_00687_784047.tif /flow_btv3_resize256/bj/t2VSt3/L81_00687_784047.tif
train,/imgs/bj/t1/L81_00711_784135.jpg /imgs/bj/t3/L81_00711_784135.jpg /labels_unch0ch1ig255/bj/t1VSt3/L81_00711_784135.png /building_labels/bj/t1/L81_00711_784135.png /building_labels/bj/t3/L81_00711_784135.png /offset_st_resize256/bj/t1/L81_00711_784135.tif /offset_st_resize256/bj/t3/L81_00711_784135.tif /flow_btv3_resize256/bj/t1VSt3/L81_00711_784135.tif
train,/imgs/bj/t1/L81_01031_784007.jpg /imgs/bj/t2/L81_01031_784007.jpg /labels_unch0ch1ig255/bj/t1VSt2/L81_01031_784007.png /building_labels/bj/t1/L81_01031_784007.png /building_labels/bj/t2/L81_01031_784007.png /offset_st_resize256/bj/t1/L81_01031_784007.tif /offset_st_resize256/bj/t2/L81_01031_784007.tif /flow_btv3_resize256/bj/t1VSt2/L81_01031_784007.tif
train,/imgs/bj/t1/L81_00663_784031.jpg /imgs/bj/t3/L81_00663_784031.jpg /labels_unch0ch1ig255/bj/t1VSt3/L81_00663_784031.png /building_labels/bj/t1/L81_00663_784031.png /building_labels/bj/t3/L81_00663_784031.png /offset_st_resize256/bj/t1/L81_00663_784031.tif /offset_st_resize256/bj/t3/L81_00663_784031.tif /flow_btv3_resize256/bj/t1VSt3/L81_00663_784031.tif
train,/imgs/bj/t1/L81_00663_784295.jpg /imgs/bj/t3/L81_00663_784295.jpg /labels_unch0ch1ig255/bj/t1VSt3/L81_00663_784295.png /building_labels/bj/t1/L81_00663_784295.png /building_labels/bj/t3/L81_00663_784295.png /offset_st_resize256/bj/t1/L81_00663_784295.tif /offset_st_resize256/bj/t3/L81_00663_784295.tif /flow_btv3_resize256/bj/t1VSt3/L81_00663_784295.tif
train,/imgs/sh/t1/L81_892807_780423.jpg /imgs/sh/t2/L81_892807_780423.jpg /labels_unch0ch1ig255/sh/t1VSt2/L81_892807_780423.png /building_labels/sh/t1/L81_892807_780423.png /building_labels/sh/t2/L81_892807_780423.png /offset_st_resize256/sh/t1/L81_892807_780423.tif /offset_st_resize256/sh/t2/L81_892807_780423.tif /flow_btv3_resize256/sh/t1VSt2/L81_892807_780423.tif
train,/imgs/sh/t2/L81_892871_780487.jpg /imgs/sh/t3/L81_892871_780487.jpg /labels_unch0ch1ig255/sh/t2VSt3/L81_892871_780487.png /building_labels/sh/t2/L81_892871_780487.png /building_labels/sh/t3/L81_892871_780487.png /offset_st_resize256/sh/t2/L81_892871_780487.tif /offset_st_resize256/sh/t3/L81_892871_780487.tif /flow_btv3_resize256/sh/t2VSt3/L81_892871_780487.tif
train,/imgs/bj/t1/L81_00679_784319.jpg /imgs/bj/t2/L81_00679_784319.jpg /labels_unch0ch1ig255/bj/t1VSt2/L81_00679_784319.png /building_labels/bj/t1/L81_00679_784319.png /building_labels/bj/t2/L81_00679_784319.png /offset_st_resize256/bj/t1/L81_00679_784319.tif /offset_st_resize256/bj/t2/L81_00679_784319.tif /flow_btv3_resize256/bj/t1VSt2/L81_00679_784319.tif
train,/imgs/sh/t1/L81_892791_780503.jpg /imgs/sh/t2/L81_892791_780503.jpg /labels_unch0ch1ig255/sh/t1VSt2/L81_892791_780503.png /building_labels/sh/t1/L81_892791_780503.png /building_labels/sh/t2/L81_892791_780503.png /offset_st_resize256/sh/t1/L81_892791_780503.tif /offset_st_resize256/sh/t2/L81_892791_780503.tif /flow_btv3_resize256/sh/t1VSt2/L81_892791_780503.tif
train,/imgs/sh/t1/L81_892871_780527.jpg /imgs/sh/t3/L81_892871_780527.jpg /labels_unch0ch1ig255/sh/t1VSt3/L81_892871_780527.png /building_labels/sh/t1/L81_892871_780527.png /building_labels/sh/t3/L81_892871_780527.png /offset_st_resize256/sh/t1/L81_892871_780527.tif /offset_st_resize256/sh/t3/L81_892871_780527.tif /flow_btv3_resize256/sh/t1VSt3/L81_892871_780527.tif
val,/imgs/sh/t2/L81_892863_780423.jpg /imgs/sh/t3/L81_892863_780423.jpg /labels/sh/t2VSt3/L81_892863_780423.png /building_labels/sh/t2/L81_892863_780423.png /building_labels/sh/t3/L81_892863_780423.png /offset_st_resize256/sh/t2/L81_892863_780423.tif /offset_st_resize256/sh/t3/L81_892863_780423.tif /flow_btv3_resize256/sh/t2VSt3/L81_892863_780423.tif
train,/imgs/sh/t1/L81_892863_780439.jpg /imgs/sh/t2/L81_892863_780439.jpg /labels_unch0ch1ig255/sh/t1VSt2/L81_892863_780439.png /building_labels/sh/t1/L81_892863_780439.png /building_labels/sh/t2/L81_892863_780439.png /offset_st_resize256/sh/t1/L81_892863_780439.tif /offset_st_resize256/sh/t2/L81_892863_780439.tif /flow_btv3_resize256/sh/t1VSt2/L81_892863_780439.tif
val,/imgs/sh/t1/L81_892815_780439.jpg /imgs/sh/t3/L81_892815_780439.jpg /labels/sh/t1VSt3/L81_892815_780439.png /building_labels/sh/t1/L81_892815_780439.png /building_labels/sh/t3/L81_892815_780439.png /offset_st_resize256/sh/t1/L81_892815_780439.tif /offset_st_resize256/sh/t3/L81_892815_780439.tif /flow_btv3_resize256/sh/t1VSt3/L81_892815_780439.tif
train,/imgs/bj/t1/L81_00679_784175.jpg /imgs/bj/t2/L81_00679_784175.jpg /labels_unch0ch1ig255/bj/t1VSt2/L81_00679_784175.png /building_labels/bj/t1/L81_00679_784175.png /building_labels/bj/t2/L81_00679_784175.png /offset_st_resize256/bj/t1/L81_00679_784175.tif /offset_st_resize256/bj/t2/L81_00679_784175.tif /flow_btv3_resize256/bj/t1VSt2/L81_00679_784175.tif
train,/imgs/sh/t1/L81_892823_780431.jpg /imgs/sh/t2/L81_892823_780431.jpg /labels_unch0ch1ig255/sh/t1VSt2/L81_892823_780431.png /building_labels/sh/t1/L81_892823_780431.png /building_labels/sh/t2/L81_892823_780431.png /offset_st_resize256/sh/t1/L81_892823_780431.tif /offset_st_resize256/sh/t2/L81_892823_780431.tif /flow_btv3_resize256/sh/t1VSt2/L81_892823_780431.tif
train,/imgs/bj/t1/L81_00647_784319.jpg /imgs/bj/t3/L81_00647_784319.jpg /labels_unch0ch1ig255/bj/t1VSt3/L81_00647_784319.png /building_labels/bj/t1/L81_00647_784319.png /building_labels/bj/t3/L81_00647_784319.png /offset_st_resize256/bj/t1/L81_00647_784319.tif /offset_st_resize256/bj/t3/L81_00647_784319.tif /flow_btv3_resize256/bj/t1VSt3/L81_00647_784319.tif
test,/imgs/sh/t2/L81_892879_780455.jpg /imgs/sh/t3/L81_892879_780455.jpg /labels_unch0ch1ig255/sh/t2VSt3/L81_892879_780455.png /building_labels/sh/t2/L81_892879_780455.png /building_labels/sh/t3/L81_892879_780455.png
val,/imgs/sh/t1/L81_892919_780503.jpg /imgs/sh/t2/L81_892919_780503.jpg /labels/sh/t1VSt2/L81_892919_780503.png /building_labels/sh/t1/L81_892919_780503.png /building_labels/sh/t2/L81_892919_780503.png /offset_st_resize256/sh/t1/L81_892919_780503.tif /offset_st_resize256/sh/t2/L81_892919_780503.tif /flow_btv3_resize256/sh/t1VSt2/L81_892919_780503.tif
train,/imgs/bj/t1/L81_00863_783983.jpg /imgs/bj/t2/L81_00863_783983.jpg /labels_unch0ch1ig255/bj/t1VSt2/L81_00863_783983.png /building_labels/bj/t1/L81_00863_783983.png /building_labels/bj/t2/L81_00863_783983.png /offset_st_resize256/bj/t1/L81_00863_783983.tif /offset_st_resize256/bj/t2/L81_00863_783983.tif /flow_btv3_resize256/bj/t1VSt2/L81_00863_783983.tif
test,/imgs/bj/t1/L81_00871_784199.jpg /imgs/bj/t3/L81_00871_784199.jpg /labels_unch0ch1ig255/bj/t1VSt3/L81_00871_784199.png /building_labels/bj/t1/L81_00871_784199.png /building_labels/bj/t3/L81_00871_784199.png
train,/imgs/bj/t2/L81_00967_784311.jpg /imgs/bj/t3/L81_00967_784311.jpg /labels_unch0ch1ig255/bj/t2VSt3/L81_00967_784311.png /building_labels/bj/t2/L81_00967_784311.png /building_labels/bj/t3/L81_00967_784311.png /offset_st_resize256/bj/t2/L81_00967_784311.tif /offset_st_resize256/bj/t3/L81_00967_784311.tif /flow_btv3_resize256/bj/t2VSt3/L81_00967_784311.tif
train,/imgs/bj/t2/L81_00903_784263.jpg /imgs/bj/t3/L81_00903_784263.jpg /labels_unch0ch1ig255/bj/t2VSt3/L81_00903_784263.png /building_labels/bj/t2/L81_00903_784263.png /building_labels/bj/t3/L81_00903_784263.png /offset_st_resize256/bj/t2/L81_00903_784263.tif /offset_st_resize256/bj/t3/L81_00903_784263.tif /flow_btv3_resize256/bj/t2VSt3/L81_00903_784263.tif
train,/imgs/bj/t1/L81_00855_784063.jpg /imgs/bj/t3/L81_00855_784063.jpg /labels_unch0ch1ig255/bj/t1VSt3/L81_00855_784063.png /building_labels/bj/t1/L81_00855_784063.png /building_labels/bj/t3/L81_00855_784063.png /offset_st_resize256/bj/t1/L81_00855_784063.tif /offset_st_resize256/bj/t3/L81_00855_784063.tif /flow_btv3_resize256/bj/t1VSt3/L81_00855_784063.tif
train,/imgs/bj/t2/L81_00823_784063.jpg /imgs/bj/t3/L81_00823_784063.jpg /labels_unch0ch1ig255/bj/t2VSt3/L81_00823_784063.png /building_labels/bj/t2/L81_00823_784063.png /building_labels/bj/t3/L81_00823_784063.png /offset_st_resize256/bj/t2/L81_00823_784063.tif /offset_st_resize256/bj/t3/L81_00823_784063.tif /flow_btv3_resize256/bj/t2VSt3/L81_00823_784063.tif
test,/imgs/bj/t1/L81_00639_784111.jpg /imgs/bj/t2/L81_00639_784111.jpg /labels_unch0ch1ig255/bj/t1VSt2/L81_00639_784111.png /building_labels/bj/t1/L81_00639_784111.png /building_labels/bj/t2/L81_00639_784111.png
train,/imgs/bj/t1/L81_00839_783927.jpg /imgs/bj/t3/L81_00839_783927.jpg /labels_unch0ch1ig255/bj/t1VSt3/L81_00839_783927.png /building_labels/bj/t1/L81_00839_783927.png /building_labels/bj/t3/L81_00839_783927.png /offset_st_resize256/bj/t1/L81_00839_783927.tif /offset_st_resize256/bj/t3/L81_00839_783927.tif /flow_btv3_resize256/bj/t1VSt3/L81_00839_783927.tif
train,/imgs/bj/t1/L81_00711_784167.jpg /imgs/bj/t3/L81_00711_784167.jpg /labels_unch0ch1ig255/bj/t1VSt3/L81_00711_784167.png /building_labels/bj/t1/L81_00711_784167.png /building_labels/bj/t3/L81_00711_784167.png /offset_st_resize256/bj/t1/L81_00711_784167.tif /offset_st_resize256/bj/t3/L81_00711_784167.tif /flow_btv3_resize256/bj/t1VSt3/L81_00711_784167.tif
train,/imgs/bj/t2/L81_00871_783983.jpg /imgs/bj/t3/L81_00871_783983.jpg /labels_unch0ch1ig255/bj/t2VSt3/L81_00871_783983.png /building_labels/bj/t2/L81_00871_783983.png /building_labels/bj/t3/L81_00871_783983.png /offset_st_resize256/bj/t2/L81_00871_783983.tif /offset_st_resize256/bj/t3/L81_00871_783983.tif /flow_btv3_resize256/bj/t2VSt3/L81_00871_783983.tif
test,/imgs/bj/t1/L81_00679_784199.jpg /imgs/bj/t2/L81_00679_784199.jpg /labels_unch0ch1ig255/bj/t1VSt2/L81_00679_784199.png /building_labels/bj/t1/L81_00679_784199.png /building_labels/bj/t2/L81_00679_784199.png
train,/imgs/sh/t2/L81_892927_780487.jpg /imgs/sh/t3/L81_892927_780487.jpg /labels_unch0ch1ig255/sh/t2VSt3/L81_892927_780487.png /building_labels/sh/t2/L81_892927_780487.png /building_labels/sh/t3/L81_892927_780487.png /offset_st_resize256/sh/t2/L81_892927_780487.tif /offset_st_resize256/sh/t3/L81_892927_780487.tif /flow_btv3_resize256/sh/t2VSt3/L81_892927_780487.tif
train,/imgs/sh/t1/L81_892927_780431.jpg /imgs/sh/t2/L81_892927_780431.jpg /labels_unch0ch1ig255/sh/t1VSt2/L81_892927_780431.png /building_labels/sh/t1/L81_892927_780431.png /building_labels/sh/t2/L81_892927_780431.png /offset_st_resize256/sh/t1/L81_892927_780431.tif /offset_st_resize256/sh/t2/L81_892927_780431.tif /flow_btv3_resize256/sh/t1VSt2/L81_892927_780431.tif
train,/imgs/sh/t1/L81_892823_780439.jpg /imgs/sh/t3/L81_892823_780439.jpg /labels_unch0ch1ig255/sh/t1VSt3/L81_892823_780439.png /building_labels/sh/t1/L81_892823_780439.png /building_labels/sh/t3/L81_892823_780439.png /offset_st_resize256/sh/t1/L81_892823_780439.tif /offset_st_resize256/sh/t3/L81_892823_780439.tif /flow_btv3_resize256/sh/t1VSt3/L81_892823_780439.tif
train,/imgs/bj/t1/L81_00655_784271.jpg /imgs/bj/t2/L81_00655_784271.jpg /labels_unch0ch1ig255/bj/t1VSt2/L81_00655_784271.png /building_labels/bj/t1/L81_00655_784271.png /building_labels/bj/t2/L81_00655_784271.png /offset_st_resize256/bj/t1/L81_00655_784271.tif /offset_st_resize256/bj/t2/L81_00655_784271.tif /flow_btv3_resize256/bj/t1VSt2/L81_00655_784271.tif
train,/imgs/bj/t1/L81_00855_784071.jpg /imgs/bj/t3/L81_00855_784071.jpg /labels_unch0ch1ig255/bj/t1VSt3/L81_00855_784071.png /building_labels/bj/t1/L81_00855_784071.png /building_labels/bj/t3/L81_00855_784071.png /offset_st_resize256/bj/t1/L81_00855_784071.tif /offset_st_resize256/bj/t3/L81_00855_784071.tif /flow_btv3_resize256/bj/t1VSt3/L81_00855_784071.tif
train,/imgs/sh/t2/L81_892815_780447.jpg /imgs/sh/t3/L81_892815_780447.jpg /labels_unch0ch1ig255/sh/t2VSt3/L81_892815_780447.png /building_labels/sh/t2/L81_892815_780447.png /building_labels/sh/t3/L81_892815_780447.png /offset_st_resize256/sh/t2/L81_892815_780447.tif /offset_st_resize256/sh/t3/L81_892815_780447.tif /flow_btv3_resize256/sh/t2VSt3/L81_892815_780447.tif
train,/imgs/sh/t1/L81_892839_780471.jpg /imgs/sh/t2/L81_892839_780471.jpg /labels_unch0ch1ig255/sh/t1VSt2/L81_892839_780471.png /building_labels/sh/t1/L81_892839_780471.png /building_labels/sh/t2/L81_892839_780471.png /offset_st_resize256/sh/t1/L81_892839_780471.tif /offset_st_resize256/sh/t2/L81_892839_780471.tif /flow_btv3_resize256/sh/t1VSt2/L81_892839_780471.tif
train,/imgs/sh/t2/L81_892863_780487.jpg /imgs/sh/t3/L81_892863_780487.jpg /labels_unch0ch1ig255/sh/t2VSt3/L81_892863_780487.png /building_labels/sh/t2/L81_892863_780487.png /building_labels/sh/t3/L81_892863_780487.png /offset_st_resize256/sh/t2/L81_892863_780487.tif /offset_st_resize256/sh/t3/L81_892863_780487.tif /flow_btv3_resize256/sh/t2VSt3/L81_892863_780487.tif
train,/imgs/bj/t1/L81_00815_784335.jpg /imgs/bj/t2/L81_00815_784335.jpg /labels_unch0ch1ig255/bj/t1VSt2/L81_00815_784335.png /building_labels/bj/t1/L81_00815_784335.png /building_labels/bj/t2/L81_00815_784335.png /offset_st_resize256/bj/t1/L81_00815_784335.tif /offset_st_resize256/bj/t2/L81_00815_784335.tif /flow_btv3_resize256/bj/t1VSt2/L81_00815_784335.tif
test,/imgs/sh/t1/L81_892791_780471.jpg /imgs/sh/t2/L81_892791_780471.jpg /labels_unch0ch1ig255/sh/t1VSt2/L81_892791_780471.png /building_labels/sh/t1/L81_892791_780471.png /building_labels/sh/t2/L81_892791_780471.png
train,/imgs/bj/t1/L81_00647_784159.jpg /imgs/bj/t3/L81_00647_784159.jpg /labels_unch0ch1ig255/bj/t1VSt3/L81_00647_784159.png /building_labels/bj/t1/L81_00647_784159.png /building_labels/bj/t3/L81_00647_784159.png /offset_st_resize256/bj/t1/L81_00647_784159.tif /offset_st_resize256/bj/t3/L81_00647_784159.tif /flow_btv3_resize256/bj/t1VSt3/L81_00647_784159.tif
train,/imgs/bj/t1/L81_00839_784103.jpg /imgs/bj/t3/L81_00839_784103.jpg /labels_unch0ch1ig255/bj/t1VSt3/L81_00839_784103.png /building_labels/bj/t1/L81_00839_784103.png /building_labels/bj/t3/L81_00839_784103.png /offset_st_resize256/bj/t1/L81_00839_784103.tif /offset_st_resize256/bj/t3/L81_00839_784103.tif /flow_btv3_resize256/bj/t1VSt3/L81_00839_784103.tif
val,/imgs/sh/t1/L81_892887_780471.jpg /imgs/sh/t2/L81_892887_780471.jpg /labels/sh/t1VSt2/L81_892887_780471.png /building_labels/sh/t1/L81_892887_780471.png /building_labels/sh/t2/L81_892887_780471.png /offset_st_resize256/sh/t1/L81_892887_780471.tif /offset_st_resize256/sh/t2/L81_892887_780471.tif /flow_btv3_resize256/sh/t1VSt2/L81_892887_780471.tif
val,/imgs/bj/t1/L81_00679_784071.jpg /imgs/bj/t2/L81_00679_784071.jpg /labels/bj/t1VSt2/L81_00679_784071.png /building_labels/bj/t1/L81_00679_784071.png /building_labels/bj/t2/L81_00679_784071.png /offset_st_resize256/bj/t1/L81_00679_784071.tif /offset_st_resize256/bj/t2/L81_00679_784071.tif /flow_btv3_resize256/bj/t1VSt2/L81_00679_784071.tif
train,/imgs/bj/t1/L81_00967_784295.jpg /imgs/bj/t3/L81_00967_784295.jpg /labels_unch0ch1ig255/bj/t1VSt3/L81_00967_784295.png /building_labels/bj/t1/L81_00967_784295.png /building_labels/bj/t3/L81_00967_784295.png /offset_st_resize256/bj/t1/L81_00967_784295.tif /offset_st_resize256/bj/t3/L81_00967_784295.tif /flow_btv3_resize256/bj/t1VSt3/L81_00967_784295.tif
train,/imgs/sh/t2/L81_892783_780495.jpg /imgs/sh/t3/L81_892783_780495.jpg /labels_unch0ch1ig255/sh/t2VSt3/L81_892783_780495.png /building_labels/sh/t2/L81_892783_780495.png /building_labels/sh/t3/L81_892783_780495.png /offset_st_resize256/sh/t2/L81_892783_780495.tif /offset_st_resize256/sh/t3/L81_892783_780495.tif /flow_btv3_resize256/sh/t2VSt3/L81_892783_780495.tif
train,/imgs/bj/t2/L81_00823_784023.jpg /imgs/bj/t3/L81_00823_784023.jpg /labels_unch0ch1ig255/bj/t2VSt3/L81_00823_784023.png /building_labels/bj/t2/L81_00823_784023.png /building_labels/bj/t3/L81_00823_784023.png /offset_st_resize256/bj/t2/L81_00823_784023.tif /offset_st_resize256/bj/t3/L81_00823_784023.tif /flow_btv3_resize256/bj/t2VSt3/L81_00823_784023.tif
train,/imgs/bj/t2/L81_00655_784127.jpg /imgs/bj/t3/L81_00655_784127.jpg /labels_unch0ch1ig255/bj/t2VSt3/L81_00655_784127.png /building_labels/bj/t2/L81_00655_784127.png /building_labels/bj/t3/L81_00655_784127.png /offset_st_resize256/bj/t2/L81_00655_784127.tif /offset_st_resize256/bj/t3/L81_00655_784127.tif /flow_btv3_resize256/bj/t2VSt3/L81_00655_784127.tif
train,/imgs/bj/t1/L81_00687_784087.jpg /imgs/bj/t3/L81_00687_784087.jpg /labels_unch0ch1ig255/bj/t1VSt3/L81_00687_784087.png /building_labels/bj/t1/L81_00687_784087.png /building_labels/bj/t3/L81_00687_784087.png /offset_st_resize256/bj/t1/L81_00687_784087.tif /offset_st_resize256/bj/t3/L81_00687_784087.tif /flow_btv3_resize256/bj/t1VSt3/L81_00687_784087.tif
train,/imgs/bj/t2/L81_00679_784135.jpg /imgs/bj/t3/L81_00679_784135.jpg /labels_unch0ch1ig255/bj/t2VSt3/L81_00679_784135.png /building_labels/bj/t2/L81_00679_784135.png /building_labels/bj/t3/L81_00679_784135.png /offset_st_resize256/bj/t2/L81_00679_784135.tif /offset_st_resize256/bj/t3/L81_00679_784135.tif /flow_btv3_resize256/bj/t2VSt3/L81_00679_784135.tif
train,/imgs/bj/t1/L81_00951_784287.jpg /imgs/bj/t2/L81_00951_784287.jpg /labels_unch0ch1ig255/bj/t1VSt2/L81_00951_784287.png /building_labels/bj/t1/L81_00951_784287.png /building_labels/bj/t2/L81_00951_784287.png /offset_st_resize256/bj/t1/L81_00951_784287.tif /offset_st_resize256/bj/t2/L81_00951_784287.tif /flow_btv3_resize256/bj/t1VSt2/L81_00951_784287.tif
val,/imgs/sh/t1/L81_892791_780519.jpg /imgs/sh/t3/L81_892791_780519.jpg /labels/sh/t1VSt3/L81_892791_780519.png /building_labels/sh/t1/L81_892791_780519.png /building_labels/sh/t3/L81_892791_780519.png /offset_st_resize256/sh/t1/L81_892791_780519.tif /offset_st_resize256/sh/t3/L81_892791_780519.tif /flow_btv3_resize256/sh/t1VSt3/L81_892791_780519.tif
train,/imgs/sh/t1/L81_892863_780503.jpg /imgs/sh/t3/L81_892863_780503.jpg /labels_unch0ch1ig255/sh/t1VSt3/L81_892863_780503.png /building_labels/sh/t1/L81_892863_780503.png /building_labels/sh/t3/L81_892863_780503.png /offset_st_resize256/sh/t1/L81_892863_780503.tif /offset_st_resize256/sh/t3/L81_892863_780503.tif /flow_btv3_resize256/sh/t1VSt3/L81_892863_780503.tif
train,/imgs/sh/t2/L81_892831_780503.jpg /imgs/sh/t3/L81_892831_780503.jpg /labels_unch0ch1ig255/sh/t2VSt3/L81_892831_780503.png /building_labels/sh/t2/L81_892831_780503.png /building_labels/sh/t3/L81_892831_780503.png /offset_st_resize256/sh/t2/L81_892831_780503.tif /offset_st_resize256/sh/t3/L81_892831_780503.tif /flow_btv3_resize256/sh/t2VSt3/L81_892831_780503.tif
train,/imgs/bj/t1/L81_00687_783975.jpg /imgs/bj/t3/L81_00687_783975.jpg /labels_unch0ch1ig255/bj/t1VSt3/L81_00687_783975.png /building_labels/bj/t1/L81_00687_783975.png /building_labels/bj/t3/L81_00687_783975.png /offset_st_resize256/bj/t1/L81_00687_783975.tif /offset_st_resize256/bj/t3/L81_00687_783975.tif /flow_btv3_resize256/bj/t1VSt3/L81_00687_783975.tif
train,/imgs/bj/t1/L81_00927_783991.jpg /imgs/bj/t2/L81_00927_783991.jpg /labels_unch0ch1ig255/bj/t1VSt2/L81_00927_783991.png /building_labels/bj/t1/L81_00927_783991.png /building_labels/bj/t2/L81_00927_783991.png /offset_st_resize256/bj/t1/L81_00927_783991.tif /offset_st_resize256/bj/t2/L81_00927_783991.tif /flow_btv3_resize256/bj/t1VSt2/L81_00927_783991.tif
train,/imgs/bj/t1/L81_00679_784079.jpg /imgs/bj/t3/L81_00679_784079.jpg /labels_unch0ch1ig255/bj/t1VSt3/L81_00679_784079.png /building_labels/bj/t1/L81_00679_784079.png /building_labels/bj/t3/L81_00679_784079.png /offset_st_resize256/bj/t1/L81_00679_784079.tif /offset_st_resize256/bj/t3/L81_00679_784079.tif /flow_btv3_resize256/bj/t1VSt3/L81_00679_784079.tif
test,/imgs/bj/t1/L81_00711_784151.jpg /imgs/bj/t2/L81_00711_784151.jpg /labels_unch0ch1ig255/bj/t1VSt2/L81_00711_784151.png /building_labels/bj/t1/L81_00711_784151.png /building_labels/bj/t2/L81_00711_784151.png
train,/imgs/bj/t2/L81_00895_784271.jpg /imgs/bj/t3/L81_00895_784271.jpg /labels_unch0ch1ig255/bj/t2VSt3/L81_00895_784271.png /building_labels/bj/t2/L81_00895_784271.png /building_labels/bj/t3/L81_00895_784271.png /offset_st_resize256/bj/t2/L81_00895_784271.tif /offset_st_resize256/bj/t3/L81_00895_784271.tif /flow_btv3_resize256/bj/t2VSt3/L81_00895_784271.tif
train,/imgs/sh/t1/L81_892783_780511.jpg /imgs/sh/t3/L81_892783_780511.jpg /labels_unch0ch1ig255/sh/t1VSt3/L81_892783_780511.png /building_labels/sh/t1/L81_892783_780511.png /building_labels/sh/t3/L81_892783_780511.png /offset_st_resize256/sh/t1/L81_892783_780511.tif /offset_st_resize256/sh/t3/L81_892783_780511.tif /flow_btv3_resize256/sh/t1VSt3/L81_892783_780511.tif
train,/imgs/bj/t2/L81_00855_784247.jpg /imgs/bj/t3/L81_00855_784247.jpg /labels_unch0ch1ig255/bj/t2VSt3/L81_00855_784247.png /building_labels/bj/t2/L81_00855_784247.png /building_labels/bj/t3/L81_00855_784247.png /offset_st_resize256/bj/t2/L81_00855_784247.tif /offset_st_resize256/bj/t3/L81_00855_784247.tif /flow_btv3_resize256/bj/t2VSt3/L81_00855_784247.tif
train,/imgs/bj/t1/L81_00863_784175.jpg /imgs/bj/t2/L81_00863_784175.jpg /labels_unch0ch1ig255/bj/t1VSt2/L81_00863_784175.png /building_labels/bj/t1/L81_00863_784175.png /building_labels/bj/t2/L81_00863_784175.png /offset_st_resize256/bj/t1/L81_00863_784175.tif /offset_st_resize256/bj/t2/L81_00863_784175.tif /flow_btv3_resize256/bj/t1VSt2/L81_00863_784175.tif
train,/imgs/bj/t1/L81_00823_784039.jpg /imgs/bj/t3/L81_00823_784039.jpg /labels_unch0ch1ig255/bj/t1VSt3/L81_00823_784039.png /building_labels/bj/t1/L81_00823_784039.png /building_labels/bj/t3/L81_00823_784039.png /offset_st_resize256/bj/t1/L81_00823_784039.tif /offset_st_resize256/bj/t3/L81_00823_784039.tif /flow_btv3_resize256/bj/t1VSt3/L81_00823_784039.tif
train,/imgs/bj/t1/L81_00639_784247.jpg /imgs/bj/t3/L81_00639_784247.jpg /labels_unch0ch1ig255/bj/t1VSt3/L81_00639_784247.png /building_labels/bj/t1/L81_00639_784247.png /building_labels/bj/t3/L81_00639_784247.png /offset_st_resize256/bj/t1/L81_00639_784247.tif /offset_st_resize256/bj/t3/L81_00639_784247.tif /flow_btv3_resize256/bj/t1VSt3/L81_00639_784247.tif
train,/imgs/bj/t1/L81_00639_784311.jpg /imgs/bj/t3/L81_00639_784311.jpg /labels_unch0ch1ig255/bj/t1VSt3/L81_00639_784311.png /building_labels/bj/t1/L81_00639_784311.png /building_labels/bj/t3/L81_00639_784311.png /offset_st_resize256/bj/t1/L81_00639_784311.tif /offset_st_resize256/bj/t3/L81_00639_784311.tif /flow_btv3_resize256/bj/t1VSt3/L81_00639_784311.tif
train,/imgs/bj/t2/L81_00671_784287.jpg /imgs/bj/t3/L81_00671_784287.jpg /labels_unch0ch1ig255/bj/t2VSt3/L81_00671_784287.png /building_labels/bj/t2/L81_00671_784287.png /building_labels/bj/t3/L81_00671_784287.png /offset_st_resize256/bj/t2/L81_00671_784287.tif /offset_st_resize256/bj/t3/L81_00671_784287.tif /flow_btv3_resize256/bj/t2VSt3/L81_00671_784287.tif
val,/imgs/bj/t1/L81_00679_784039.jpg /imgs/bj/t2/L81_00679_784039.jpg /labels/bj/t1VSt2/L81_00679_784039.png /building_labels/bj/t1/L81_00679_784039.png /building_labels/bj/t2/L81_00679_784039.png /offset_st_resize256/bj/t1/L81_00679_784039.tif /offset_st_resize256/bj/t2/L81_00679_784039.tif /flow_btv3_resize256/bj/t1VSt2/L81_00679_784039.tif
train,/imgs/bj/t1/L81_00679_784047.jpg /imgs/bj/t2/L81_00679_784047.jpg /labels_unch0ch1ig255/bj/t1VSt2/L81_00679_784047.png /building_labels/bj/t1/L81_00679_784047.png /building_labels/bj/t2/L81_00679_784047.png /offset_st_resize256/bj/t1/L81_00679_784047.tif /offset_st_resize256/bj/t2/L81_00679_784047.tif /flow_btv3_resize256/bj/t1VSt2/L81_00679_784047.tif
train,/imgs/bj/t2/L81_00639_784271.jpg /imgs/bj/t3/L81_00639_784271.jpg /labels_unch0ch1ig255/bj/t2VSt3/L81_00639_784271.png /building_labels/bj/t2/L81_00639_784271.png /building_labels/bj/t3/L81_00639_784271.png /offset_st_resize256/bj/t2/L81_00639_784271.tif /offset_st_resize256/bj/t3/L81_00639_784271.tif /flow_btv3_resize256/bj/t2VSt3/L81_00639_784271.tif
train,/imgs/bj/t2/L81_00967_784303.jpg /imgs/bj/t3/L81_00967_784303.jpg /labels_unch0ch1ig255/bj/t2VSt3/L81_00967_784303.png /building_labels/bj/t2/L81_00967_784303.png /building_labels/bj/t3/L81_00967_784303.png /offset_st_resize256/bj/t2/L81_00967_784303.tif /offset_st_resize256/bj/t3/L81_00967_784303.tif /flow_btv3_resize256/bj/t2VSt3/L81_00967_784303.tif
train,/imgs/sh/t2/L81_892847_780431.jpg /imgs/sh/t3/L81_892847_780431.jpg /labels_unch0ch1ig255/sh/t2VSt3/L81_892847_780431.png /building_labels/sh/t2/L81_892847_780431.png /building_labels/sh/t3/L81_892847_780431.png /offset_st_resize256/sh/t2/L81_892847_780431.tif /offset_st_resize256/sh/t3/L81_892847_780431.tif /flow_btv3_resize256/sh/t2VSt3/L81_892847_780431.tif
train,/imgs/bj/t2/L81_00863_784135.jpg /imgs/bj/t3/L81_00863_784135.jpg /labels_unch0ch1ig255/bj/t2VSt3/L81_00863_784135.png /building_labels/bj/t2/L81_00863_784135.png /building_labels/bj/t3/L81_00863_784135.png /offset_st_resize256/bj/t2/L81_00863_784135.tif /offset_st_resize256/bj/t3/L81_00863_784135.tif /flow_btv3_resize256/bj/t2VSt3/L81_00863_784135.tif
train,/imgs/sh/t2/L81_892791_780487.jpg /imgs/sh/t3/L81_892791_780487.jpg /labels_unch0ch1ig255/sh/t2VSt3/L81_892791_780487.png /building_labels/sh/t2/L81_892791_780487.png /building_labels/sh/t3/L81_892791_780487.png /offset_st_resize256/sh/t2/L81_892791_780487.tif /offset_st_resize256/sh/t3/L81_892791_780487.tif /flow_btv3_resize256/sh/t2VSt3/L81_892791_780487.tif
val,/imgs/bj/t1/L81_00679_783999.jpg /imgs/bj/t3/L81_00679_783999.jpg /labels/bj/t1VSt3/L81_00679_783999.png /building_labels/bj/t1/L81_00679_783999.png /building_labels/bj/t3/L81_00679_783999.png /offset_st_resize256/bj/t1/L81_00679_783999.tif /offset_st_resize256/bj/t3/L81_00679_783999.tif /flow_btv3_resize256/bj/t1VSt3/L81_00679_783999.tif
train,/imgs/sh/t2/L81_892855_780471.jpg /imgs/sh/t3/L81_892855_780471.jpg /labels_unch0ch1ig255/sh/t2VSt3/L81_892855_780471.png /building_labels/sh/t2/L81_892855_780471.png /building_labels/sh/t3/L81_892855_780471.png /offset_st_resize256/sh/t2/L81_892855_780471.tif /offset_st_resize256/sh/t3/L81_892855_780471.tif /flow_btv3_resize256/sh/t2VSt3/L81_892855_780471.tif
train,/imgs/sh/t1/L81_892839_780463.jpg /imgs/sh/t2/L81_892839_780463.jpg /labels_unch0ch1ig255/sh/t1VSt2/L81_892839_780463.png /building_labels/sh/t1/L81_892839_780463.png /building_labels/sh/t2/L81_892839_780463.png /offset_st_resize256/sh/t1/L81_892839_780463.tif /offset_st_resize256/sh/t2/L81_892839_780463.tif /flow_btv3_resize256/sh/t1VSt2/L81_892839_780463.tif
train,/imgs/sh/t1/L81_892871_780511.jpg /imgs/sh/t2/L81_892871_780511.jpg /labels_unch0ch1ig255/sh/t1VSt2/L81_892871_780511.png /building_labels/sh/t1/L81_892871_780511.png /building_labels/sh/t2/L81_892871_780511.png /offset_st_resize256/sh/t1/L81_892871_780511.tif /offset_st_resize256/sh/t2/L81_892871_780511.tif /flow_btv3_resize256/sh/t1VSt2/L81_892871_780511.tif
train,/imgs/bj/t2/L81_00711_784095.jpg /imgs/bj/t3/L81_00711_784095.jpg /labels_unch0ch1ig255/bj/t2VSt3/L81_00711_784095.png /building_labels/bj/t2/L81_00711_784095.png /building_labels/bj/t3/L81_00711_784095.png /offset_st_resize256/bj/t2/L81_00711_784095.tif /offset_st_resize256/bj/t3/L81_00711_784095.tif /flow_btv3_resize256/bj/t2VSt3/L81_00711_784095.tif
train,/imgs/bj/t1/L81_00679_784127.jpg /imgs/bj/t2/L81_00679_784127.jpg /labels_unch0ch1ig255/bj/t1VSt2/L81_00679_784127.png /building_labels/bj/t1/L81_00679_784127.png /building_labels/bj/t2/L81_00679_784127.png /offset_st_resize256/bj/t1/L81_00679_784127.tif /offset_st_resize256/bj/t2/L81_00679_784127.tif /flow_btv3_resize256/bj/t1VSt2/L81_00679_784127.tif
train,/imgs/bj/t1/L81_00679_784183.jpg /imgs/bj/t3/L81_00679_784183.jpg /labels_unch0ch1ig255/bj/t1VSt3/L81_00679_784183.png /building_labels/bj/t1/L81_00679_784183.png /building_labels/bj/t3/L81_00679_784183.png /offset_st_resize256/bj/t1/L81_00679_784183.tif /offset_st_resize256/bj/t3/L81_00679_784183.tif /flow_btv3_resize256/bj/t1VSt3/L81_00679_784183.tif
train,/imgs/bj/t1/L81_00895_784271.jpg /imgs/bj/t2/L81_00895_784271.jpg /labels_unch0ch1ig255/bj/t1VSt2/L81_00895_784271.png /building_labels/bj/t1/L81_00895_784271.png /building_labels/bj/t2/L81_00895_784271.png /offset_st_resize256/bj/t1/L81_00895_784271.tif /offset_st_resize256/bj/t2/L81_00895_784271.tif /flow_btv3_resize256/bj/t1VSt2/L81_00895_784271.tif
val,/imgs/sh/t1/L81_892911_780503.jpg /imgs/sh/t2/L81_892911_780503.jpg /labels/sh/t1VSt2/L81_892911_780503.png /building_labels/sh/t1/L81_892911_780503.png /building_labels/sh/t2/L81_892911_780503.png /offset_st_resize256/sh/t1/L81_892911_780503.tif /offset_st_resize256/sh/t2/L81_892911_780503.tif /flow_btv3_resize256/sh/t1VSt2/L81_892911_780503.tif
train,/imgs/sh/t1/L81_892879_780423.jpg /imgs/sh/t2/L81_892879_780423.jpg /labels_unch0ch1ig255/sh/t1VSt2/L81_892879_780423.png /building_labels/sh/t1/L81_892879_780423.png /building_labels/sh/t2/L81_892879_780423.png /offset_st_resize256/sh/t1/L81_892879_780423.tif /offset_st_resize256/sh/t2/L81_892879_780423.tif /flow_btv3_resize256/sh/t1VSt2/L81_892879_780423.tif
test,/imgs/bj/t1/L81_00839_784055.jpg /imgs/bj/t3/L81_00839_784055.jpg /labels_unch0ch1ig255/bj/t1VSt3/L81_00839_784055.png /building_labels/bj/t1/L81_00839_784055.png /building_labels/bj/t3/L81_00839_784055.png
train,/imgs/bj/t2/L81_00823_784239.jpg /imgs/bj/t3/L81_00823_784239.jpg /labels_unch0ch1ig255/bj/t2VSt3/L81_00823_784239.png /building_labels/bj/t2/L81_00823_784239.png /building_labels/bj/t3/L81_00823_784239.png /offset_st_resize256/bj/t2/L81_00823_784239.tif /offset_st_resize256/bj/t3/L81_00823_784239.tif /flow_btv3_resize256/bj/t2VSt3/L81_00823_784239.tif
train,/imgs/sh/t2/L81_892839_780503.jpg /imgs/sh/t3/L81_892839_780503.jpg /labels_unch0ch1ig255/sh/t2VSt3/L81_892839_780503.png /building_labels/sh/t2/L81_892839_780503.png /building_labels/sh/t3/L81_892839_780503.png /offset_st_resize256/sh/t2/L81_892839_780503.tif /offset_st_resize256/sh/t3/L81_892839_780503.tif /flow_btv3_resize256/sh/t2VSt3/L81_892839_780503.tif
train,/imgs/bj/t2/L81_00655_784303.jpg /imgs/bj/t3/L81_00655_784303.jpg /labels_unch0ch1ig255/bj/t2VSt3/L81_00655_784303.png /building_labels/bj/t2/L81_00655_784303.png /building_labels/bj/t3/L81_00655_784303.png /offset_st_resize256/bj/t2/L81_00655_784303.tif /offset_st_resize256/bj/t3/L81_00655_784303.tif /flow_btv3_resize256/bj/t2VSt3/L81_00655_784303.tif
train,/imgs/bj/t2/L81_00671_783967.jpg /imgs/bj/t3/L81_00671_783967.jpg /labels_unch0ch1ig255/bj/t2VSt3/L81_00671_783967.png /building_labels/bj/t2/L81_00671_783967.png /building_labels/bj/t3/L81_00671_783967.png /offset_st_resize256/bj/t2/L81_00671_783967.tif /offset_st_resize256/bj/t3/L81_00671_783967.tif /flow_btv3_resize256/bj/t2VSt3/L81_00671_783967.tif
train,/imgs/bj/t2/L81_00711_784079.jpg /imgs/bj/t3/L81_00711_784079.jpg /labels_unch0ch1ig255/bj/t2VSt3/L81_00711_784079.png /building_labels/bj/t2/L81_00711_784079.png /building_labels/bj/t3/L81_00711_784079.png /offset_st_resize256/bj/t2/L81_00711_784079.tif /offset_st_resize256/bj/t3/L81_00711_784079.tif /flow_btv3_resize256/bj/t2VSt3/L81_00711_784079.tif
train,/imgs/bj/t2/L81_00839_783927.jpg /imgs/bj/t3/L81_00839_783927.jpg /labels_unch0ch1ig255/bj/t2VSt3/L81_00839_783927.png /building_labels/bj/t2/L81_00839_783927.png /building_labels/bj/t3/L81_00839_783927.png /offset_st_resize256/bj/t2/L81_00839_783927.tif /offset_st_resize256/bj/t3/L81_00839_783927.tif /flow_btv3_resize256/bj/t2VSt3/L81_00839_783927.tif
train,/imgs/bj/t1/L81_00863_783999.jpg /imgs/bj/t2/L81_00863_783999.jpg /labels_unch0ch1ig255/bj/t1VSt2/L81_00863_783999.png /building_labels/bj/t1/L81_00863_783999.png /building_labels/bj/t2/L81_00863_783999.png /offset_st_resize256/bj/t1/L81_00863_783999.tif /offset_st_resize256/bj/t2/L81_00863_783999.tif /flow_btv3_resize256/bj/t1VSt2/L81_00863_783999.tif
